split,phase,frame,atom_id,source_index
train,fcc,0,42635,3
train,fcc,0,89378,13
train,fcc,0,82663,15
train,fcc,0,96666,39
train,fcc,0,33107,65
train,fcc,0,17586,71
train,fcc,0,11988,74
train,fcc,0,107776,80
train,fcc,0,60169,95
train,fcc,0,105725,101
train,fcc,0,62669,115
train,fcc,0,62906,155
train,fcc,0,102840,242
train,fcc,0,30491,246
train,fcc,0,12547,266
train,fcc,1,14417,323
train,fcc,1,54908,345
train,fcc,1,55524,359
train,fcc,1,85645,390
train,fcc,1,64945,411
train,fcc,1,78905,423
train,fcc,1,24528,424
train,fcc,1,63100,458
train,fcc,1,82258,467
train,fcc,1,58576,530
train,fcc,1,93531,537
train,fcc,1,53835,548
train,fcc,1,68903,569
train,fcc,2,50253,605
train,fcc,2,74972,644
train,fcc,2,32852,651
train,fcc,2,52404,652
train,fcc,2,67063,662
train,fcc,2,41535,666
train,fcc,2,50853,684
train,fcc,2,8561,706
train,fcc,2,29070,735
train,fcc,2,47254,743
train,fcc,2,10291,801
train,fcc,2,74997,806
train,fcc,2,60803,822
train,fcc,2,93078,823
train,fcc,2,10060,848
train,fcc,2,19137,853
train,fcc,3,23264,916
train,fcc,3,21952,949
train,fcc,3,96521,955
train,fcc,3,66153,974
train,fcc,3,12989,978
train,fcc,3,67562,998
train,fcc,3,92292,1047
train,fcc,3,100776,1065
train,fcc,3,57113,1104
train,fcc,3,84177,1105
train,fcc,3,56910,1146
train,fcc,3,76833,1159
train,fcc,3,97125,1182
train,fcc,4,33569,1293
train,fcc,4,91217,1345
train,fcc,4,35806,1387
train,fcc,4,862,1408
train,fcc,4,91722,1438
train,fcc,4,63391,1446
train,fcc,4,17361,1449
train,fcc,4,73207,1468
train,fcc,6,34541,1862
train,fcc,6,75905,1887
train,fcc,6,16811,1947
train,fcc,6,26454,1948
train,fcc,6,60055,1949
train,fcc,6,102094,1957
train,fcc,6,84673,1981
train,fcc,6,5259,2007
train,fcc,6,19614,2008
train,fcc,6,96723,2050
train,fcc,6,13017,2077
train,fcc,7,24908,2102
train,fcc,7,16343,2113
train,fcc,7,11830,2136
train,fcc,7,7327,2146
train,fcc,7,6321,2224
train,fcc,7,72292,2250
train,fcc,7,21983,2267
train,fcc,7,60385,2292
train,fcc,7,86012,2315
train,fcc,7,68455,2330
train,fcc,7,35652,2344
train,fcc,7,64935,2361
train,fcc,7,53474,2372
train,fcc,9,34012,2711
train,fcc,9,74246,2724
train,fcc,9,11155,2727
train,fcc,9,84715,2769
train,fcc,9,49252,2786
train,fcc,9,97378,2801
train,fcc,9,4757,2861
train,fcc,9,22518,2878
train,fcc,9,28340,2900
train,fcc,9,73048,2905
train,fcc,9,63122,2995
train,fcc,11,34631,3316
train,fcc,11,9768,3320
train,fcc,11,99939,3347
train,fcc,11,96067,3363
train,fcc,11,32506,3365
train,fcc,11,79978,3368
train,fcc,11,43776,3375
train,fcc,11,27561,3406
train,fcc,11,14686,3420
train,fcc,11,36943,3457
train,fcc,11,46711,3459
train,fcc,11,31098,3475
train,fcc,11,42301,3507
train,fcc,11,18981,3511
train,fcc,11,86360,3517
train,fcc,11,95872,3518
train,fcc,11,5439,3547
train,fcc,11,79286,3557
train,fcc,11,69764,3572
train,fcc,11,45120,3587
train,fcc,13,44429,3905
train,fcc,13,85859,4029
train,fcc,13,81998,4031
train,fcc,13,52103,4034
train,fcc,13,30356,4055
train,fcc,13,105688,4068
train,fcc,13,68348,4110
train,fcc,13,65165,4154
train,fcc,15,32832,4510
train,fcc,15,92497,4533
train,fcc,15,68715,4541
train,fcc,15,19964,4579
train,fcc,15,72521,4602
train,fcc,15,26577,4606
train,fcc,15,65722,4635
train,fcc,15,22553,4643
train,fcc,15,77282,4666
train,fcc,15,101094,4675
train,fcc,15,53443,4701
train,fcc,15,71720,4733
train,fcc,16,61623,4817
train,fcc,16,13273,4820
train,fcc,16,86013,4832
train,fcc,16,35551,4855
train,fcc,16,58543,4883
train,fcc,16,55027,4906
train,fcc,16,60923,4918
train,fcc,16,78220,5041
train,fcc,16,103984,5055
train,fcc,17,44725,5101
train,fcc,17,59305,5103
train,fcc,17,91020,5104
train,fcc,17,2117,5108
train,fcc,17,97321,5128
train,fcc,17,91061,5149
train,fcc,17,105965,5168
train,fcc,17,7477,5177
train,fcc,17,19727,5186
train,fcc,17,78004,5189
train,fcc,17,104057,5215
train,fcc,17,45017,5217
train,fcc,17,31228,5224
train,fcc,17,84109,5241
train,fcc,17,43796,5272
train,fcc,17,105175,5298
train,fcc,17,89843,5312
train,fcc,17,4172,5321
train,fcc,17,58278,5359
train,fcc,17,56646,5378
train,fcc,17,53,5387
train,fcc,17,80883,5391
train,fcc,18,37693,5446
train,fcc,18,41768,5455
train,fcc,18,24561,5509
train,fcc,18,63079,5589
train,fcc,18,41215,5636
train,fcc,18,14410,5646
train,fcc,18,26042,5663
train,fcc,18,31582,5695
train,fcc,18,84470,5697
train,fcc,18,37173,5698
train,fcc,18,103476,5699
train,fcc,21,58454,6331
train,fcc,21,66443,6333
train,fcc,21,16435,6338
train,fcc,21,102769,6413
train,fcc,21,72140,6420
train,fcc,21,98606,6434
train,fcc,21,26011,6454
train,fcc,21,45793,6502
train,fcc,21,102634,6539
train,fcc,21,19708,6549
train,fcc,21,23712,6551
train,fcc,21,49202,6557
train,fcc,21,76716,6566
train,fcc,21,37607,6582
train,fcc,22,31316,6607
train,fcc,22,27371,6641
train,fcc,22,69461,6645
train,fcc,22,61513,6657
train,fcc,22,43671,6663
train,fcc,22,62129,6673
train,fcc,22,78851,6735
train,fcc,22,99580,6741
train,fcc,22,35830,6755
train,fcc,22,101510,6759
train,fcc,22,83325,6785
train,fcc,22,22609,6806
train,fcc,22,38736,6855
train,fcc,23,89441,6907
train,fcc,23,81717,6919
train,fcc,23,68818,6921
train,fcc,23,16979,6945
train,fcc,23,312,6981
train,fcc,23,47538,6990
train,fcc,23,69730,7007
train,fcc,23,72092,7063
train,fcc,23,106232,7087
train,fcc,23,98512,7090
train,fcc,23,61244,7093
train,fcc,23,70766,7097
train,fcc,23,60452,7147
train,fcc,23,85938,7149
train,fcc,23,53273,7152
train,fcc,23,75363,7165
train,fcc,23,75290,7186
train,fcc,25,91510,7510
train,fcc,25,14772,7528
train,fcc,25,22827,7532
train,fcc,25,53405,7537
train,fcc,25,47308,7554
train,fcc,25,54124,7558
train,fcc,25,37588,7562
train,fcc,25,46898,7569
train,fcc,25,21059,7570
train,fcc,25,29307,7633
train,fcc,25,1097,7644
train,fcc,25,103766,7647
train,fcc,25,42644,7660
train,fcc,25,3177,7688
train,fcc,25,68289,7734
train,fcc,25,46162,7790
train,fcc,25,16986,7792
train,fcc,28,75236,8408
train,fcc,28,29429,8422
train,fcc,28,68244,8444
train,fcc,28,62725,8458
train,fcc,28,15015,8473
train,fcc,28,34289,8535
train,fcc,28,37656,8546
train,fcc,28,63222,8558
train,fcc,28,10641,8570
train,fcc,28,8863,8574
train,fcc,28,60738,8590
train,fcc,28,13688,8592
train,fcc,28,2295,8598
train,fcc,28,92606,8613
train,fcc,28,102856,8621
train,fcc,28,33971,8624
train,fcc,28,39686,8640
train,fcc,28,50854,8654
train,fcc,28,27809,8686
train,fcc,28,54870,8690
train,fcc,28,36489,8692
train,fcc,29,76358,8758
train,fcc,29,72856,8772
train,fcc,29,14913,8783
train,fcc,29,78666,8792
train,fcc,29,104850,8794
train,fcc,29,69141,8795
train,fcc,29,85894,8824
train,fcc,29,34624,8828
train,fcc,29,26157,8830
train,fcc,29,9945,8836
train,fcc,29,87446,8860
train,fcc,29,16935,8920
train,fcc,29,6391,8947
train,fcc,29,20686,8979
train,fcc,30,52877,9022
train,fcc,30,61928,9033
train,fcc,30,92323,9059
train,fcc,30,5883,9098
train,fcc,30,62523,9123
train,fcc,30,596,9132
train,fcc,30,64599,9147
train,fcc,30,923,9177
train,fcc,30,77252,9182
train,fcc,30,77189,9183
train,fcc,30,70538,9197
train,fcc,30,54477,9208
train,fcc,30,106017,9251
train,fcc,30,106780,9255
train,fcc,30,89699,9280
train,fcc,31,16142,9303
train,fcc,31,680,9318
train,fcc,31,50331,9326
train,fcc,31,62867,9351
train,fcc,31,42570,9355
train,fcc,31,5235,9363
train,fcc,31,5141,9400
train,fcc,31,39989,9465
train,fcc,31,52208,9485
train,fcc,31,44634,9499
train,fcc,31,75497,9563
train,fcc,31,104312,9583
train,fcc,32,83292,9618
train,fcc,32,39009,9632
train,fcc,32,8542,9663
train,fcc,32,42414,9675
train,fcc,32,75641,9682
train,fcc,32,10962,9689
train,fcc,32,89993,9694
train,fcc,32,8190,9731
train,fcc,32,58230,9732
train,fcc,32,26353,9755
train,fcc,32,36471,9763
train,fcc,32,35829,9780
train,fcc,32,2021,9836
train,fcc,32,12098,9851
train,fcc,32,28863,9874
train,fcc,32,72610,9877
train,fcc,32,54224,9881
train,fcc,33,36251,9950
train,fcc,33,75628,9959
train,fcc,33,60644,9969
train,fcc,33,45923,9993
train,fcc,33,91643,10010
train,fcc,33,41831,10023
train,fcc,33,82190,10030
train,fcc,33,11895,10031
train,fcc,33,78220,10039
train,fcc,33,42943,10047
train,fcc,33,90574,10072
train,fcc,33,94885,10073
train,fcc,33,97162,10082
train,fcc,33,10364,10089
train,fcc,33,43880,10091
train,fcc,33,22216,10185
train,fcc,34,5762,10223
train,fcc,34,40850,10260
train,fcc,34,99584,10318
train,fcc,34,86067,10328
train,fcc,34,93042,10331
train,fcc,34,8140,10337
train,fcc,34,25322,10340
train,fcc,34,71736,10342
train,fcc,34,18610,10368
train,fcc,34,102434,10383
train,fcc,34,49102,10415
train,fcc,34,9766,10416
train,fcc,34,56843,10440
train,fcc,35,18324,10517
train,fcc,35,17174,10536
train,fcc,35,54364,10571
train,fcc,35,37324,10605
train,fcc,35,11194,10611
train,fcc,35,38,10613
train,fcc,35,13197,10614
train,fcc,35,52177,10682
train,fcc,35,86192,10684
train,fcc,35,77539,10689
train,fcc,35,102812,10705
train,fcc,35,46912,10710
train,fcc,35,11588,10753
train,fcc,35,17699,10767
train,fcc,36,40503,10804
train,fcc,36,18497,10812
train,fcc,36,80245,10835
train,fcc,36,30702,10850
train,fcc,36,95895,10855
train,fcc,36,98133,10873
train,fcc,36,7090,10928
train,fcc,36,28995,10945
train,fcc,36,72139,10976
train,fcc,36,78403,10995
train,fcc,36,58929,10999
train,fcc,36,78135,11027
train,fcc,36,14229,11046
train,fcc,36,54946,11067
train,fcc,36,25600,11072
train,fcc,37,61504,11111
train,fcc,37,80734,11112
train,fcc,37,97876,11139
train,fcc,37,99807,11207
train,fcc,37,102116,11208
train,fcc,37,96588,11221
train,fcc,37,1670,11252
train,fcc,37,34695,11264
train,fcc,37,32021,11290
train,fcc,37,9675,11295
train,fcc,37,107321,11303
train,fcc,37,50271,11308
train,fcc,37,3830,11320
train,fcc,37,69346,11346
train,fcc,37,102616,11361
train,fcc,37,92587,11394
train,fcc,38,16518,11430
train,fcc,38,41066,11449
train,fcc,38,62746,11461
train,fcc,38,70992,11470
train,fcc,38,50152,11518
train,fcc,38,38162,11566
train,fcc,38,98847,11578
train,fcc,38,93473,11618
train,fcc,38,31480,11647
train,fcc,40,45046,12007
train,fcc,40,50441,12052
train,fcc,40,47365,12057
train,fcc,40,23564,12065
train,fcc,40,14493,12069
train,fcc,40,79383,12100
train,fcc,40,94259,12107
train,fcc,40,89861,12114
train,fcc,40,17643,12116
train,fcc,40,98271,12132
train,fcc,40,28563,12151
train,fcc,40,72626,12157
train,fcc,40,22176,12167
train,fcc,40,37085,12176
train,fcc,40,87737,12182
train,fcc,40,82605,12229
train,fcc,40,94789,12265
train,fcc,40,49434,12274
train,fcc,41,68278,12314
train,fcc,41,71191,12349
train,fcc,41,42533,12362
train,fcc,41,90428,12374
train,fcc,41,97142,12424
train,fcc,41,72656,12440
train,fcc,41,84328,12447
train,fcc,41,63222,12466
train,fcc,41,12156,12478
train,fcc,41,43204,12523
train,fcc,41,64718,12590
train,fcc,43,61230,12915
train,fcc,43,55892,12944
train,fcc,43,79913,12950
train,fcc,43,6214,12989
train,fcc,43,101542,13030
train,fcc,43,61629,13052
train,fcc,43,64896,13093
train,fcc,43,101056,13106
train,fcc,43,27372,13144
train,fcc,43,25733,13174
train,fcc,43,4952,13188
train,fcc,43,22591,13191
train,fcc,45,31590,13519
train,fcc,45,54277,13558
train,fcc,45,78442,13564
train,fcc,45,35490,13577
train,fcc,45,21513,13582
train,fcc,45,24042,13598
train,fcc,45,97014,13620
train,fcc,45,56374,13627
train,fcc,45,31390,13656
train,fcc,45,61920,13674
train,fcc,45,16896,13677
train,fcc,45,61689,13679
train,fcc,45,26721,13767
train,fcc,45,6246,13771
train,fcc,45,92065,13777
train,fcc,46,59667,13893
train,fcc,46,70481,13913
train,fcc,46,85338,13936
train,fcc,46,56379,13945
train,fcc,46,26539,13946
train,fcc,46,15049,13963
train,fcc,46,82413,13990
train,fcc,46,33263,13995
train,fcc,46,97910,13997
train,fcc,46,25593,13998
train,fcc,46,19195,14015
train,fcc,46,58782,14041
train,fcc,47,98334,14174
train,fcc,47,56256,14191
train,fcc,47,53211,14200
train,fcc,47,5253,14205
train,fcc,47,92754,14240
train,fcc,47,106319,14243
train,fcc,47,85220,14291
train,fcc,47,4747,14295
train,fcc,47,61430,14306
train,fcc,47,788,14338
train,fcc,47,70028,14348
train,fcc,47,75503,14357
train,fcc,47,88981,14378
train,fcc,49,32752,14705
train,fcc,49,97853,14708
train,fcc,49,90934,14727
train,fcc,49,24783,14750
train,fcc,49,16825,14763
train,fcc,49,456,14769
train,fcc,49,77532,14776
train,fcc,49,51453,14780
train,fcc,49,45128,14814
train,fcc,49,89309,14815
train,fcc,49,16162,14816
train,fcc,49,99256,14862
train,fcc,49,53046,14895
train,fcc,49,31247,14899
train,fcc,49,83290,14933
train,fcc,50,105721,15003
train,fcc,50,7042,15029
train,fcc,50,74593,15034
train,fcc,50,54173,15141
train,fcc,50,40635,15148
train,fcc,50,46379,15172
train,fcc,50,14462,15260
train,fcc,50,68282,15264
train,fcc,50,46240,15273
train,fcc,50,74295,15284
train,fcc,50,37088,15290
train,fcc,50,69575,15293
train,fcc,50,33231,15294
train,fcc,51,45005,15308
train,fcc,51,85811,15316
train,fcc,51,65294,15328
train,fcc,51,57183,15348
train,fcc,51,92366,15397
train,fcc,51,69034,15429
train,fcc,51,36628,15457
train,fcc,51,18025,15460
train,fcc,51,52888,15468
train,fcc,51,27269,15498
train,fcc,51,79158,15551
train,fcc,51,104944,15584
train,fcc,52,64395,15633
train,fcc,52,96062,15651
train,fcc,52,11536,15787
train,fcc,52,14487,15799
train,fcc,52,64944,15825
train,fcc,52,92082,15828
train,fcc,52,3881,15858
train,fcc,52,96437,15880
train,fcc,52,99724,15890
train,fcc,53,99952,15901
train,fcc,53,48210,15907
train,fcc,53,2743,15913
train,fcc,53,55192,15979
train,fcc,53,70591,15980
train,fcc,53,53103,15989
train,fcc,53,86228,16011
train,fcc,53,36821,16030
train,fcc,53,33488,16054
train,fcc,53,34942,16070
train,fcc,53,96238,16075
train,fcc,53,57772,16087
train,fcc,53,39600,16092
train,fcc,53,32399,16105
train,fcc,53,93947,16109
train,fcc,53,32992,16117
train,fcc,53,80819,16160
train,fcc,54,77889,16211
train,fcc,54,106017,16216
train,fcc,54,68392,16236
train,fcc,54,17175,16242
train,fcc,54,98317,16279
train,fcc,54,27040,16285
train,fcc,54,99808,16292
train,fcc,54,16067,16294
train,fcc,54,13230,16352
train,fcc,54,99295,16381
train,fcc,54,24494,16413
train,fcc,55,18816,16509
train,fcc,55,8124,16522
train,fcc,55,5992,16566
train,fcc,55,5243,16599
train,fcc,55,5671,16600
train,fcc,55,28884,16604
train,fcc,55,17368,16628
train,fcc,55,5745,16632
train,fcc,55,92413,16654
train,fcc,55,34803,16655
train,fcc,55,72860,16657
train,fcc,55,103994,16680
train,fcc,55,23006,16696
train,fcc,55,45814,16703
train,fcc,55,48283,16777
train,fcc,55,106853,16787
train,fcc,57,47966,17114
train,fcc,57,67043,17115
train,fcc,57,84365,17140
train,fcc,57,80678,17150
train,fcc,57,56954,17156
train,fcc,57,101141,17161
train,fcc,57,68527,17286
train,fcc,57,25036,17323
train,fcc,57,43277,17349
train,fcc,57,101066,17350
train,fcc,57,101527,17369
train,fcc,57,74256,17375
train,fcc,57,7165,17387
train,fcc,57,12122,17392
train,fcc,57,76961,17397
train,fcc,58,92218,17403
train,fcc,58,45405,17404
train,fcc,58,87336,17412
train,fcc,58,70994,17443
train,fcc,58,24318,17494
train,fcc,58,43748,17503
train,fcc,58,31574,17509
train,fcc,58,888,17517
train,fcc,58,104183,17523
train,fcc,58,55097,17544
train,fcc,58,59452,17546
train,fcc,58,46706,17577
train,fcc,58,61609,17619
train,fcc,58,47749,17634
train,fcc,58,93023,17644
train,fcc,58,51505,17652
train,fcc,58,58257,17695
train,fcc,58,98208,17697
train,fcc,59,93272,17726
train,fcc,59,101101,17737
train,fcc,59,73489,17739
train,fcc,59,28586,17776
train,fcc,59,51418,17822
train,fcc,59,57595,17870
train,fcc,59,73717,17881
train,fcc,59,79224,17889
train,fcc,59,10359,17914
train,fcc,59,63520,17973
train,fcc,60,33458,18028
train,fcc,60,87875,18051
train,fcc,60,61274,18052
train,fcc,60,80497,18099
train,fcc,60,49323,18105
train,fcc,60,99992,18111
train,fcc,60,83381,18112
train,fcc,60,82419,18113
train,fcc,60,66513,18129
train,fcc,60,78403,18142
train,fcc,60,39340,18158
train,fcc,60,22673,18200
train,fcc,60,88285,18207
train,fcc,60,38692,18210
train,fcc,60,59720,18225
train,fcc,60,36955,18253
train,fcc,60,95901,18256
train,fcc,60,59202,18284
train,fcc,60,41779,18290
train,fcc,62,71624,18618
train,fcc,62,82861,18641
train,fcc,62,1641,18693
train,fcc,62,90746,18700
train,fcc,62,12082,18716
train,fcc,62,75048,18729
train,fcc,62,68993,18770
train,fcc,62,85053,18773
train,fcc,62,11272,18788
train,fcc,62,5355,18839
train,fcc,62,50701,18850
train,fcc,62,76298,18879
train,fcc,62,30982,18885
train,fcc,62,53169,18891
train,fcc,64,76324,19204
train,fcc,64,91662,19210
train,fcc,64,14205,19330
train,fcc,64,10717,19349
train,fcc,64,50137,19363
train,fcc,64,49000,19393
train,fcc,64,4549,19403
train,fcc,64,13471,19438
train,fcc,64,17959,19444
train,fcc,64,44323,19455
train,fcc,64,74479,19457
train,fcc,64,90841,19474
train,fcc,65,78864,19505
train,fcc,65,31639,19527
train,fcc,65,52074,19548
train,fcc,65,16278,19650
train,fcc,65,32212,19657
train,fcc,65,77162,19666
train,fcc,65,11754,19689
train,fcc,65,97077,19725
train,fcc,65,59602,19735
train,fcc,65,31055,19740
train,fcc,65,3556,19753
train,fcc,65,34929,19755
train,fcc,65,43674,19775
train,fcc,65,63649,19784
train,fcc,65,90984,19785
train,fcc,66,287,19803
train,fcc,66,91097,19804
train,fcc,66,83340,19833
train,fcc,66,5375,19836
train,fcc,66,91735,19838
train,fcc,66,52763,19876
train,fcc,66,83244,19894
train,fcc,66,9004,19916
train,fcc,66,93688,19926
train,fcc,66,23870,19929
train,fcc,66,18617,19940
train,fcc,66,94914,19941
train,fcc,66,85732,19975
train,fcc,66,51716,20015
train,fcc,66,90550,20093
train,fcc,67,1242,20135
train,fcc,67,85854,20179
train,fcc,67,48522,20214
train,fcc,67,87938,20274
train,fcc,67,37112,20307
train,fcc,67,70908,20311
train,fcc,67,51776,20349
train,fcc,67,50192,20361
train,fcc,68,15243,20400
train,fcc,68,102871,20460
train,fcc,68,42317,20482
train,fcc,68,32124,20505
train,fcc,68,98275,20507
train,fcc,68,77487,20574
train,fcc,68,76672,20664
train,fcc,68,94445,20682
train,fcc,70,102345,21011
train,fcc,70,105098,21019
train,fcc,70,74966,21046
train,fcc,70,48921,21092
train,fcc,70,7537,21096
train,fcc,70,52576,21115
train,fcc,70,36205,21137
train,fcc,70,81611,21165
train,fcc,70,42897,21206
train,fcc,70,20153,21233
train,fcc,70,104300,21241
train,fcc,70,35598,21254
train,fcc,70,101974,21290
train,fcc,72,51264,21624
train,fcc,72,36823,21628
train,fcc,72,18139,21634
train,fcc,72,83770,21638
train,fcc,72,67666,21642
train,fcc,72,24184,21680
train,fcc,72,94651,21711
train,fcc,72,63084,21712
train,fcc,72,53217,21743
train,fcc,72,14382,21768
train,fcc,72,31175,21773
train,fcc,72,14658,21784
train,fcc,72,6575,21787
train,fcc,72,25791,21810
train,fcc,72,21197,21814
train,fcc,72,53488,21828
train,fcc,72,29361,21835
train,fcc,72,63166,21841
train,fcc,72,41841,21843
train,fcc,74,15777,22240
train,fcc,74,65272,22252
train,fcc,74,95424,22266
train,fcc,74,11537,22343
train,fcc,74,23210,22353
train,fcc,74,25634,22358
train,fcc,74,83021,22401
train,fcc,74,72401,22423
train,fcc,74,7736,22459
train,fcc,74,62456,22486
train,fcc,74,63322,22489
train,fcc,74,95929,22498
train,fcc,74,87460,22499
train,fcc,75,47608,22536
train,fcc,75,41675,22558
train,fcc,75,31396,22573
train,fcc,75,76469,22594
train,fcc,75,9460,22602
train,fcc,75,45429,22603
train,fcc,75,15241,22604
train,fcc,75,13460,22617
train,fcc,75,1172,22660
train,fcc,75,26610,22672
train,fcc,75,75661,22736
train,fcc,75,53930,22738
train,fcc,75,27985,22760
train,fcc,75,94379,22770
train,fcc,75,10618,22772
train,fcc,75,3637,22792
train,fcc,76,63905,22801
train,fcc,76,55923,22825
train,fcc,76,63308,22835
train,fcc,76,18490,22866
train,fcc,76,50470,22916
train,fcc,76,97306,22924
train,fcc,76,34692,22931
train,fcc,76,59292,22938
train,fcc,76,29636,22940
train,fcc,76,99291,22950
train,fcc,76,52400,22973
train,fcc,76,33708,22977
train,fcc,76,26515,22981
train,fcc,76,28836,22984
train,fcc,76,78990,23004
train,fcc,76,90803,23029
train,fcc,76,17401,23042
train,fcc,76,58697,23044
train,fcc,76,75782,23054
train,fcc,76,41922,23058
train,fcc,76,50053,23079
train,fcc,78,50066,23491
train,fcc,78,34230,23506
train,fcc,78,92704,23512
train,fcc,78,38478,23535
train,fcc,78,9299,23543
train,fcc,78,12361,23550
train,fcc,78,107333,23670
train,fcc,78,43572,23693
train,fcc,79,104319,23734
train,fcc,79,8929,23740
train,fcc,79,58993,23749
train,fcc,79,56,23774
train,fcc,79,42727,23775
train,fcc,79,68700,23788
train,fcc,79,52829,23810
train,fcc,79,30437,23817
train,fcc,79,78324,23824
train,fcc,79,47473,23867
train,fcc,79,72680,23873
train,fcc,79,36924,23889
train,fcc,79,14548,23892
train,fcc,79,87212,23899
train,fcc,79,36816,23921
train,fcc,79,76882,23945
train,fcc,79,83006,23956
train,fcc,79,7670,23992
train,fcc,79,30819,23998
train,fcc,80,97619,24026
train,fcc,80,87681,24046
train,fcc,80,445,24052
train,fcc,80,63167,24076
train,fcc,80,49973,24107
train,fcc,80,54596,24166
train,fcc,80,29697,24167
train,fcc,80,55730,24185
train,fcc,80,86201,24193
train,fcc,80,66509,24231
train,fcc,80,97864,24279
train,fcc,82,20381,24639
train,fcc,82,52763,24679
train,fcc,82,73044,24686
train,fcc,82,72379,24706
train,fcc,82,24181,24721
train,fcc,82,56651,24727
train,fcc,82,67775,24730
train,fcc,82,45462,24738
train,fcc,82,53401,24746
train,fcc,82,85177,24775
train,fcc,82,53798,24794
train,fcc,82,99291,24808
train,fcc,82,91793,24815
train,fcc,82,16693,24851
train,fcc,82,67696,24867
train,fcc,83,76174,24903
train,fcc,83,7322,24982
train,fcc,83,42778,24992
train,fcc,83,29819,24998
train,fcc,83,92135,25056
train,fcc,83,15838,25061
train,fcc,83,45178,25065
train,fcc,83,99326,25067
train,fcc,83,20952,25072
train,fcc,83,7669,25075
train,fcc,83,88573,25077
train,fcc,83,39938,25123
train,fcc,83,51136,25125
train,fcc,83,106840,25156
train,fcc,83,99461,25171
train,fcc,84,12301,25201
train,fcc,84,49567,25232
train,fcc,84,99103,25236
train,fcc,84,12515,25302
train,fcc,84,92998,25326
train,fcc,84,41150,25370
train,fcc,84,42663,25380
train,fcc,84,71170,25384
train,fcc,84,56153,25386
train,fcc,84,39885,25428
train,fcc,84,11423,25443
train,fcc,84,61531,25483
train,fcc,84,69959,25490
train,fcc,85,51108,25514
train,fcc,85,107924,25552
train,fcc,85,4170,25593
train,fcc,85,102402,25626
train,fcc,85,54234,25645
train,fcc,85,103940,25655
train,fcc,85,99440,25672
train,fcc,85,49674,25692
train,fcc,85,85053,25699
train,fcc,85,74220,25715
train,fcc,85,37946,25743
train,fcc,85,74489,25798
train,fcc,87,65522,26162
train,fcc,87,64909,26230
train,fcc,87,28508,26272
train,fcc,87,49074,26280
train,fcc,87,13092,26281
train,fcc,87,86699,26298
train,fcc,87,44350,26309
train,fcc,87,51271,26316
train,fcc,87,66955,26324
train,fcc,87,36939,26361
train,fcc,87,16063,26370
train,fcc,87,80263,26380
train,fcc,87,26475,26383
train,fcc,87,57994,26394
train,fcc,89,104096,26703
train,fcc,89,62285,26729
train,fcc,89,107410,26747
train,fcc,89,70172,26754
train,fcc,89,70359,26779
train,fcc,89,23373,26783
train,fcc,89,82574,26799
train,fcc,89,35068,26857
train,fcc,89,85224,26982
train,fcc,89,38352,26983
train,fcc,89,83625,26990
train,fcc,91,56704,27321
train,fcc,91,49661,27336
train,fcc,91,63372,27364
train,fcc,91,47583,27418
train,fcc,91,6097,27429
train,fcc,91,65737,27458
train,fcc,91,71470,27525
train,fcc,91,56720,27554
train,fcc,91,40502,27583
train,fcc,91,98000,27592
train,fcc,92,88218,27627
train,fcc,92,32640,27633
train,fcc,92,39873,27713
train,fcc,92,33947,27714
train,fcc,92,90602,27717
train,fcc,92,72080,27738
train,fcc,92,34654,27742
train,fcc,92,10697,27743
train,fcc,92,83514,27769
train,fcc,92,44737,27819
train,fcc,92,39855,27859
train,fcc,92,15124,27871
train,fcc,92,57143,27876
train,fcc,92,68548,27881
train,fcc,92,59931,27898
train,fcc,93,106178,27948
train,fcc,93,76464,28013
train,fcc,93,105641,28016
train,fcc,93,29182,28022
train,fcc,93,21918,28031
train,fcc,93,83894,28034
train,fcc,93,71806,28037
train,fcc,93,22188,28135
train,fcc,93,83731,28148
train,fcc,93,30524,28150
train,fcc,93,26124,28155
train,fcc,93,39851,28167
train,fcc,94,29909,28200
train,fcc,94,37880,28225
train,fcc,94,90731,28262
train,fcc,94,26606,28264
train,fcc,94,35376,28274
train,fcc,94,4244,28288
train,fcc,94,87688,28289
train,fcc,94,78703,28339
train,fcc,94,38118,28347
train,fcc,94,94695,28364
train,fcc,94,88158,28385
train,fcc,94,50074,28388
train,fcc,94,55490,28468
train,fcc,94,34769,28473
train,fcc,94,32982,28477
train,fcc,94,64706,28490
train,fcc,98,13502,29406
train,fcc,98,12644,29527
train,fcc,98,52691,29537
train,fcc,98,100866,29546
train,fcc,98,65598,29567
train,fcc,98,98103,29568
train,fcc,98,52900,29584
train,fcc,98,31853,29621
train,fcc,98,28889,29628
train,fcc,98,81361,29632
train,fcc,98,59312,29667
train,fcc,98,47856,29695
train,fcc,99,1616,29711
train,fcc,99,61079,29754
train,fcc,99,55328,29759
train,fcc,99,17495,29768
train,fcc,99,97120,29775
train,fcc,99,14748,29827
train,fcc,99,106358,29828
train,fcc,99,102438,29843
train,fcc,99,34239,29860
train,fcc,99,106768,29866
train,fcc,99,86763,29873
train,fcc,99,27484,29874
train,fcc,99,64725,29875
train,fcc,99,103653,29881
train,fcc,99,15725,29888
train,fcc,99,32416,29937
train,fcc,99,81396,29952
train,fcc,102,94723,30629
train,fcc,102,22083,30635
train,fcc,102,79942,30645
train,fcc,102,19307,30655
train,fcc,102,31214,30690
train,fcc,102,48881,30692
train,fcc,102,43438,30701
train,fcc,102,27704,30712
train,fcc,102,103727,30745
train,fcc,102,62771,30764
train,fcc,102,52443,30829
train,fcc,102,51098,30856
train,fcc,102,2298,30890
train,fcc,104,40914,31214
train,fcc,104,50910,31229
train,fcc,104,69298,31242
train,fcc,104,58096,31247
train,fcc,104,18943,31264
train,fcc,104,19052,31265
train,fcc,104,69247,31331
train,fcc,104,79676,31346
train,fcc,104,55819,31354
train,fcc,104,56566,31399
train,fcc,104,66566,31419
train,fcc,104,67225,31479
train,fcc,104,54543,31488
train,fcc,104,5721,31497
train,fcc,105,8021,31524
train,fcc,105,58778,31526
train,fcc,105,50280,31534
train,fcc,105,10495,31542
train,fcc,105,65982,31557
train,fcc,105,1539,31570
train,fcc,105,4287,31583
train,fcc,105,7012,31586
train,fcc,105,49183,31607
train,fcc,105,84252,31618
train,fcc,105,72230,31634
train,fcc,105,33014,31638
train,fcc,105,59546,31656
train,fcc,105,68034,31681
train,fcc,105,76943,31682
train,fcc,105,102796,31698
train,fcc,105,107311,31708
train,fcc,105,63933,31719
train,fcc,105,56478,31739
train,fcc,105,20013,31770
train,fcc,105,63784,31787
train,fcc,107,45342,32156
train,fcc,107,71443,32215
train,fcc,107,51971,32230
train,fcc,107,15004,32262
train,fcc,107,45141,32275
train,fcc,107,64604,32291
train,fcc,107,100706,32298
train,fcc,107,13528,32342
train,fcc,107,11742,32358
train,fcc,108,23002,32426
train,fcc,108,28083,32446
train,fcc,108,8829,32452
train,fcc,108,35821,32463
train,fcc,108,18129,32507
train,fcc,108,42403,32533
train,fcc,108,45629,32554
train,fcc,108,82561,32555
train,fcc,108,67529,32559
train,fcc,108,11166,32565
train,fcc,108,8742,32571
train,fcc,108,44752,32593
train,fcc,108,19956,32603
train,fcc,108,60482,32608
train,fcc,108,46564,32671
train,fcc,110,21971,33019
train,fcc,110,36967,33038
train,fcc,110,63085,33059
train,fcc,110,53308,33062
train,fcc,110,90798,33072
train,fcc,110,35574,33078
train,fcc,110,38259,33093
train,fcc,110,88190,33111
train,fcc,110,87586,33138
train,fcc,110,36819,33143
train,fcc,110,40728,33153
train,fcc,110,85889,33175
train,fcc,110,94186,33182
train,fcc,110,55748,33212
train,fcc,110,67736,33233
train,fcc,110,101893,33281
train,fcc,111,59809,33308
train,fcc,111,53847,33348
train,fcc,111,82953,33379
train,fcc,111,27165,33394
train,fcc,111,24528,33401
train,fcc,111,102569,33431
train,fcc,111,42204,33464
train,fcc,111,26719,33479
train,fcc,111,76038,33515
train,fcc,111,73240,33532
train,fcc,111,71811,33534
train,fcc,111,64861,33538
train,fcc,112,102389,33632
train,fcc,112,86043,33693
train,fcc,112,100223,33704
train,fcc,112,82096,33713
train,fcc,112,24737,33722
train,fcc,112,103997,33733
train,fcc,112,11892,33794
train,fcc,112,50045,33795
train,fcc,112,53495,33802
train,fcc,112,7258,33831
train,fcc,112,40907,33833
train,fcc,112,39487,33888
train,fcc,113,101816,33925
train,fcc,113,4712,33975
train,fcc,113,54430,33982
train,fcc,113,74525,33989
train,fcc,113,42236,33998
train,fcc,113,3157,34027
train,fcc,113,33834,34038
train,fcc,113,33384,34050
train,fcc,113,78444,34063
train,fcc,113,83205,34090
train,fcc,113,84815,34136
train,fcc,113,58281,34154
train,fcc,113,9081,34171
train,fcc,115,62001,34520
train,fcc,115,58923,34525
train,fcc,115,9938,34541
train,fcc,115,72908,34580
train,fcc,115,97229,34590
train,fcc,115,101166,34592
train,fcc,115,82270,34609
train,fcc,115,39375,34619
train,fcc,115,94574,34621
train,fcc,115,76477,34625
train,fcc,115,40940,34630
train,fcc,115,107683,34640
train,fcc,115,24702,34662
train,fcc,115,20571,34705
train,fcc,115,68493,34768
train,fcc,115,37015,34771
train,fcc,117,80236,35131
train,fcc,117,107137,35138
train,fcc,117,92006,35146
train,fcc,117,56699,35169
train,fcc,117,48281,35171
train,fcc,117,23127,35240
train,fcc,117,11720,35265
train,fcc,117,83639,35286
train,fcc,117,39352,35295
train,fcc,117,2815,35302
train,fcc,117,72548,35357
train,fcc,117,62867,35392
train,fcc,118,2622,35443
train,fcc,118,27673,35464
train,fcc,118,38198,35532
train,fcc,118,53640,35534
train,fcc,118,49720,35540
train,fcc,118,70858,35611
train,fcc,118,47704,35619
train,fcc,118,28896,35624
train,fcc,118,83071,35652
train,fcc,118,84350,35694
train,fcc,119,2190,35707
train,fcc,119,66546,35749
train,fcc,119,29552,35751
train,fcc,119,10207,35798
train,fcc,119,4703,35809
train,fcc,119,14131,35840
train,fcc,119,68080,35843
train,fcc,119,50003,35848
train,fcc,119,88244,35860
train,fcc,119,52750,35868
train,fcc,119,12935,35886
train,fcc,119,101636,35924
train,fcc,119,37363,35979
train,fcc,119,6630,35998
train,fcc,120,107342,36029
train,fcc,120,20192,36032
train,fcc,120,50077,36042
train,fcc,120,5898,36047
train,fcc,120,17276,36073
train,fcc,120,97815,36075
train,fcc,120,87517,36093
train,fcc,120,21519,36123
train,fcc,120,104884,36125
train,fcc,120,78951,36127
train,fcc,120,59570,36142
train,fcc,120,34490,36147
train,fcc,120,62393,36148
train,fcc,120,65483,36173
train,fcc,120,66175,36191
train,fcc,120,75196,36200
train,fcc,120,8730,36217
train,fcc,120,26493,36233
train,fcc,120,45375,36235
train,fcc,120,51685,36245
train,fcc,121,85028,36339
train,fcc,121,12486,36368
train,fcc,121,37306,36401
train,fcc,121,10161,36406
train,fcc,121,39419,36459
train,fcc,121,38965,36480
train,fcc,121,83053,36529
train,fcc,121,105180,36530
train,fcc,121,52900,36566
train,fcc,121,12873,36574
train,fcc,122,53788,36604
train,fcc,122,12804,36616
train,fcc,122,50244,36621
train,fcc,122,96928,36653
train,fcc,122,73808,36662
train,fcc,122,74643,36696
train,fcc,122,102062,36699
train,fcc,122,12206,36704
train,fcc,122,51477,36705
train,fcc,122,29214,36720
train,fcc,122,33101,36723
train,fcc,122,36335,36731
train,fcc,122,100150,36738
train,fcc,122,19094,36761
train,fcc,122,25243,36762
train,fcc,122,95985,36782
train,fcc,122,52988,36816
train,fcc,122,33831,36819
train,fcc,122,28915,36849
train,fcc,122,38415,36851
train,fcc,122,5656,36874
train,fcc,122,105966,36890
train,fcc,123,97898,36901
train,fcc,123,74427,36909
train,fcc,123,1483,36919
train,fcc,123,42023,36944
train,fcc,123,991,36969
train,fcc,123,41619,36977
train,fcc,123,65511,36993
train,fcc,123,59874,37006
train,fcc,123,82609,37018
train,fcc,123,34320,37042
train,fcc,123,29234,37071
train,fcc,123,66556,37080
train,fcc,123,2488,37103
train,fcc,123,57192,37149
train,fcc,123,49082,37192
train,fcc,126,42568,37807
train,fcc,126,10421,37822
train,fcc,126,94816,37837
train,fcc,126,99918,37855
train,fcc,126,567,37885
train,fcc,126,152,37913
train,fcc,126,10259,37937
train,fcc,126,82732,37944
train,fcc,126,96782,37974
train,fcc,126,48314,38047
train,fcc,126,80115,38081
train,fcc,126,86126,38098
train,fcc,127,76047,38112
train,fcc,127,12479,38305
train,fcc,127,30630,38363
train,fcc,129,6274,38709
train,fcc,129,68373,38790
train,fcc,129,31229,38796
train,fcc,129,102862,38815
train,fcc,129,20466,38827
train,fcc,129,82607,38837
train,fcc,129,52271,38855
train,fcc,129,62779,38859
train,fcc,129,4674,38861
train,fcc,129,95757,38923
train,fcc,129,41721,38934
train,fcc,129,30089,38935
train,fcc,129,74676,38948
train,fcc,129,9710,38970
train,fcc,129,61837,38978
train,fcc,130,35559,39016
train,fcc,130,97398,39052
train,fcc,130,54857,39056
train,fcc,130,106961,39113
train,fcc,130,27204,39126
train,fcc,130,42001,39145
train,fcc,130,31566,39156
train,fcc,130,66304,39180
train,fcc,130,43666,39181
train,fcc,130,106591,39202
train,fcc,130,80253,39221
train,fcc,130,30376,39238
train,fcc,131,29332,39316
train,fcc,131,14730,39360
train,fcc,131,66261,39361
train,fcc,131,26404,39390
train,fcc,131,72570,39395
train,fcc,131,93472,39401
train,fcc,131,14521,39413
train,fcc,131,100923,39425
train,fcc,131,78507,39453
train,fcc,131,54285,39454
train,fcc,131,4653,39460
train,fcc,131,91869,39469
train,fcc,131,24903,39470
train,fcc,131,27852,39533
train,fcc,131,20705,39541
train,fcc,131,30606,39593
train,fcc,132,96468,39603
train,fcc,132,37897,39605
train,fcc,132,32876,39610
train,fcc,132,19329,39612
train,fcc,132,19111,39627
train,fcc,132,75302,39632
train,fcc,132,44333,39640
train,fcc,132,68024,39655
train,fcc,132,30331,39668
train,fcc,132,72586,39674
train,fcc,132,89784,39696
train,fcc,132,6629,39703
train,fcc,132,102495,39721
train,fcc,132,69596,39752
train,fcc,132,38609,39765
train,fcc,132,94276,39773
train,fcc,132,44477,39784
train,fcc,132,72664,39786
train,fcc,132,46520,39820
train,fcc,132,83361,39830
train,fcc,132,89893,39870
train,fcc,132,20494,39878
train,fcc,133,88757,39903
train,fcc,133,27400,39914
train,fcc,133,16613,39940
train,fcc,133,16821,39964
train,fcc,133,44883,39993
train,fcc,133,16272,40008
train,fcc,133,46130,40009
train,fcc,133,84864,40056
train,fcc,133,46477,40105
train,fcc,133,80244,40152
train,fcc,133,28663,40173
train,fcc,133,36853,40189
train,fcc,135,103452,40546
train,fcc,135,81850,40549
train,fcc,135,60717,40552
train,fcc,135,76329,40587
train,fcc,135,8060,40598
train,fcc,135,10753,40722
train,fcc,135,28809,40760
train,fcc,137,58216,41126
train,fcc,137,30940,41132
train,fcc,137,15895,41140
train,fcc,137,55341,41180
train,fcc,137,25299,41214
train,fcc,137,12670,41242
train,fcc,137,65735,41244
train,fcc,137,94442,41286
train,fcc,137,55703,41327
train,fcc,137,40257,41328
train,fcc,137,91685,41347
train,fcc,139,52088,41704
train,fcc,139,36691,41714
train,fcc,139,25932,41726
train,fcc,139,29825,41764
train,fcc,139,7276,41784
train,fcc,139,16919,41791
train,fcc,139,67619,41795
train,fcc,139,106370,41824
train,fcc,139,62243,41827
train,fcc,139,13076,41831
train,fcc,139,105645,41833
train,fcc,139,30420,41865
train,fcc,139,95481,41890
train,fcc,139,54011,41896
train,fcc,139,76629,41902
train,fcc,139,36412,41905
train,fcc,139,23221,41929
train,fcc,139,1419,41958
train,fcc,139,60410,41981
train,fcc,140,5966,42023
train,fcc,140,107500,42028
train,fcc,140,107883,42035
train,fcc,140,57982,42045
train,fcc,140,47201,42073
train,fcc,140,103032,42110
train,fcc,140,7736,42127
train,fcc,140,59054,42137
train,fcc,140,91591,42204
train,fcc,140,34730,42249
train,fcc,140,95819,42263
train,fcc,140,99223,42265
train,fcc,140,91209,42275
train,fcc,140,97700,42285
train,fcc,141,87890,42309
train,fcc,141,89314,42310
train,fcc,141,16239,42336
train,fcc,141,69646,42338
train,fcc,141,16734,42372
train,fcc,141,22409,42406
train,fcc,141,60888,42426
train,fcc,141,60967,42448
train,fcc,141,4151,42504
train,fcc,141,59277,42509
train,fcc,141,102857,42514
train,fcc,141,34380,42521
train,fcc,141,25291,42538
train,fcc,142,60157,42617
train,fcc,142,52914,42621
train,fcc,142,40627,42637
train,fcc,142,9763,42658
train,fcc,142,13379,42685
train,fcc,142,105230,42726
train,fcc,142,97734,42731
train,fcc,142,15082,42782
train,fcc,142,882,42811
train,fcc,142,19235,42815
train,fcc,142,41969,42818
train,fcc,142,100995,42848
train,fcc,142,11491,42855
train,fcc,142,50739,42862
train,fcc,142,54905,42874
train,fcc,142,35594,42886
train,fcc,142,89459,42889
train,fcc,143,65676,42939
train,fcc,143,24160,42951
train,fcc,143,14585,42954
train,fcc,143,104487,42992
train,fcc,143,80730,42998
train,fcc,143,97816,43006
train,fcc,143,46586,43026
train,fcc,143,65603,43028
train,fcc,143,73275,43052
train,fcc,143,28713,43056
train,fcc,143,69896,43093
train,fcc,143,44113,43094
train,fcc,143,9539,43095
train,fcc,143,42532,43162
train,fcc,143,48301,43169
train,fcc,143,20744,43188
train,fcc,143,44097,43199
train,fcc,144,78255,43253
train,fcc,144,31759,43336
train,fcc,144,71643,43348
train,fcc,144,24025,43358
train,fcc,144,98060,43374
train,fcc,144,28950,43445
train,fcc,144,13219,43449
train,fcc,144,36462,43455
train,fcc,144,84475,43465
train,fcc,144,44208,43466
train,fcc,144,84910,43477
train,fcc,146,100191,43812
train,fcc,146,51881,43852
train,fcc,146,47744,43875
train,fcc,146,61325,43883
train,fcc,146,83997,43885
train,fcc,146,87432,43906
train,fcc,146,52991,43907
train,fcc,146,66404,43929
train,fcc,146,20446,43953
train,fcc,146,77447,43957
train,fcc,146,90645,43970
train,fcc,146,106106,43991
train,fcc,146,46551,43997
train,fcc,146,25317,44020
train,fcc,146,76216,44024
train,fcc,146,93266,44042
train,fcc,146,105538,44051
train,fcc,146,1448,44064
train,fcc,146,49720,44083
train,fcc,146,95788,44098
train,fcc,147,85241,44103
train,fcc,147,8835,44107
train,fcc,147,57461,44121
train,fcc,147,24583,44149
train,fcc,147,97859,44163
train,fcc,147,78301,44171
train,fcc,147,26460,44233
train,fcc,147,94923,44253
train,fcc,147,90007,44284
train,fcc,147,60244,44300
train,fcc,147,80471,44305
train,fcc,147,84245,44319
train,fcc,147,4756,44338
train,fcc,147,25578,44389
train,fcc,148,8229,44445
train,fcc,148,53740,44446
train,fcc,148,57557,44465
train,fcc,148,18939,44475
train,fcc,148,98803,44481
train,fcc,148,41690,44488
train,fcc,148,64440,44494
train,fcc,148,76184,44506
train,fcc,148,39482,44546
train,fcc,148,93185,44565
train,fcc,148,77289,44588
train,fcc,148,34201,44604
train,fcc,148,27435,44610
train,fcc,148,92182,44627
train,fcc,148,79584,44659
train,fcc,149,31346,44711
train,fcc,149,3591,44713
train,fcc,149,21872,44715
train,fcc,149,92379,44734
train,fcc,149,53799,44741
train,fcc,149,84424,44743
train,fcc,149,62405,44757
train,fcc,149,74027,44769
train,fcc,149,72650,44778
train,fcc,149,20161,44790
train,fcc,149,2930,44847
train,fcc,149,75746,44854
train,fcc,149,5579,44859
train,fcc,149,91253,44907
train,fcc,149,101474,44927
train,fcc,149,3562,44947
train,fcc,149,96903,44948
train,fcc,149,39903,44955
train,fcc,149,104893,44983
train,fcc,149,91147,44987
train,fcc,150,47677,45055
train,fcc,150,27794,45086
train,fcc,150,103189,45104
train,fcc,150,76236,45119
train,fcc,150,17689,45147
train,fcc,150,78742,45157
train,fcc,150,39277,45168
train,fcc,150,86768,45195
train,fcc,150,42462,45236
train,fcc,150,71824,45248
train,fcc,150,4427,45264
train,fcc,150,8469,45290
train,fcc,150,17723,45296
train,fcc,150,7172,45298
train,fcc,151,1329,45301
train,fcc,151,36109,45330
train,fcc,151,86588,45332
train,fcc,151,75686,45338
train,fcc,151,8121,45346
train,fcc,151,18879,45349
train,fcc,151,92871,45354
train,fcc,151,11788,45449
train,fcc,151,45546,45460
train,fcc,151,67968,45463
train,fcc,151,38506,45469
train,fcc,151,35632,45479
train,fcc,151,8275,45510
train,fcc,151,87976,45526
train,fcc,151,36195,45540
train,fcc,151,69852,45556
train,fcc,151,28599,45599
train,fcc,153,27479,45901
train,fcc,153,28073,45924
train,fcc,153,20880,45966
train,fcc,153,27429,45967
train,fcc,153,69216,46003
train,fcc,153,96866,46006
train,fcc,153,90441,46007
train,fcc,153,15072,46015
train,fcc,153,13860,46076
train,fcc,153,92919,46090
train,fcc,153,80743,46120
train,fcc,153,17267,46124
train,fcc,153,955,46128
train,fcc,153,49355,46138
train,fcc,153,40863,46141
train,fcc,153,92254,46158
train,fcc,153,15657,46188
train,fcc,156,60434,46803
train,fcc,156,84744,46836
train,fcc,156,88520,46851
train,fcc,156,35031,46867
train,fcc,156,94925,46873
train,fcc,156,23221,46899
train,fcc,156,102700,46906
train,fcc,156,23890,46955
train,fcc,156,65061,47005
train,fcc,156,99917,47009
train,fcc,156,88815,47042
train,fcc,156,25514,47046
train,fcc,156,39475,47085
train,fcc,156,55725,47086
train,fcc,156,53107,47090
train,fcc,157,31586,47113
train,fcc,157,54008,47126
train,fcc,157,43415,47176
train,fcc,157,49797,47178
train,fcc,157,3682,47180
train,fcc,157,104562,47185
train,fcc,157,12055,47225
train,fcc,157,74955,47229
train,fcc,157,53879,47230
train,fcc,157,81393,47243
train,fcc,157,93311,47252
train,fcc,157,54328,47347
train,fcc,157,89910,47362
train,fcc,157,48697,47380
train,fcc,157,22980,47384
train,fcc,161,42143,48312
train,fcc,161,96139,48322
train,fcc,161,70406,48343
train,fcc,161,36720,48443
train,fcc,161,62157,48481
train,fcc,161,381,48513
train,fcc,161,51389,48525
train,fcc,161,87487,48530
train,fcc,161,95438,48543
train,fcc,161,50186,48569
train,fcc,161,6892,48584
train,fcc,161,64703,48587
train,fcc,164,90356,49211
train,fcc,164,83466,49212
train,fcc,164,66438,49225
train,fcc,164,56052,49265
train,fcc,164,63272,49280
train,fcc,164,23120,49282
train,fcc,164,58255,49300
train,fcc,164,54151,49321
train,fcc,164,185,49343
train,fcc,164,63133,49357
train,fcc,164,53034,49362
train,fcc,164,79057,49373
train,fcc,164,47970,49374
train,fcc,164,103031,49383
train,fcc,164,94236,49387
train,fcc,164,6402,49421
train,fcc,164,74293,49481
train,fcc,167,9599,50106
train,fcc,167,59285,50109
train,fcc,167,105521,50110
train,fcc,167,28503,50114
train,fcc,167,90090,50153
train,fcc,167,5837,50177
train,fcc,167,24749,50198
train,fcc,167,76225,50221
train,fcc,167,34569,50232
train,fcc,167,76120,50276
train,fcc,167,41428,50277
train,fcc,167,57405,50290
train,fcc,167,106380,50320
train,fcc,167,73706,50342
train,fcc,167,47537,50355
train,fcc,167,62920,50357
train,fcc,167,88597,50363
train,fcc,167,64595,50381
train,fcc,168,7315,50415
train,fcc,168,1876,50420
train,fcc,168,57172,50472
train,fcc,168,23437,50475
train,fcc,168,21335,50478
train,fcc,168,32355,50479
train,fcc,168,36067,50530
train,fcc,168,92255,50549
train,fcc,168,96733,50589
train,fcc,168,38127,50608
train,fcc,168,60772,50610
train,fcc,168,34461,50661
train,fcc,168,90160,50675
train,fcc,168,99733,50684
train,fcc,169,10905,50736
train,fcc,169,20190,50763
train,fcc,169,81847,50770
train,fcc,169,57322,50785
train,fcc,169,16445,50798
train,fcc,169,12208,50851
train,fcc,169,13598,50871
train,fcc,169,81320,50900
train,fcc,169,72172,50921
train,fcc,169,16746,50922
train,fcc,169,4063,50929
train,fcc,169,76189,50931
train,fcc,169,38460,50944
train,fcc,169,40720,50954
train,fcc,170,78900,51013
train,fcc,170,106887,51041
train,fcc,170,20588,51066
train,fcc,170,8574,51147
train,fcc,170,103742,51162
train,fcc,170,44684,51176
train,fcc,170,23010,51181
train,fcc,170,38587,51202
train,fcc,170,71191,51229
train,fcc,170,51738,51234
train,fcc,170,36129,51242
train,fcc,170,29826,51245
train,fcc,170,58580,51297
train,fcc,171,36522,51306
train,fcc,171,106719,51325
train,fcc,171,86445,51341
train,fcc,171,50649,51383
train,fcc,171,6161,51405
train,fcc,171,75072,51408
train,fcc,171,74374,51409
train,fcc,171,70166,51419
train,fcc,171,69890,51445
train,fcc,171,46662,51469
train,fcc,171,93334,51484
train,fcc,171,63671,51517
train,fcc,171,66646,51561
train,fcc,171,19272,51565
train,fcc,171,106624,51571
train,fcc,171,26136,51578
train,fcc,171,43862,51579
train,fcc,171,50756,51580
train,fcc,171,83394,51595
train,fcc,173,89656,51912
train,fcc,173,5908,51927
train,fcc,173,73024,52016
train,fcc,173,46445,52019
train,fcc,173,55887,52031
train,fcc,173,7355,52038
train,fcc,173,29535,52045
train,fcc,173,89792,52050
train,fcc,173,3372,52079
train,fcc,173,106167,52094
train,fcc,173,106973,52109
train,fcc,173,102431,52126
train,fcc,173,104605,52156
train,fcc,174,94452,52233
train,fcc,174,31400,52247
train,fcc,174,41022,52257
train,fcc,174,3978,52324
train,fcc,174,31734,52329
train,fcc,174,9987,52337
train,fcc,174,66449,52341
train,fcc,174,25337,52387
train,fcc,174,63153,52418
train,fcc,174,47438,52446
train,fcc,174,100654,52470
train,fcc,174,71806,52478
train,fcc,174,9730,52484
train,fcc,175,40592,52523
train,fcc,175,50777,52527
train,fcc,175,6344,52535
train,fcc,175,16761,52549
train,fcc,175,60949,52567
train,fcc,175,72682,52583
train,fcc,175,49974,52593
train,fcc,175,45105,52594
train,fcc,175,12242,52632
train,fcc,175,92601,52640
train,fcc,175,32930,52643
train,fcc,175,39139,52649
train,fcc,175,46822,52650
train,fcc,175,78477,52670
train,fcc,175,20155,52701
train,fcc,175,34743,52727
train,fcc,175,29181,52735
train,fcc,175,86037,52763
train,fcc,175,37721,52783
train,fcc,178,33118,53410
train,fcc,178,78131,53424
train,fcc,178,68635,53429
train,fcc,178,12333,53459
train,fcc,178,32743,53467
train,fcc,178,41301,53468
train,fcc,178,21238,53512
train,fcc,178,93667,53523
train,fcc,178,43316,53558
train,fcc,178,60069,53561
train,fcc,178,24099,53582
train,fcc,178,97439,53620
train,fcc,178,30538,53637
train,fcc,178,37894,53648
train,fcc,178,19528,53669
train,fcc,178,76956,53670
train,fcc,178,1936,53684
train,fcc,178,45898,53694
train,fcc,180,34833,54009
train,fcc,180,106887,54014
train,fcc,180,67420,54053
train,fcc,180,12612,54072
train,fcc,180,76648,54086
train,fcc,180,67146,54128
train,fcc,180,656,54129
train,fcc,180,26006,54143
train,fcc,180,15400,54154
train,fcc,180,37687,54161
train,fcc,180,30808,54162
train,fcc,180,37886,54184
train,fcc,180,36529,54206
train,fcc,180,58343,54239
train,fcc,180,101667,54244
train,fcc,180,71604,54290
train,fcc,182,40297,54607
train,fcc,182,57966,54621
train,fcc,182,61493,54686
train,fcc,182,75735,54695
train,fcc,182,77,54766
train,fcc,182,17904,54782
train,fcc,182,44835,54809
train,fcc,182,24214,54820
train,fcc,182,97178,54860
train,fcc,182,53490,54889
train,fcc,183,10906,54929
train,fcc,183,24247,54940
train,fcc,183,92172,54954
train,fcc,183,14718,54970
train,fcc,183,69581,55019
train,fcc,183,66868,55023
train,fcc,183,50330,55066
train,fcc,183,62853,55068
train,fcc,183,77864,55109
train,fcc,183,90513,55150
train,fcc,183,23540,55167
train,fcc,183,44424,55178
train,fcc,183,46519,55180
train,fcc,184,7361,55219
train,fcc,184,97751,55245
train,fcc,184,56636,55252
train,fcc,184,44707,55275
train,fcc,184,61838,55311
train,fcc,184,4677,55329
train,fcc,184,43757,55335
train,fcc,184,42485,55336
train,fcc,184,42137,55372
train,fcc,184,80169,55380
train,fcc,184,86044,55382
train,fcc,184,57427,55419
train,fcc,184,20566,55434
train,fcc,184,79344,55455
train,fcc,184,6897,55487
train,fcc,184,97421,55499
train,fcc,185,107534,55513
train,fcc,185,59052,55543
train,fcc,185,4371,55566
train,fcc,185,58425,55573
train,fcc,185,13669,55624
train,fcc,185,32856,55638
train,fcc,185,16705,55641
train,fcc,185,74065,55670
train,fcc,185,42712,55676
train,fcc,185,35014,55682
train,fcc,185,84314,55733
train,fcc,185,7760,55759
train,fcc,185,1988,55763
train,fcc,186,6263,55803
train,fcc,186,28792,55807
train,fcc,186,19936,55812
train,fcc,186,91568,55869
train,fcc,186,81028,55886
train,fcc,186,54713,55941
train,fcc,186,89900,55945
train,fcc,186,45808,55961
train,fcc,186,35961,56017
train,fcc,186,845,56024
train,fcc,186,100512,56046
train,fcc,186,96828,56093
train,fcc,187,66343,56132
train,fcc,187,68609,56161
train,fcc,187,37656,56182
train,fcc,187,20577,56208
train,fcc,187,101515,56214
train,fcc,187,105696,56240
train,fcc,187,93983,56278
train,fcc,187,69308,56306
train,fcc,187,27005,56308
train,fcc,187,83137,56327
train,fcc,187,48296,56381
train,fcc,187,91425,56398
train,fcc,188,100164,56428
train,fcc,188,103276,56435
train,fcc,188,4937,56436
train,fcc,188,101450,56443
train,fcc,188,9084,56460
train,fcc,188,50201,56461
train,fcc,188,23844,56497
train,fcc,188,4070,56503
train,fcc,188,75313,56512
train,fcc,188,82031,56522
train,fcc,188,11716,56558
train,fcc,188,66063,56590
train,fcc,188,65458,56643
train,fcc,188,23271,56654
train,fcc,188,82061,56667
train,fcc,190,52551,57049
train,fcc,190,35199,57051
train,fcc,190,27449,57064
train,fcc,190,104605,57082
train,fcc,190,22385,57093
train,fcc,190,105130,57102
train,fcc,190,100047,57115
train,fcc,190,78398,57138
train,fcc,190,98663,57139
train,fcc,190,67093,57161
train,fcc,190,75513,57184
train,fcc,190,79542,57185
train,fcc,190,98002,57208
train,fcc,190,40293,57227
train,fcc,190,63109,57228
train,fcc,190,1084,57267
train,fcc,190,50531,57279
train,fcc,190,46799,57289
train,fcc,191,37214,57332
train,fcc,191,82718,57338
train,fcc,191,17088,57361
train,fcc,191,81954,57363
train,fcc,191,24784,57369
train,fcc,191,21171,57374
train,fcc,191,80291,57375
train,fcc,191,6984,57399
train,fcc,191,40361,57450
train,fcc,191,71580,57454
train,fcc,191,87266,57465
train,fcc,191,11863,57485
train,fcc,191,7333,57515
train,fcc,191,105368,57540
train,fcc,191,91234,57552
train,fcc,191,52758,57567
train,fcc,191,107493,57582
train,fcc,191,97609,57583
train,fcc,192,39419,57623
train,fcc,192,35875,57672
train,fcc,192,11619,57700
train,fcc,192,88252,57707
train,fcc,192,40865,57713
train,fcc,192,42692,57717
train,fcc,192,16980,57727
train,fcc,192,103179,57740
train,fcc,192,52022,57747
train,fcc,192,54658,57771
train,fcc,192,67334,57798
train,fcc,192,58131,57804
train,fcc,192,21622,57813
train,fcc,192,95461,57817
train,fcc,192,86477,57821
train,fcc,192,58844,57847
train,fcc,192,4213,57849
train,fcc,192,78706,57856
train,fcc,193,91161,57908
train,fcc,193,21809,57923
train,fcc,193,28070,57945
train,fcc,193,16930,57949
train,fcc,193,41432,57987
train,fcc,193,77683,58026
train,fcc,193,5238,58054
train,fcc,193,45810,58076
train,fcc,193,56932,58077
train,fcc,193,70352,58122
train,fcc,193,90622,58177
train,fcc,193,92888,58181
train,fcc,193,34503,58197
train,fcc,194,106654,58236
train,fcc,194,105528,58252
train,fcc,194,9235,58254
train,fcc,194,69780,58262
train,fcc,194,30337,58310
train,fcc,194,37177,58356
train,fcc,194,44500,58394
train,fcc,194,76017,58422
train,fcc,194,42441,58452
train,fcc,194,64353,58469
train,fcc,194,93376,58487
train,fcc,196,72538,58821
train,fcc,196,7087,58827
train,fcc,196,100134,58870
train,fcc,196,82664,58912
train,fcc,196,21980,58936
train,fcc,196,9666,58963
train,fcc,196,324,58975
train,fcc,196,14536,58998
train,fcc,196,2422,59000
train,fcc,196,9124,59014
train,fcc,196,83750,59034
train,fcc,196,26513,59041
train,fcc,196,29560,59061
train,fcc,196,38591,59085
train,fcc,196,50114,59097
train,fcc,197,66498,59104
train,fcc,197,15702,59143
train,fcc,197,80842,59154
train,fcc,197,37906,59177
train,fcc,197,21879,59214
train,fcc,197,65755,59217
train,fcc,197,107894,59261
train,fcc,197,63552,59272
train,fcc,197,106126,59277
train,fcc,197,47279,59348
train,fcc,197,107974,59353
train,fcc,197,50054,59373
train,fcc,199,35568,59724
train,fcc,199,14150,59758
train,fcc,199,85175,59766
train,fcc,199,34135,59779
train,fcc,199,54616,59797
train,fcc,199,58369,59814
train,fcc,199,29531,59825
train,fcc,199,25766,59829
train,fcc,199,80686,59842
train,fcc,199,68616,59850
train,fcc,199,42897,59856
train,fcc,199,105105,59858
train,fcc,199,106625,59870
train,fcc,199,99324,59916
train,fcc,199,8980,59933
train,fcc,199,20655,59939
train,fcc,199,24382,59984
train,fcc,199,42493,59999
train,fcc,200,75711,60001
train,fcc,200,10579,60013
train,fcc,200,21821,60015
train,fcc,200,104327,60061
train,fcc,200,98273,60065
train,fcc,200,45044,60072
train,fcc,200,87597,60076
train,fcc,200,107600,60129
train,fcc,200,57387,60148
train,fcc,200,74670,60149
train,fcc,200,65925,60158
train,fcc,200,74688,60171
train,fcc,200,75340,60199
train,fcc,200,56847,60234
train,fcc,200,95814,60268
train,fcc,200,90925,60270
train,fcc,200,36205,60298
train,fcc,201,66642,60300
train,fcc,201,16048,60305
train,fcc,201,47942,60315
train,fcc,201,94671,60332
train,fcc,201,31813,60336
train,fcc,201,97749,60338
train,fcc,201,67761,60343
train,fcc,201,2298,60360
train,fcc,201,79877,60366
train,fcc,201,68415,60399
train,fcc,201,452,60415
train,fcc,201,31271,60430
train,fcc,201,4207,60442
train,fcc,201,99420,60460
train,fcc,201,79694,60467
train,fcc,201,81418,60470
train,fcc,201,59860,60492
train,fcc,201,9224,60497
train,fcc,201,14817,60514
train,fcc,201,63658,60517
train,fcc,201,29776,60578
train,fcc,201,25998,60585
train,fcc,201,34194,60588
train,fcc,201,50892,60589
train,fcc,201,95228,60595
train,fcc,202,22088,60610
train,fcc,202,11526,60613
train,fcc,202,84533,60639
train,fcc,202,60304,60668
train,fcc,202,271,60671
train,fcc,202,9975,60684
train,fcc,202,931,60688
train,fcc,202,34098,60713
train,fcc,202,82441,60719
train,fcc,202,73146,60729
train,fcc,202,88947,60734
train,fcc,202,43629,60760
train,fcc,202,32697,60776
train,fcc,202,68033,60790
train,fcc,202,50261,60805
train,fcc,202,80847,60819
train,fcc,202,29300,60894
train,fcc,205,91028,61510
train,fcc,205,87062,61532
train,fcc,205,94117,61571
train,fcc,205,11956,61577
train,fcc,205,74618,61593
train,fcc,205,1840,61595
train,fcc,205,43025,61609
train,fcc,205,53904,61625
train,fcc,205,99564,61676
train,fcc,205,5555,61690
train,fcc,205,84877,61773
train,fcc,207,80446,62108
train,fcc,207,11581,62128
train,fcc,207,12714,62137
train,fcc,207,22975,62159
train,fcc,207,29866,62171
train,fcc,207,7204,62187
train,fcc,207,36359,62191
train,fcc,207,56001,62193
train,fcc,207,85088,62221
train,fcc,207,74271,62223
train,fcc,207,97957,62241
train,fcc,207,80475,62259
train,fcc,207,15539,62263
train,fcc,207,58142,62276
train,fcc,207,57448,62279
train,fcc,207,76141,62292
train,fcc,207,96948,62355
train,fcc,207,32199,62364
train,fcc,207,17505,62367
train,fcc,207,5720,62375
train,fcc,207,63420,62397
train,fcc,207,38842,62398
train,fcc,208,25938,62406
train,fcc,208,82075,62416
train,fcc,208,35209,62440
train,fcc,208,23795,62487
train,fcc,208,77381,62546
train,fcc,208,60629,62632
train,fcc,208,6944,62641
train,fcc,211,83961,63320
train,fcc,211,86785,63345
train,fcc,211,91324,63395
train,fcc,211,71952,63452
train,fcc,211,61524,63472
train,fcc,211,21248,63502
train,fcc,211,50575,63509
train,fcc,211,9607,63512
train,fcc,211,7210,63523
train,fcc,211,10982,63525
train,fcc,211,6540,63557
train,fcc,211,36143,63571
train,fcc,211,36423,63582
train,fcc,212,74442,63638
train,fcc,212,1960,63680
train,fcc,212,19620,63725
train,fcc,212,42132,63727
train,fcc,212,26720,63752
train,fcc,212,64306,63767
train,fcc,212,31734,63774
train,fcc,212,12554,63775
train,fcc,212,31744,63779
train,fcc,212,47184,63862
train,fcc,212,69469,63863
train,fcc,212,70600,63870
train,fcc,212,107255,63872
train,fcc,212,43757,63887
train,fcc,212,84453,63889
train,fcc,213,19615,63902
train,fcc,213,6679,63940
train,fcc,213,25567,63943
train,fcc,213,45888,63961
train,fcc,213,27205,63980
train,fcc,213,14356,63993
train,fcc,213,62784,64051
train,fcc,213,3257,64062
train,fcc,213,12660,64087
train,fcc,213,104052,64089
train,fcc,213,74242,64120
train,fcc,213,8933,64122
train,fcc,213,39631,64132
train,fcc,213,17009,64151
train,fcc,213,89411,64162
train,fcc,213,33254,64176
train,fcc,213,93490,64179
train,fcc,213,18091,64189
train,fcc,213,39602,64198
train,fcc,214,51542,64205
train,fcc,214,49577,64215
train,fcc,214,17195,64221
train,fcc,214,67676,64228
train,fcc,214,1140,64267
train,fcc,214,69173,64269
train,fcc,214,102447,64271
train,fcc,214,89080,64302
train,fcc,214,40901,64354
train,fcc,214,40646,64362
train,fcc,214,84651,64366
train,fcc,214,32501,64371
train,fcc,214,62698,64395
train,fcc,214,97015,64420
train,fcc,214,83412,64429
train,fcc,214,66378,64439
train,fcc,214,91190,64484
train,fcc,215,82034,64579
train,fcc,215,56371,64592
train,fcc,215,1754,64598
train,fcc,215,39662,64667
train,fcc,215,8368,64673
train,fcc,215,18858,64700
train,fcc,215,7383,64703
train,fcc,215,14566,64704
train,fcc,215,19486,64706
train,fcc,215,53932,64739
train,fcc,215,16040,64741
train,fcc,215,39120,64754
train,fcc,215,89428,64769
train,fcc,215,44024,64778
train,fcc,216,8981,64803
train,fcc,216,93746,64808
train,fcc,216,47594,64837
train,fcc,216,32994,64844
train,fcc,216,16711,64848
train,fcc,216,35168,64912
train,fcc,216,28497,64927
train,fcc,216,69490,64936
train,fcc,216,67442,64955
train,fcc,216,23119,64969
train,fcc,216,22033,64987
train,fcc,216,18529,65037
train,fcc,216,23518,65077
train,fcc,216,16015,65098
train,fcc,217,93627,65115
train,fcc,217,96592,65116
train,fcc,217,82854,65123
train,fcc,217,58905,65128
train,fcc,217,97981,65142
train,fcc,217,8362,65157
train,fcc,217,93857,65177
train,fcc,217,75583,65188
train,fcc,217,43597,65207
train,fcc,217,49925,65240
train,fcc,217,83927,65278
train,fcc,217,9844,65307
train,fcc,217,6252,65316
train,fcc,217,60636,65336
train,fcc,217,15059,65344
train,fcc,217,106541,65370
train,fcc,218,95435,65409
train,fcc,218,33596,65527
train,fcc,218,96218,65628
train,fcc,218,49528,65649
train,fcc,218,37756,65652
train,fcc,218,70514,65674
train,fcc,218,84868,65691
train,fcc,218,106602,65693
train,fcc,219,61055,65719
train,fcc,219,29586,65725
train,fcc,219,18793,65777
train,fcc,219,83809,65797
train,fcc,219,51710,65830
train,fcc,219,21540,65832
train,fcc,219,33632,65853
train,fcc,219,30103,65892
train,fcc,219,47429,65902
train,fcc,219,31019,65907
train,fcc,219,71091,65990
train,fcc,219,96190,65998
train,fcc,220,106800,66007
train,fcc,220,73128,66008
train,fcc,220,99802,66021
train,fcc,220,50726,66030
train,fcc,220,5371,66070
train,fcc,220,34296,66102
train,fcc,220,5349,66119
train,fcc,220,75294,66123
train,fcc,220,30853,66139
train,fcc,220,87496,66173
train,fcc,220,44696,66196
train,fcc,220,39649,66212
train,fcc,220,73447,66233
train,fcc,222,106408,66603
train,fcc,222,66187,66620
train,fcc,222,16085,66627
train,fcc,222,77146,66645
train,fcc,222,5715,66653
train,fcc,222,7076,66667
train,fcc,222,53504,66682
train,fcc,222,28715,66725
train,fcc,222,87757,66738
train,fcc,222,50873,66751
train,fcc,222,35455,66757
train,fcc,222,77587,66778
train,fcc,222,53128,66785
train,fcc,222,73708,66790
train,fcc,222,81865,66797
train,fcc,222,68554,66830
train,fcc,222,19088,66834
train,fcc,222,44352,66881
train,fcc,222,22140,66884
train,fcc,224,20862,67203
train,fcc,224,33562,67209
train,fcc,224,62888,67222
train,fcc,224,61692,67255
train,fcc,224,26760,67302
train,fcc,224,30689,67329
train,fcc,224,85287,67351
train,fcc,224,12841,67364
train,fcc,224,46758,67391
train,fcc,224,104052,67399
train,fcc,224,63619,67413
train,fcc,224,37633,67476
train,fcc,226,30579,67813
train,fcc,226,62550,67851
train,fcc,226,55430,67889
train,fcc,226,100075,67929
train,fcc,226,97530,67957
train,fcc,226,41302,67984
train,fcc,226,76132,68009
train,fcc,226,84358,68012
train,fcc,226,95267,68038
train,fcc,226,74307,68053
train,fcc,226,84589,68058
train,fcc,226,9377,68074
train,fcc,226,65072,68093
train,fcc,227,2384,68105
train,fcc,227,15304,68106
train,fcc,227,14967,68136
train,fcc,227,61194,68137
train,fcc,227,82305,68180
train,fcc,227,77569,68183
train,fcc,227,45529,68198
train,fcc,227,58643,68245
train,fcc,227,33963,68249
train,fcc,227,88942,68270
train,fcc,227,107115,68278
train,fcc,227,1569,68347
train,fcc,227,13243,68371
train,fcc,227,60087,68381
train,fcc,228,12665,68413
train,fcc,228,61640,68427
train,fcc,228,45919,68431
train,fcc,228,56062,68441
train,fcc,228,19214,68457
train,fcc,228,11202,68484
train,fcc,228,100458,68531
train,fcc,228,76256,68631
train,fcc,228,95490,68642
train,fcc,232,100215,69607
train,fcc,232,92032,69661
train,fcc,232,107127,69686
train,fcc,232,51806,69734
train,fcc,232,27070,69754
train,fcc,232,88853,69762
train,fcc,232,12983,69804
train,fcc,232,17241,69812
train,fcc,232,688,69850
train,fcc,232,29424,69861
train,fcc,233,94421,69961
train,fcc,233,87874,69966
train,fcc,233,21987,69977
train,fcc,233,99244,69992
train,fcc,233,86122,69994
train,fcc,233,35761,70001
train,fcc,233,79687,70032
train,fcc,233,8822,70063
train,fcc,233,23619,70112
train,fcc,233,64363,70149
train,fcc,233,81992,70172
train,fcc,233,99504,70186
train,fcc,234,102341,70275
train,fcc,234,12822,70284
train,fcc,234,72234,70313
train,fcc,234,25191,70363
train,fcc,234,4778,70396
train,fcc,234,72278,70404
train,fcc,234,90894,70437
train,fcc,234,99491,70451
train,fcc,234,79656,70454
train,fcc,234,18934,70475
train,fcc,234,45276,70492
train,fcc,236,19841,70806
train,fcc,236,54090,70832
train,fcc,236,230,70836
train,fcc,236,31588,70839
train,fcc,236,30848,70870
train,fcc,236,78009,70890
train,fcc,236,47981,70916
train,fcc,236,67215,70925
train,fcc,236,31008,70946
train,fcc,236,39963,70980
train,fcc,236,55430,70992
train,fcc,236,105417,71004
train,fcc,236,45131,71011
train,fcc,236,39709,71043
train,fcc,236,87141,71045
train,fcc,236,86655,71053
train,fcc,236,53003,71078
train,fcc,236,5488,71084
train,fcc,236,35045,71096
train,fcc,236,99735,71098
train,fcc,239,25122,71714
train,fcc,239,1460,71731
train,fcc,239,5298,71739
train,fcc,239,88299,71740
train,fcc,239,91291,71746
train,fcc,239,5412,71754
train,fcc,239,29896,71785
train,fcc,239,89447,71791
train,fcc,239,7771,71800
train,fcc,239,90608,71808
train,fcc,239,27036,71837
train,fcc,239,97782,71838
train,fcc,239,43033,71848
train,fcc,239,20077,71851
train,fcc,239,1733,71885
train,fcc,239,21497,71901
train,fcc,239,58408,71927
train,fcc,239,58947,71937
train,fcc,239,49825,71951
train,fcc,239,37660,71964
train,fcc,240,1134,72000
train,fcc,240,80104,72007
train,fcc,240,71558,72032
train,fcc,240,29691,72041
train,fcc,240,14775,72051
train,fcc,240,67384,72054
train,fcc,240,63585,72069
train,fcc,240,101170,72139
train,fcc,240,98576,72163
train,fcc,240,89565,72173
train,fcc,240,28893,72180
train,fcc,240,20193,72198
train,fcc,240,107587,72202
train,fcc,240,48067,72221
train,fcc,240,31619,72275
train,fcc,242,58589,72605
train,fcc,242,90087,72618
train,fcc,242,12613,72646
train,fcc,242,70026,72649
train,fcc,242,101842,72653
train,fcc,242,62982,72676
train,fcc,242,8356,72759
train,fcc,242,74688,72761
train,fcc,242,44406,72810
train,fcc,242,47301,72830
train,fcc,242,95696,72831
train,fcc,242,16741,72849
train,fcc,242,51167,72865
train,fcc,242,55633,72886
train,fcc,243,70799,72902
train,fcc,243,22451,72929
train,fcc,243,4219,72943
train,fcc,243,88610,72944
train,fcc,243,21778,72995
train,fcc,243,37003,73014
train,fcc,243,6732,73020
train,fcc,243,41782,73047
train,fcc,243,7592,73051
train,fcc,243,60653,73073
train,fcc,243,99480,73112
train,fcc,243,38623,73137
train,fcc,243,6931,73144
train,fcc,243,79380,73182
train,fcc,243,103969,73197
train,fcc,244,87871,73212
train,fcc,244,87124,73224
train,fcc,244,61209,73258
train,fcc,244,66575,73278
train,fcc,244,53815,73279
train,fcc,244,66139,73292
train,fcc,244,87614,73314
train,fcc,244,94164,73330
train,fcc,244,3383,73344
train,fcc,244,100042,73402
train,fcc,244,49337,73435
train,fcc,244,76949,73455
train,fcc,244,77212,73468
train,fcc,245,57413,73500
train,fcc,245,31122,73510
train,fcc,245,65121,73513
train,fcc,245,95518,73520
train,fcc,245,12836,73556
train,fcc,245,76023,73562
train,fcc,245,101313,73584
train,fcc,245,54040,73639
train,fcc,245,75264,73667
train,fcc,245,50312,73669
train,fcc,245,20628,73687
train,fcc,245,6866,73713
train,fcc,245,7520,73742
train,fcc,245,87128,73764
train,fcc,245,60423,73778
train,fcc,248,85177,74400
train,fcc,248,83787,74409
train,fcc,248,90408,74446
train,fcc,248,58127,74460
train,fcc,248,79162,74469
train,fcc,248,19756,74514
train,fcc,248,36289,74549
train,fcc,248,37537,74553
train,fcc,248,4110,74557
train,fcc,248,87496,74590
train,fcc,248,36364,74611
train,fcc,248,93238,74617
train,fcc,248,68524,74624
train,fcc,248,22829,74640
train,fcc,248,1033,74658
train,fcc,248,82114,74661
train,fcc,248,25881,74680
train,fcc,248,413,74681
train,fcc,248,90077,74692
train,fcc,248,1787,74695
train,fcc,249,6705,74709
train,fcc,249,94273,74724
train,fcc,249,49717,74738
train,fcc,249,10135,74802
train,fcc,249,66489,74825
train,fcc,249,102798,74837
train,fcc,249,14055,74839
train,fcc,249,67125,74858
train,fcc,249,83521,74869
train,fcc,249,87415,74883
train,fcc,249,99025,74921
train,fcc,249,42,74926
train,fcc,249,64762,74953
train,fcc,249,34058,74968
train,fcc,249,6084,74973
train,fcc,250,89727,75001
train,fcc,250,7989,75022
train,fcc,250,95325,75035
train,fcc,250,80164,75056
train,fcc,250,87912,75081
train,fcc,250,46547,75093
train,fcc,250,40697,75130
train,fcc,250,1608,75149
train,fcc,250,10079,75157
train,fcc,250,46409,75185
train,fcc,250,33217,75209
train,fcc,250,46116,75254
train,fcc,250,91719,75286
train,fcc,250,6140,75289
train,fcc,252,76996,75646
train,fcc,252,4039,75650
train,fcc,252,75651,75681
train,fcc,252,81127,75717
train,fcc,252,99074,75726
train,fcc,252,21838,75762
train,fcc,252,104574,75805
train,fcc,254,34749,76204
train,fcc,254,90149,76217
train,fcc,254,24793,76241
train,fcc,254,92786,76267
train,fcc,254,25016,76276
train,fcc,254,47134,76279
train,fcc,254,52414,76299
train,fcc,254,20302,76335
train,fcc,254,13466,76337
train,fcc,254,104461,76352
train,fcc,254,88087,76381
train,fcc,254,77792,76386
train,fcc,254,11000,76396
train,fcc,254,75109,76415
train,fcc,254,43335,76426
train,fcc,254,16352,76450
train,fcc,254,47511,76451
train,fcc,255,38295,76532
train,fcc,255,90810,76591
train,fcc,255,53197,76592
train,fcc,255,45367,76676
train,fcc,255,72088,76678
train,fcc,255,11427,76699
train,fcc,255,53985,76717
train,fcc,255,43245,76726
train,fcc,255,84573,76755
train,fcc,255,107300,76762
train,fcc,255,81500,76779
train,fcc,255,101824,76782
train,fcc,256,7318,76810
train,fcc,256,30215,76832
train,fcc,256,53539,76873
train,fcc,256,54055,76874
train,fcc,256,103062,76934
train,fcc,256,90243,76965
train,fcc,256,26256,76993
train,fcc,256,98015,76996
train,fcc,256,72449,77000
train,fcc,256,6207,77035
train,fcc,256,74153,77052
train,fcc,256,88544,77071
train,fcc,258,38784,77499
train,fcc,258,51750,77505
train,fcc,258,100338,77585
train,fcc,258,47213,77619
train,fcc,258,63173,77629
train,fcc,258,59149,77658
train,fcc,258,18777,77662
train,fcc,258,83929,77663
train,fcc,258,75154,77693
train,fcc,258,107098,77696
train,fcc,260,81730,78031
train,fcc,260,16985,78044
train,fcc,260,36277,78049
train,fcc,260,15614,78096
train,fcc,260,48872,78105
train,fcc,260,27694,78117
train,fcc,260,4876,78141
train,fcc,260,34923,78170
train,fcc,260,37813,78193
train,fcc,260,99839,78196
train,fcc,260,17867,78271
train,fcc,260,103498,78272
train,fcc,260,83721,78273
train,fcc,260,29907,78297
train,fcc,264,17565,79235
train,fcc,264,24054,79253
train,fcc,264,22755,79310
train,fcc,264,31823,79342
train,fcc,264,68812,79345
train,fcc,264,102766,79359
train,fcc,264,74058,79371
train,fcc,264,88585,79400
train,fcc,264,75510,79423
train,fcc,264,69300,79425
train,fcc,264,69296,79432
train,fcc,264,89574,79486
train,fcc,266,99423,79805
train,fcc,266,79405,79815
train,fcc,266,89137,79828
train,fcc,266,38646,79834
train,fcc,266,42899,79861
train,fcc,266,85515,79874
train,fcc,266,67282,79877
train,fcc,266,8803,79919
train,fcc,266,36805,79923
train,fcc,266,66333,79930
train,fcc,266,48912,79932
train,fcc,266,1094,79958
train,fcc,266,44937,80003
train,fcc,266,69765,80036
train,fcc,266,56198,80042
train,fcc,268,16620,80403
train,fcc,268,94669,80517
train,fcc,268,69486,80529
train,fcc,268,81115,80542
train,fcc,268,106681,80672
train,fcc,268,9975,80676
train,fcc,268,11202,80686
train,fcc,268,62931,80696
train,fcc,270,61583,81012
train,fcc,270,74946,81039
train,fcc,270,29135,81073
train,fcc,270,52189,81082
train,fcc,270,72125,81097
train,fcc,270,79086,81099
train,fcc,270,32631,81110
train,fcc,270,2735,81153
train,fcc,270,83153,81165
train,fcc,270,54742,81229
train,fcc,270,26993,81238
train,fcc,270,95466,81257
train,fcc,270,2444,81268
train,fcc,270,81172,81269
train,fcc,271,30588,81317
train,fcc,271,71318,81328
train,fcc,271,21203,81367
train,fcc,271,7410,81372
train,fcc,271,106625,81431
train,fcc,271,80061,81470
train,fcc,271,47097,81489
train,fcc,271,75785,81493
train,fcc,271,57512,81496
train,fcc,271,55332,81508
train,fcc,271,81587,81556
train,fcc,271,68605,81563
train,fcc,271,74116,81569
train,fcc,271,12672,81583
train,fcc,273,47712,81915
train,fcc,273,60708,81950
train,fcc,273,62050,81986
train,fcc,273,97640,81989
train,fcc,273,49149,82006
train,fcc,273,26440,82022
train,fcc,273,89854,82031
train,fcc,273,94220,82068
train,fcc,273,13749,82108
train,fcc,273,65918,82112
train,fcc,273,43786,82132
train,fcc,273,33824,82133
train,fcc,273,44885,82135
train,fcc,273,65951,82136
train,fcc,274,74350,82203
train,fcc,274,68719,82211
train,fcc,274,67588,82232
train,fcc,274,2576,82241
train,fcc,274,52427,82266
train,fcc,274,107671,82271
train,fcc,274,66250,82277
train,fcc,274,71789,82285
train,fcc,274,8678,82299
train,fcc,274,52072,82302
train,fcc,274,55840,82351
train,fcc,274,32404,82355
train,fcc,274,26567,82361
train,fcc,274,62274,82377
train,fcc,274,598,82384
train,fcc,274,98747,82391
train,fcc,274,49113,82438
train,fcc,274,99543,82455
train,fcc,274,94040,82470
train,fcc,274,106609,82474
train,fcc,274,40513,82499
train,fcc,275,12478,82502
train,fcc,275,105200,82510
train,fcc,275,56600,82516
train,fcc,275,95509,82521
train,fcc,275,47156,82538
train,fcc,275,57832,82585
train,fcc,275,67710,82601
train,fcc,275,82298,82621
train,fcc,275,55271,82633
train,fcc,275,41334,82637
train,fcc,275,61597,82653
train,fcc,275,84737,82698
train,fcc,275,33319,82731
train,fcc,275,10426,82732
train,fcc,275,65215,82733
train,fcc,275,18677,82777
train,fcc,275,48321,82778
train,fcc,275,49205,82780
train,fcc,275,70749,82785
train,fcc,275,54294,82794
train,fcc,277,44123,83130
train,fcc,277,56032,83159
train,fcc,277,86995,83160
train,fcc,277,3928,83181
train,fcc,277,106258,83184
train,fcc,277,1659,83185
train,fcc,277,50643,83198
train,fcc,277,54435,83221
train,fcc,277,84028,83230
train,fcc,277,69083,83252
train,fcc,277,51895,83297
train,fcc,277,49506,83301
train,fcc,277,15952,83330
train,fcc,277,7475,83341
train,fcc,277,82703,83342
train,fcc,277,16629,83364
train,fcc,277,74658,83370
train,fcc,277,99416,83381
train,fcc,277,14915,83387
train,fcc,279,67190,83731
train,fcc,279,104101,83762
train,fcc,279,105258,83768
train,fcc,279,17871,83772
train,fcc,279,54963,83788
train,fcc,279,53040,83862
train,fcc,279,102442,83899
train,fcc,279,94025,83904
train,fcc,279,2588,83925
train,fcc,279,48085,83939
train,fcc,279,69971,83952
train,fcc,279,87926,83982
train,fcc,280,104734,84027
train,fcc,280,8278,84041
train,fcc,280,56765,84074
train,fcc,280,11713,84084
train,fcc,280,5586,84109
train,fcc,280,43295,84121
train,fcc,280,22038,84125
train,fcc,280,96556,84178
train,fcc,280,56819,84202
train,fcc,280,52000,84211
train,fcc,280,47172,84235
train,fcc,280,98226,84237
train,fcc,280,3751,84249
train,fcc,280,88001,84253
train,fcc,281,106442,84300
train,fcc,281,85409,84306
train,fcc,281,1443,84312
train,fcc,281,25416,84331
train,fcc,281,6598,84350
train,fcc,281,15255,84388
train,fcc,281,26588,84404
train,fcc,281,75919,84459
train,fcc,281,62651,84465
train,fcc,281,40597,84495
train,fcc,281,56148,84496
train,fcc,281,89991,84510
train,fcc,281,60434,84542
train,fcc,281,46957,84561
train,fcc,281,24313,84573
train,fcc,284,81032,85244
train,fcc,284,56735,85280
train,fcc,284,4215,85303
train,fcc,284,76798,85320
train,fcc,284,64976,85329
train,fcc,284,83320,85341
train,fcc,284,83773,85348
train,fcc,284,63307,85368
train,fcc,284,78841,85386
train,fcc,284,52525,85452
train,fcc,284,17486,85456
train,fcc,285,51834,85502
train,fcc,285,73979,85519
train,fcc,285,45339,85526
train,fcc,285,24330,85538
train,fcc,285,67721,85563
train,fcc,285,99982,85572
train,fcc,285,19523,85697
train,fcc,285,4636,85699
train,fcc,285,12962,85704
train,fcc,285,11301,85724
train,fcc,285,90319,85733
train,fcc,285,45768,85735
train,fcc,285,19869,85792
train,fcc,285,44423,85793
train,fcc,286,38184,85826
train,fcc,286,62667,85844
train,fcc,286,89241,85866
train,fcc,286,55027,85933
train,fcc,286,10324,85945
train,fcc,286,6431,85968
train,fcc,286,106546,85991
train,fcc,286,60607,86054
train,fcc,286,49635,86070
train,fcc,286,49064,86072
train,fcc,286,14463,86076
train,fcc,286,70822,86086
train,fcc,286,78516,86095
train,fcc,286,80586,86099
train,fcc,287,33360,86157
train,fcc,287,13940,86160
train,fcc,287,101355,86181
train,fcc,287,80933,86197
train,fcc,287,9133,86224
train,fcc,287,81515,86251
train,fcc,287,30950,86258
train,fcc,287,10671,86302
train,fcc,287,83386,86318
train,fcc,287,70326,86320
train,fcc,287,830,86392
train,fcc,287,80148,86394
train,fcc,288,49066,86421
train,fcc,288,30756,86446
train,fcc,288,72682,86448
train,fcc,288,59551,86509
train,fcc,288,51256,86526
train,fcc,288,86036,86546
train,fcc,288,91769,86585
train,fcc,288,21646,86659
train,fcc,288,34200,86670
train,fcc,288,28790,86684
train,fcc,288,39216,86688
train,fcc,290,101910,87011
train,fcc,290,61658,87034
train,fcc,290,67514,87039
train,fcc,290,55771,87069
train,fcc,290,93812,87077
train,fcc,290,86804,87105
train,fcc,290,64631,87126
train,fcc,290,8841,87160
train,fcc,290,18983,87226
train,fcc,290,12759,87259
train,fcc,290,87987,87276
train,fcc,290,69166,87296
train,fcc,292,42162,87606
train,fcc,292,63431,87611
train,fcc,292,35312,87631
train,fcc,292,81502,87639
train,fcc,292,105318,87640
train,fcc,292,76899,87651
train,fcc,292,14752,87705
train,fcc,292,731,87708
train,fcc,292,92494,87725
train,fcc,292,47072,87732
train,fcc,292,13186,87754
train,fcc,292,89058,87773
train,fcc,292,26998,87795
train,fcc,292,95942,87819
train,fcc,292,51478,87823
train,fcc,292,99005,87833
train,fcc,292,25382,87839
train,fcc,292,6768,87840
train,fcc,292,105624,87895
train,fcc,293,60113,87962
train,fcc,293,25373,87969
train,fcc,293,104569,87975
train,fcc,293,63359,87998
train,fcc,293,21408,88013
train,fcc,293,54929,88038
train,fcc,293,71897,88061
train,fcc,293,70213,88063
train,fcc,293,83791,88072
train,fcc,293,8256,88082
train,fcc,293,51384,88094
train,fcc,293,68856,88128
train,fcc,293,57037,88137
train,fcc,293,107060,88138
train,fcc,293,89304,88153
train,fcc,293,56871,88155
train,fcc,293,27558,88160
train,fcc,293,11048,88173
train,fcc,293,76174,88175
train,fcc,293,72915,88188
train,fcc,293,35988,88195
train,fcc,294,34103,88204
train,fcc,294,58758,88215
train,fcc,294,54822,88228
train,fcc,294,51868,88233
train,fcc,294,64169,88256
train,fcc,294,81780,88264
train,fcc,294,56948,88286
train,fcc,294,78791,88319
train,fcc,294,65273,88324
train,fcc,294,53913,88338
train,fcc,294,60635,88369
train,fcc,294,70608,88379
train,fcc,294,1889,88396
train,fcc,294,74807,88432
train,fcc,294,73092,88447
train,fcc,294,47272,88455
train,fcc,294,14740,88459
train,fcc,294,105354,88471
train,fcc,294,78131,88499
train,fcc,295,169,88507
train,fcc,295,62794,88533
train,fcc,295,6874,88538
train,fcc,295,44059,88615
train,fcc,295,66291,88627
train,fcc,295,93812,88688
train,fcc,295,5339,88797
train,fcc,297,48366,89117
train,fcc,297,107928,89140
train,fcc,297,77133,89162
train,fcc,297,21904,89178
train,fcc,297,2745,89188
train,fcc,297,89074,89219
train,fcc,297,13616,89243
train,fcc,297,81581,89308
train,fcc,297,16275,89362
train,fcc,297,30459,89386
train,fcc,299,74724,89747
train,fcc,299,58882,89797
train,fcc,299,23562,89804
train,fcc,299,79641,89816
train,fcc,299,22693,89839
train,fcc,299,83461,89840
train,fcc,299,66418,89872
train,fcc,299,7034,89889
train,fcc,299,57466,89939
train,fcc,299,83488,89944
train,fcc,299,85438,89967
train,fcc,299,54319,89975
train,fcc,299,52846,89982
train,fcc,299,46707,89995
train,fcc,299,28472,89998
train,fcc,300,87860,90001
train,fcc,300,39629,90009
train,fcc,300,38682,90012
train,fcc,300,93938,90032
train,fcc,300,29036,90044
train,fcc,300,12902,90055
train,fcc,300,40079,90065
train,fcc,300,30560,90073
train,fcc,300,48716,90079
train,fcc,300,53263,90084
train,fcc,300,51507,90138
train,fcc,300,36199,90145
train,fcc,300,77019,90156
train,fcc,300,72578,90157
train,fcc,300,36119,90181
train,fcc,300,60880,90245
train,fcc,300,41479,90257
train,fcc,300,10654,90265
train,fcc,303,90000,90902
train,fcc,303,102649,90904
train,fcc,303,35547,90912
train,fcc,303,70179,90914
train,fcc,303,26494,90919
train,fcc,303,11621,90968
train,fcc,303,19081,90976
train,fcc,303,35466,91040
train,fcc,303,50890,91044
train,fcc,303,51403,91075
train,fcc,303,85176,91082
train,fcc,303,72304,91091
train,fcc,303,12088,91103
train,fcc,303,6756,91120
train,fcc,303,62765,91155
train,fcc,303,51567,91183
train,fcc,305,59203,91506
train,fcc,305,8104,91524
train,fcc,305,104264,91551
train,fcc,305,89979,91598
train,fcc,305,54121,91599
train,fcc,305,66765,91613
train,fcc,305,47963,91615
train,fcc,305,65563,91619
train,fcc,305,94402,91631
train,fcc,305,31171,91646
train,fcc,305,66662,91700
train,fcc,305,6439,91712
train,fcc,305,24957,91727
train,fcc,305,21827,91737
train,fcc,305,64005,91751
train,fcc,305,61442,91762
train,fcc,305,22120,91794
train,fcc,306,40787,91822
train,fcc,306,78541,91835
train,fcc,306,60522,91868
train,fcc,306,41982,91885
train,fcc,306,97310,91898
train,fcc,306,74675,91914
train,fcc,306,4673,91937
train,fcc,306,53370,91954
train,fcc,306,20125,91959
train,fcc,306,15895,91972
train,fcc,306,90259,91978
train,fcc,306,4942,91986
train,fcc,306,56970,91988
train,fcc,306,11684,91989
train,fcc,306,85152,92029
train,fcc,306,97973,92041
train,fcc,306,45942,92065
train,fcc,306,94828,92066
train,fcc,306,56528,92070
train,fcc,306,56434,92073
train,fcc,306,55277,92088
train,fcc,307,48551,92137
train,fcc,307,94353,92143
train,fcc,307,63127,92156
train,fcc,307,61992,92170
train,fcc,307,76487,92202
train,fcc,307,65064,92217
train,fcc,307,21514,92251
train,fcc,307,16957,92255
train,fcc,307,102327,92279
train,fcc,307,95437,92281
train,fcc,307,12569,92292
train,fcc,307,7103,92297
train,fcc,307,58165,92313
train,fcc,307,39010,92341
train,fcc,307,10604,92373
train,fcc,307,16547,92387
train,fcc,307,101908,92398
train,fcc,308,81232,92400
train,fcc,308,68402,92416
train,fcc,308,103074,92419
train,fcc,308,11363,92426
train,fcc,308,55809,92433
train,fcc,308,101671,92488
train,fcc,308,47925,92519
train,fcc,308,24237,92551
train,fcc,308,8543,92594
train,fcc,308,20937,92600
train,fcc,308,43472,92615
train,fcc,308,82941,92627
train,fcc,308,57128,92631
train,fcc,308,23505,92644
train,fcc,308,91780,92681
train,fcc,308,86514,92699
train,fcc,309,42194,92721
train,fcc,309,24682,92726
train,fcc,309,27029,92749
train,fcc,309,42390,92762
train,fcc,309,69277,92776
train,fcc,309,39423,92781
train,fcc,309,15218,92811
train,fcc,309,62345,92837
train,fcc,309,44822,92860
train,fcc,309,55025,92889
train,fcc,309,50161,92920
train,fcc,309,17165,92921
train,fcc,309,86424,92932
train,fcc,309,9388,92955
train,fcc,310,31998,93034
train,fcc,310,77745,93039
train,fcc,310,22123,93043
train,fcc,310,107296,93048
train,fcc,310,69655,93062
train,fcc,310,28743,93105
train,fcc,310,78796,93120
train,fcc,310,19031,93134
train,fcc,310,82463,93142
train,fcc,310,50909,93197
train,fcc,310,39688,93206
train,fcc,311,37390,93332
train,fcc,311,89618,93337
train,fcc,311,3375,93354
train,fcc,311,68778,93358
train,fcc,311,13008,93391
train,fcc,311,102264,93429
train,fcc,311,10220,93434
train,fcc,311,52522,93469
train,fcc,311,18936,93491
train,fcc,311,95796,93512
train,fcc,311,40126,93536
train,fcc,311,31467,93547
train,fcc,311,45693,93554
train,fcc,311,63025,93573
train,fcc,312,49490,93614
train,fcc,312,20283,93620
train,fcc,312,21470,93643
train,fcc,312,84111,93647
train,fcc,312,18837,93681
train,fcc,312,81048,93683
train,fcc,312,43658,93728
train,fcc,312,49962,93734
train,fcc,312,106429,93738
train,fcc,312,68083,93762
train,fcc,312,50675,93766
train,fcc,312,49567,93786
train,fcc,312,47929,93800
train,fcc,312,34107,93835
train,fcc,312,90871,93845
train,fcc,312,75286,93878
train,fcc,314,25707,94225
train,fcc,314,21395,94238
train,fcc,314,77873,94283
train,fcc,314,86075,94286
train,fcc,314,31551,94325
train,fcc,314,30467,94369
train,fcc,314,7361,94381
train,fcc,314,103174,94395
train,fcc,314,18190,94407
train,fcc,314,98809,94449
train,fcc,314,14362,94462
train,fcc,314,98834,94463
train,fcc,314,4394,94493
train,fcc,315,43780,94535
train,fcc,315,62823,94552
train,fcc,315,41038,94559
train,fcc,315,66662,94562
train,fcc,315,63081,94587
train,fcc,315,21216,94592
train,fcc,315,21300,94621
train,fcc,315,5452,94625
train,fcc,315,19651,94648
train,fcc,315,48147,94672
train,fcc,315,24133,94698
train,fcc,315,48785,94699
train,fcc,315,34508,94753
train,fcc,315,29821,94773
train,fcc,315,107328,94798
train,fcc,316,20845,94836
train,fcc,316,6698,94842
train,fcc,316,90867,94875
train,fcc,316,32013,94876
train,fcc,316,18410,94880
train,fcc,316,94901,94889
train,fcc,316,106563,94934
train,fcc,316,92362,94954
train,fcc,316,6908,94993
train,fcc,316,33171,95032
train,fcc,316,48058,95037
train,fcc,316,2651,95046
train,fcc,316,95229,95072
train,fcc,316,102998,95074
train,fcc,316,84894,95095
train,fcc,317,81570,95100
train,fcc,317,78029,95120
train,fcc,317,50117,95189
train,fcc,317,64854,95198
train,fcc,317,65969,95226
train,fcc,317,17025,95233
train,fcc,317,51383,95236
train,fcc,317,38048,95240
train,fcc,317,2084,95268
train,fcc,317,1201,95393
train,fcc,317,83600,95398
train,fcc,318,51672,95448
train,fcc,318,17155,95455
train,fcc,318,80127,95475
train,fcc,318,14959,95478
train,fcc,318,94036,95488
train,fcc,318,54425,95494
train,fcc,318,15396,95497
train,fcc,318,66521,95518
train,fcc,318,66909,95525
train,fcc,318,81980,95544
train,fcc,318,28972,95552
train,fcc,318,76001,95610
train,fcc,318,90860,95662
train,fcc,318,39974,95699
train,fcc,319,12178,95709
train,fcc,319,8624,95760
train,fcc,319,10836,95765
train,fcc,319,32541,95785
train,fcc,319,54992,95800
train,fcc,319,75917,95802
train,fcc,319,107280,95817
train,fcc,319,2834,95839
train,fcc,319,22210,95849
train,fcc,319,73782,95855
train,fcc,319,61459,95882
train,fcc,319,42585,95896
train,fcc,319,64240,95898
train,fcc,319,15000,95899
train,fcc,319,69565,95920
train,fcc,319,44849,95962
train,fcc,319,97067,95987
train,fcc,320,70690,96045
train,fcc,320,53294,96083
train,fcc,320,48939,96119
train,fcc,320,2286,96153
train,fcc,320,81787,96183
train,fcc,320,76821,96196
train,fcc,320,48145,96236
train,fcc,320,77301,96257
train,fcc,320,48434,96264
train,fcc,320,94085,96279
train,fcc,320,83490,96283
train,fcc,320,92715,96293
train,fcc,322,37946,96603
train,fcc,322,54646,96618
train,fcc,322,7240,96623
train,fcc,322,82134,96643
train,fcc,322,74334,96676
train,fcc,322,58092,96723
train,fcc,322,11414,96800
train,fcc,322,42478,96833
train,fcc,322,13082,96883
train,fcc,322,94490,96897
train,fcc,324,44695,97202
train,fcc,324,50322,97221
train,fcc,324,79628,97232
train,fcc,324,28611,97316
train,fcc,324,105828,97333
train,fcc,324,79179,97346
train,fcc,324,83431,97368
train,fcc,324,71327,97381
train,fcc,324,43714,97392
train,fcc,324,80723,97404
train,fcc,324,23738,97435
train,fcc,324,95353,97443
train,fcc,324,30139,97490
train,fcc,325,93538,97521
train,fcc,325,78650,97544
train,fcc,325,97859,97569
train,fcc,325,25179,97586
train,fcc,325,80047,97602
train,fcc,325,19035,97636
train,fcc,325,10169,97694
train,fcc,325,31947,97705
train,fcc,325,17221,97708
train,fcc,325,8807,97711
train,fcc,325,51242,97716
train,fcc,325,33185,97719
train,fcc,325,74034,97745
train,fcc,325,9560,97761
train,fcc,325,31658,97764
train,fcc,325,72208,97775
train,fcc,325,29375,97776
train,fcc,326,47645,97820
train,fcc,326,56191,97837
train,fcc,326,23665,97845
train,fcc,326,4066,97855
train,fcc,326,2495,97863
train,fcc,326,89126,97903
train,fcc,326,62826,97910
train,fcc,326,38401,97982
train,fcc,326,52527,97987
train,fcc,326,105527,97996
train,fcc,326,87180,98013
train,fcc,326,44351,98087
train,fcc,328,27640,98400
train,fcc,328,83962,98422
train,fcc,328,19170,98440
train,fcc,328,64050,98450
train,fcc,328,84768,98472
train,fcc,328,37048,98515
train,fcc,328,44011,98556
train,fcc,328,6282,98571
train,fcc,328,45265,98614
train,fcc,328,52567,98629
train,fcc,328,42887,98641
train,fcc,328,70499,98659
train,fcc,328,93151,98666
train,fcc,330,7864,99096
train,fcc,330,8190,99104
train,fcc,330,49706,99110
train,fcc,330,93516,99169
train,fcc,330,34581,99185
train,fcc,330,25848,99196
train,fcc,330,13460,99213
train,fcc,330,6138,99235
train,fcc,330,89544,99243
train,fcc,330,66892,99283
train,fcc,330,46076,99284
train,fcc,330,80359,99299
train,fcc,331,74824,99305
train,fcc,331,20166,99311
train,fcc,331,59756,99327
train,fcc,331,71300,99336
train,fcc,331,1465,99340
train,fcc,331,78505,99346
train,fcc,331,87479,99358
train,fcc,331,79066,99428
train,fcc,331,54216,99443
train,fcc,331,107764,99458
train,fcc,331,38439,99464
train,fcc,331,6006,99474
train,fcc,331,15179,99486
train,fcc,331,35587,99556
train,fcc,331,32472,99557
train,fcc,331,7634,99559
train,fcc,331,51776,99583
train,fcc,331,79242,99593
train,fcc,332,35884,99633
train,fcc,332,60331,99647
train,fcc,332,75102,99691
train,fcc,332,37663,99736
train,fcc,332,73329,99738
train,fcc,332,98962,99804
train,fcc,332,9894,99805
train,fcc,332,103985,99825
train,fcc,332,33145,99828
train,fcc,332,72578,99851
train,fcc,332,27107,99878
train,fcc,335,92908,100537
train,fcc,335,16952,100707
train,fcc,335,29914,100715
train,fcc,335,82257,100717
train,fcc,335,37864,100755
train,fcc,335,26469,100768
train,fcc,335,27974,100785
train,fcc,335,97246,100786
train,fcc,335,104645,100796
train,fcc,336,72891,100805
train,fcc,336,64518,100887
train,fcc,336,8549,100894
train,fcc,336,3288,100916
train,fcc,336,68819,100978
train,fcc,336,32913,100989
train,fcc,336,64014,100995
train,fcc,336,19285,101012
train,fcc,336,52604,101019
train,fcc,336,2362,101057
train,fcc,336,76965,101066
train,fcc,336,51792,101067
train,fcc,337,98295,101126
train,fcc,337,104142,101131
train,fcc,337,1114,101157
train,fcc,337,5019,101165
train,fcc,337,8105,101188
train,fcc,337,89657,101195
train,fcc,337,81568,101204
train,fcc,337,6544,101215
train,fcc,337,74282,101272
train,fcc,337,25492,101277
train,fcc,337,34057,101306
train,fcc,337,106976,101308
train,fcc,337,3168,101367
train,fcc,337,4159,101399
train,fcc,338,24135,101413
train,fcc,338,8377,101416
train,fcc,338,3993,101445
train,fcc,338,53197,101448
train,fcc,338,71010,101450
train,fcc,338,37152,101496
train,fcc,338,11880,101505
train,fcc,338,21119,101576
train,fcc,338,58378,101582
train,fcc,338,60466,101587
train,fcc,338,53771,101593
train,fcc,338,34583,101595
train,fcc,338,15958,101631
train,fcc,338,46943,101648
train,fcc,338,794,101687
train,fcc,340,40541,102013
train,fcc,340,66318,102022
train,fcc,340,12028,102032
train,fcc,340,101583,102042
train,fcc,340,88513,102104
train,fcc,340,67844,102157
train,fcc,340,72435,102173
train,fcc,340,97584,102185
train,fcc,340,74315,102187
train,fcc,340,31424,102203
train,fcc,340,30059,102237
train,fcc,340,59511,102256
train,fcc,340,38397,102268
train,fcc,342,98807,102623
train,fcc,342,61662,102625
train,fcc,342,22380,102626
train,fcc,342,36401,102632
train,fcc,342,4878,102673
train,fcc,342,43462,102677
train,fcc,342,100779,102698
train,fcc,342,20636,102750
train,fcc,342,35890,102778
train,fcc,342,7037,102786
train,fcc,342,9855,102797
train,fcc,342,104738,102836
train,fcc,342,9937,102878
train,fcc,343,65831,102900
train,fcc,343,77388,102933
train,fcc,343,64192,102967
train,fcc,343,97900,102975
train,fcc,343,65430,103014
train,fcc,343,45791,103043
train,fcc,343,42826,103065
train,fcc,343,66297,103087
train,fcc,343,31503,103104
train,fcc,343,98041,103114
train,fcc,343,71738,103118
train,fcc,343,7715,103168
train,fcc,343,36531,103174
train,fcc,343,28140,103180
train,fcc,344,39540,103215
train,fcc,344,4719,103219
train,fcc,344,87058,103222
train,fcc,344,43224,103238
train,fcc,344,42675,103281
train,fcc,344,14425,103318
train,fcc,344,3264,103319
train,fcc,344,78791,103361
train,fcc,344,71134,103362
train,fcc,344,91525,103388
train,fcc,344,7763,103420
train,fcc,344,16034,103440
train,fcc,344,98608,103443
train,fcc,344,16693,103444
train,fcc,344,95439,103458
train,fcc,344,38510,103497
train,fcc,348,12963,104403
train,fcc,348,99637,104448
train,fcc,348,50787,104487
train,fcc,348,29941,104488
train,fcc,348,13539,104498
train,fcc,348,95433,104503
train,fcc,348,48021,104509
train,fcc,348,25495,104541
train,fcc,348,43220,104542
train,fcc,348,57668,104693
train,fcc,349,57938,104709
train,fcc,349,12201,104719
train,fcc,349,92495,104751
train,fcc,349,81545,104772
train,fcc,349,16137,104784
train,fcc,349,78954,104802
train,fcc,349,75416,104837
train,fcc,349,54302,104863
train,fcc,349,30267,104866
train,fcc,349,15780,104880
train,fcc,349,5429,104914
train,fcc,349,6744,104966
train,fcc,349,8836,104973
train,fcc,351,18835,105301
train,fcc,351,75911,105316
train,fcc,351,14456,105391
train,fcc,351,51323,105392
train,fcc,351,8797,105399
train,fcc,351,69841,105421
train,fcc,351,67956,105422
train,fcc,351,81520,105437
train,fcc,351,32758,105438
train,fcc,351,58151,105446
train,fcc,351,90136,105473
train,fcc,351,25208,105480
train,fcc,351,97086,105552
train,fcc,351,23212,105583
train,fcc,352,22124,105616
train,fcc,352,76695,105623
train,fcc,352,103262,105648
train,fcc,352,19839,105649
train,fcc,352,17031,105681
train,fcc,352,77576,105688
train,fcc,352,1406,105704
train,fcc,352,45640,105710
train,fcc,352,42987,105747
train,fcc,352,36729,105771
train,fcc,352,70646,105781
train,fcc,352,60150,105794
train,fcc,352,105021,105808
train,fcc,352,13284,105898
train,fcc,353,35240,105903
train,fcc,353,93159,105958
train,fcc,353,73137,105970
train,fcc,353,18313,105988
train,fcc,353,44954,106018
train,fcc,353,67497,106022
train,fcc,353,58696,106023
train,fcc,353,67651,106026
train,fcc,353,51175,106049
train,fcc,353,99250,106066
train,fcc,353,15897,106073
train,fcc,353,34184,106077
train,fcc,353,44976,106094
train,fcc,353,87261,106124
train,fcc,353,9793,106167
train,fcc,353,76857,106188
train,fcc,353,46650,106195
train,fcc,354,97656,106209
train,fcc,354,92337,106219
train,fcc,354,87575,106244
train,fcc,354,85786,106260
train,fcc,354,73214,106277
train,fcc,354,17228,106280
train,fcc,354,82003,106283
train,fcc,354,62894,106357
train,fcc,354,23636,106364
train,fcc,354,47357,106403
train,fcc,354,16461,106435
train,fcc,354,103062,106469
train,fcc,357,69943,107107
train,fcc,357,25037,107108
train,fcc,357,37503,107183
train,fcc,357,65386,107185
train,fcc,357,29870,107191
train,fcc,357,42355,107206
train,fcc,357,102856,107268
train,fcc,357,82687,107362
train,fcc,359,86507,107741
train,fcc,359,8781,107744
train,fcc,359,1204,107761
train,fcc,359,87450,107777
train,fcc,359,69143,107779
train,fcc,359,75318,107818
train,fcc,359,14345,107832
train,fcc,359,32989,107833
train,fcc,359,65407,107854
train,fcc,359,1772,107855
train,fcc,359,12903,107876
train,fcc,359,73945,107877
train,fcc,359,6252,107910
train,fcc,359,55719,107924
train,fcc,359,88147,107925
train,fcc,359,105249,107928
train,fcc,359,106540,107942
train,fcc,359,71015,107981
train,fcc,359,13989,107986
train,fcc,360,83883,108014
train,fcc,360,30222,108024
train,fcc,360,54117,108027
train,fcc,360,35754,108049
train,fcc,360,107677,108054
train,fcc,360,14122,108058
train,fcc,360,27271,108105
train,fcc,360,36803,108122
train,fcc,360,85026,108163
train,fcc,360,82102,108225
train,fcc,360,95219,108259
train,fcc,360,90899,108265
train,fcc,360,55321,108299
train,fcc,361,49960,108302
train,fcc,361,8063,108319
train,fcc,361,93566,108338
train,fcc,361,91124,108342
train,fcc,361,11693,108419
train,fcc,361,98630,108444
train,fcc,361,9190,108478
train,fcc,361,12258,108481
train,fcc,361,98091,108494
train,fcc,361,42446,108501
train,fcc,361,38030,108524
train,fcc,361,100593,108536
train,fcc,361,73232,108551
train,fcc,361,67185,108568
train,fcc,361,83916,108572
train,fcc,361,59411,108589
train,fcc,362,74014,108630
train,fcc,362,38027,108651
train,fcc,362,75726,108661
train,fcc,362,57339,108683
train,fcc,362,35455,108689
train,fcc,362,5404,108707
train,fcc,362,66555,108708
train,fcc,362,81069,108713
train,fcc,362,41086,108769
train,fcc,362,87818,108778
train,fcc,362,3874,108785
train,fcc,362,97248,108824
train,fcc,362,33306,108825
train,fcc,362,14862,108871
train,fcc,362,10534,108878
train,fcc,362,83089,108883
train,fcc,362,103135,108899
train,fcc,363,95389,108908
train,fcc,363,103880,108911
train,fcc,363,62658,108944
train,fcc,363,68154,108960
train,fcc,363,49493,108978
train,fcc,363,35743,108995
train,fcc,363,6213,109009
train,fcc,363,46469,109030
train,fcc,363,53113,109043
train,fcc,363,99471,109046
train,fcc,363,29189,109055
train,fcc,363,72928,109094
train,fcc,363,89294,109154
train,fcc,363,26307,109179
train,fcc,363,72629,109181
train,fcc,363,29731,109192
train,fcc,363,16548,109198
train,fcc,364,90153,109203
train,fcc,364,94802,109245
train,fcc,364,96766,109257
train,fcc,364,17367,109318
train,fcc,364,107475,109341
train,fcc,364,54938,109363
train,fcc,364,18236,109373
train,fcc,364,44159,109379
train,fcc,364,106038,109385
train,fcc,364,63983,109425
train,fcc,364,107575,109437
train,fcc,364,20300,109458
train,fcc,366,6057,109824
train,fcc,366,24847,109830
train,fcc,366,105050,109837
train,fcc,366,92990,109854
train,fcc,366,24438,109860
train,fcc,366,76556,109875
train,fcc,366,18974,109902
train,fcc,366,6852,109920
train,fcc,366,100981,109950
train,fcc,366,1946,109966
train,fcc,366,6573,109981
train,fcc,366,79936,110011
train,fcc,366,101134,110014
train,fcc,366,81112,110073
train,fcc,366,8800,110086
train,fcc,367,21394,110117
train,fcc,367,62224,110144
train,fcc,367,17079,110172
train,fcc,367,39863,110188
train,fcc,367,89669,110213
train,fcc,367,97497,110249
train,fcc,367,100033,110334
train,fcc,367,80866,110343
train,fcc,367,31158,110349
train,fcc,367,47626,110397
train,fcc,368,39277,110404
train,fcc,368,64464,110426
train,fcc,368,26532,110427
train,fcc,368,65474,110432
train,fcc,368,66122,110433
train,fcc,368,94422,110501
train,fcc,368,12673,110522
train,fcc,368,22379,110527
train,fcc,368,36281,110544
train,fcc,368,36673,110554
train,fcc,368,53623,110571
train,fcc,368,27205,110600
train,fcc,368,48427,110608
train,fcc,368,39578,110650
train,fcc,368,56123,110698
train,fcc,369,1808,110716
train,fcc,369,107586,110749
train,fcc,369,66959,110786
train,fcc,369,76278,110791
train,fcc,369,30784,110814
train,fcc,369,36665,110822
train,fcc,369,42173,110847
train,fcc,369,29501,110890
train,fcc,369,86134,110915
train,fcc,369,60371,110952
train,fcc,369,26279,110962
train,fcc,369,16503,110987
train,fcc,371,8994,111302
train,fcc,371,88359,111316
train,fcc,371,84095,111357
train,fcc,371,61760,111416
train,fcc,371,88137,111473
train,fcc,371,99914,111480
train,fcc,371,6917,111481
train,fcc,371,30432,111482
train,fcc,371,15723,111496
train,fcc,371,97361,111498
train,fcc,371,98495,111531
train,fcc,371,48574,111534
train,fcc,371,18852,111539
train,fcc,371,49523,111552
train,fcc,371,52256,111556
train,fcc,372,42795,111611
train,fcc,372,49336,111612
train,fcc,372,19689,111619
train,fcc,372,59472,111630
train,fcc,372,55681,111655
train,fcc,372,62347,111722
train,fcc,372,107144,111724
train,fcc,372,73962,111731
train,fcc,372,61530,111754
train,fcc,372,27664,111784
train,fcc,372,15218,111812
train,fcc,372,6673,111820
train,fcc,372,106212,111821
train,fcc,372,43111,111845
train,fcc,372,68250,111847
train,fcc,372,13040,111886
train,fcc,373,49944,111917
train,fcc,373,76832,111926
train,fcc,373,70427,111934
train,fcc,373,26652,111943
train,fcc,373,91432,111955
train,fcc,373,30411,112010
train,fcc,373,45730,112034
train,fcc,373,80350,112105
train,fcc,373,15497,112134
train,fcc,373,998,112145
train,fcc,373,14115,112149
train,fcc,373,88123,112153
train,fcc,373,90030,112187
train,fcc,373,79593,112195
train,fcc,375,31623,112506
train,fcc,375,36804,112541
train,fcc,375,69154,112582
train,fcc,375,39584,112634
train,fcc,375,48587,112644
train,fcc,375,38308,112692
train,fcc,375,80045,112693
train,fcc,375,51021,112706
train,fcc,375,90168,112724
train,fcc,375,6765,112725
train,fcc,375,34624,112767
train,fcc,375,4771,112784
train,fcc,375,77548,112785
train,fcc,376,69676,112818
train,fcc,376,54549,112819
train,fcc,376,55234,112843
train,fcc,376,99355,112886
train,fcc,376,7159,112888
train,fcc,376,46877,112958
train,fcc,376,105336,112961
train,fcc,376,107501,112988
train,fcc,376,2019,113018
train,fcc,376,28702,113022
train,fcc,376,35465,113067
train,fcc,376,78939,113074
train,fcc,376,50502,113077
train,fcc,376,103974,113096
train,fcc,377,104382,113136
train,fcc,377,67339,113179
train,fcc,377,71561,113214
train,fcc,377,61587,113235
train,fcc,377,14438,113328
train,fcc,378,68471,113407
train,fcc,378,67234,113414
train,fcc,378,89732,113447
train,fcc,378,63582,113479
train,fcc,378,101766,113505
train,fcc,378,33167,113513
train,fcc,378,74983,113523
train,fcc,378,98619,113536
train,fcc,378,2373,113541
train,fcc,378,43266,113593
train,fcc,378,73845,113631
train,fcc,378,88042,113634
train,fcc,378,54435,113650
train,fcc,379,55907,113757
train,fcc,379,18341,113763
train,fcc,379,75685,113767
train,fcc,379,106038,113773
train,fcc,379,99149,113844
train,fcc,379,8224,113861
train,fcc,379,52728,113887
train,fcc,379,5274,113894
train,fcc,379,99297,113899
train,fcc,379,91765,113918
train,fcc,379,34748,113961
train,fcc,379,74239,113986
train,fcc,379,86049,113994
train,fcc,380,107295,114006
train,fcc,380,64001,114025
train,fcc,380,21459,114032
train,fcc,380,84206,114058
train,fcc,380,101137,114074
train,fcc,380,65724,114086
train,fcc,380,74483,114117
train,fcc,380,7053,114126
train,fcc,380,19123,114143
train,fcc,380,40789,114157
train,fcc,380,72386,114162
train,fcc,380,44142,114200
train,fcc,380,96332,114202
train,fcc,380,22906,114220
train,fcc,380,64988,114230
train,fcc,380,16481,114245
train,fcc,380,102382,114246
train,fcc,380,71224,114261
train,fcc,380,39408,114283
train,fcc,381,87829,114301
train,fcc,381,9762,114351
train,fcc,381,47886,114354
train,fcc,381,65266,114395
train,fcc,381,29861,114398
train,fcc,381,53445,114422
train,fcc,381,7869,114473
train,fcc,381,30491,114475
train,fcc,381,17908,114483
train,fcc,381,27055,114530
train,fcc,381,89162,114559
train,fcc,381,55830,114564
train,fcc,381,39066,114566
train,fcc,381,5730,114579
train,fcc,381,70936,114591
train,fcc,381,50696,114597
train,fcc,382,702,114610
train,fcc,382,9006,114686
train,fcc,382,102492,114718
train,fcc,382,63977,114732
train,fcc,382,17008,114735
train,fcc,382,82219,114764
train,fcc,382,50581,114797
train,fcc,383,31173,114909
train,fcc,383,71375,114914
train,fcc,383,50102,114919
train,fcc,383,99671,114938
train,fcc,383,96284,114948
train,fcc,383,6057,114970
train,fcc,383,43663,115041
train,fcc,383,11786,115099
train,fcc,383,21545,115103
train,fcc,383,10325,115142
train,fcc,383,39903,115145
train,fcc,383,2083,115152
train,fcc,383,53277,115169
train,fcc,385,59746,115501
train,fcc,385,87048,115528
train,fcc,385,14958,115583
train,fcc,385,82415,115595
train,fcc,385,33572,115602
train,fcc,385,40235,115603
train,fcc,385,70635,115733
train,fcc,385,36147,115735
train,fcc,385,94534,115753
train,fcc,385,1669,115756
train,fcc,385,12180,115774
train,fcc,385,13249,115791
train,fcc,386,61066,115820
train,fcc,386,3206,115821
train,fcc,386,53263,115834
train,fcc,386,32849,115845
train,fcc,386,33290,115847
train,fcc,386,63173,115872
train,fcc,386,44993,115904
train,fcc,386,82725,115917
train,fcc,386,89978,115922
train,fcc,386,78907,115926
train,fcc,386,96799,115936
train,fcc,386,77393,115937
train,fcc,386,19598,115953
train,fcc,386,41377,115969
train,fcc,386,34283,116066
train,fcc,386,97864,116069
train,fcc,386,100983,116089
train,fcc,387,26731,116118
train,fcc,387,53262,116120
train,fcc,387,40450,116125
train,fcc,387,61741,116157
train,fcc,387,4832,116170
train,fcc,387,68286,116192
train,fcc,387,71256,116194
train,fcc,387,86355,116236
train,fcc,387,10731,116238
train,fcc,387,50106,116255
train,fcc,387,65724,116280
train,fcc,387,98864,116287
train,fcc,387,43534,116303
train,fcc,387,34713,116314
train,fcc,387,940,116318
train,fcc,387,26108,116371
train,fcc,387,97885,116385
train,fcc,387,1600,116397
train,fcc,388,71224,116414
train,fcc,388,19848,116435
train,fcc,388,94423,116449
train,fcc,388,19307,116457
train,fcc,388,13150,116479
train,fcc,388,39376,116486
train,fcc,388,94153,116529
train,fcc,388,63726,116691
train,fcc,388,29243,116698
train,fcc,388,21674,116699
train,fcc,389,76796,116724
train,fcc,389,68137,116727
train,fcc,389,93613,116740
train,fcc,389,45770,116796
train,fcc,389,67810,116805
train,fcc,389,35976,116808
train,fcc,389,103906,116849
train,fcc,389,45205,116870
train,fcc,389,60336,116881
train,fcc,389,74208,116889
train,fcc,389,9723,116894
train,fcc,389,9713,116906
train,fcc,389,103210,116965
train,fcc,389,37901,116986
train,fcc,390,48596,117024
train,fcc,390,87293,117034
train,fcc,390,50120,117038
train,fcc,390,87450,117040
train,fcc,390,104878,117043
train,fcc,390,27106,117050
train,fcc,390,71832,117053
train,fcc,390,83922,117094
train,fcc,390,74265,117095
train,fcc,390,94210,117101
train,fcc,390,57795,117129
train,fcc,390,31209,117155
train,fcc,390,5143,117159
train,fcc,390,63047,117160
train,fcc,390,32027,117179
train,fcc,390,18930,117203
train,fcc,390,5957,117268
train,fcc,390,46425,117295
train,fcc,391,80628,117314
train,fcc,391,81573,117352
train,fcc,391,77460,117353
train,fcc,391,66130,117379
train,fcc,391,65479,117415
train,fcc,391,33117,117424
train,fcc,391,41600,117467
train,fcc,391,92378,117477
train,fcc,391,76804,117495
train,fcc,391,37995,117516
train,fcc,391,70605,117540
train,fcc,391,72072,117564
train,fcc,391,85500,117594
train,fcc,392,60090,117631
train,fcc,392,107862,117686
train,fcc,392,91682,117696
train,fcc,392,28693,117707
train,fcc,392,85560,117765
train,fcc,392,21809,117814
train,fcc,392,58846,117821
train,fcc,392,27583,117837
train,fcc,392,98381,117850
train,fcc,393,56324,117902
train,fcc,393,29994,117904
train,fcc,393,86482,117916
train,fcc,393,71030,117936
train,fcc,393,82724,117947
train,fcc,393,72992,117956
train,fcc,393,32809,117961
train,fcc,393,73314,117969
train,fcc,393,20475,118012
train,fcc,393,79961,118025
train,fcc,393,66861,118026
train,fcc,393,52760,118030
train,fcc,393,9000,118042
train,fcc,393,70525,118057
train,fcc,393,39145,118060
train,fcc,393,20390,118109
train,fcc,393,33279,118140
train,fcc,393,39639,118146
train,fcc,393,63192,118164
train,fcc,393,77568,118178
train,fcc,393,71522,118197
train,fcc,394,95433,118204
train,fcc,394,76536,118225
train,fcc,394,84005,118268
train,fcc,394,55151,118312
train,fcc,394,27925,118324
train,fcc,394,94341,118333
train,fcc,394,75062,118343
train,fcc,394,84242,118365
train,fcc,394,57104,118370
train,fcc,394,44249,118379
train,fcc,394,49847,118380
train,fcc,394,91346,118414
train,fcc,394,63208,118426
train,fcc,394,79091,118454
train,fcc,394,82125,118476
train,fcc,394,98647,118499
train,fcc,395,37232,118513
train,fcc,395,77507,118537
train,fcc,395,5321,118574
train,fcc,395,74653,118594
train,fcc,395,62551,118613
train,fcc,395,12574,118617
train,fcc,395,3644,118643
train,fcc,395,36645,118711
train,fcc,395,39714,118724
train,fcc,395,86637,118729
train,fcc,395,42121,118743
train,fcc,395,104673,118765
train,fcc,395,47383,118772
train,fcc,395,73815,118782
train,fcc,396,32278,118806
train,fcc,396,100203,118830
train,fcc,396,17981,118842
train,fcc,396,99342,118920
train,fcc,396,11340,118989
train,fcc,396,77788,118990
train,fcc,396,10033,119022
train,fcc,396,2471,119039
train,fcc,396,99530,119046
train,fcc,396,74832,119057
train,fcc,396,77504,119058
train,fcc,396,32104,119061
train,fcc,396,10264,119062
train,fcc,398,81021,119402
train,fcc,398,50598,119417
train,fcc,398,57242,119442
train,fcc,398,82061,119460
train,fcc,398,18944,119463
train,fcc,398,106522,119499
train,fcc,398,25990,119527
train,fcc,398,68114,119571
train,fcc,398,84664,119589
train,fcc,398,85911,119604
train,fcc,398,28179,119613
train,fcc,400,58498,120095
train,fcc,400,42975,120105
train,fcc,400,2337,120108
train,fcc,400,93861,120121
train,fcc,400,8690,120133
train,fcc,400,5876,120142
train,fcc,400,331,120180
train,fcc,400,49659,120233
train,fcc,400,54755,120255
train,fcc,401,42767,120303
train,fcc,401,87262,120315
train,fcc,401,101113,120320
train,fcc,401,59847,120334
train,fcc,401,69352,120338
train,fcc,401,41605,120343
train,fcc,401,41202,120360
train,fcc,401,42679,120366
train,fcc,401,83713,120377
train,fcc,401,12710,120380
train,fcc,401,104028,120392
train,fcc,401,13892,120400
train,fcc,401,69762,120452
train,fcc,401,36281,120456
train,fcc,401,97279,120475
train,fcc,401,85037,120550
train,fcc,401,97584,120553
train,fcc,401,74211,120556
train,fcc,401,1809,120579
train,fcc,401,99812,120580
train,fcc,401,45846,120593
train,fcc,401,3133,120595
train,fcc,403,77915,120902
train,fcc,403,86645,120919
train,fcc,403,87863,120928
train,fcc,403,68770,120980
train,fcc,403,91055,120993
train,fcc,403,64215,121000
train,fcc,403,33534,121050
train,fcc,403,32334,121090
train,fcc,403,7897,121107
train,fcc,403,26837,121118
train,fcc,403,71656,121120
train,fcc,403,48545,121123
train,fcc,403,31812,121130
train,fcc,403,6378,121132
train,fcc,403,8343,121134
train,fcc,403,90289,121158
train,fcc,403,81164,121181
train,fcc,405,11927,121523
train,fcc,405,323,121546
train,fcc,405,10672,121575
train,fcc,405,76531,121576
train,fcc,405,63637,121587
train,fcc,405,105909,121612
train,fcc,405,98454,121631
train,fcc,405,56585,121663
train,fcc,405,51126,121687
train,fcc,405,84374,121696
train,fcc,405,39920,121706
train,fcc,405,101421,121709
train,fcc,405,99448,121731
train,fcc,405,52247,121738
train,fcc,407,87219,122120
train,fcc,407,17808,122143
train,fcc,407,93460,122153
train,fcc,407,35291,122186
train,fcc,407,58659,122201
train,fcc,407,102674,122224
train,fcc,407,68305,122227
train,fcc,407,104316,122278
train,fcc,407,23783,122307
train,fcc,407,9366,122330
train,fcc,407,42958,122333
train,fcc,407,81024,122340
train,fcc,407,27375,122355
train,fcc,407,6283,122356
train,fcc,407,85631,122369
train,fcc,407,54293,122372
train,fcc,407,78743,122384
train,fcc,407,33856,122397
train,fcc,408,72481,122402
train,fcc,408,79464,122408
train,fcc,408,69472,122429
train,fcc,408,67771,122434
train,fcc,408,44229,122444
train,fcc,408,81644,122460
train,fcc,408,29512,122470
train,fcc,408,90189,122481
train,fcc,408,60274,122491
train,fcc,408,26848,122533
train,fcc,408,90409,122585
train,fcc,408,93192,122596
train,fcc,408,104097,122630
train,fcc,408,103587,122633
train,fcc,408,65178,122645
train,fcc,408,86163,122665
train,fcc,408,66637,122673
train,fcc,408,90267,122674
train,fcc,408,40880,122698
train,fcc,410,95383,123014
train,fcc,410,17656,123022
train,fcc,410,12321,123028
train,fcc,410,99805,123036
train,fcc,410,3307,123045
train,fcc,410,9866,123051
train,fcc,410,19738,123053
train,fcc,410,29137,123074
train,fcc,410,23322,123093
train,fcc,410,77739,123130
train,fcc,410,53401,123143
train,fcc,410,148,123159
train,fcc,410,80541,123161
train,fcc,410,91717,123163
train,fcc,410,107131,123202
train,fcc,410,37494,123227
train,fcc,410,66746,123239
train,fcc,410,11406,123243
train,fcc,410,37177,123262
train,fcc,412,48707,123606
train,fcc,412,65219,123628
train,fcc,412,2167,123647
train,fcc,412,99799,123663
train,fcc,412,90149,123664
train,fcc,412,70742,123730
train,fcc,412,30555,123772
train,fcc,412,47158,123787
train,fcc,412,89022,123853
train,fcc,412,14537,123855
train,fcc,412,16418,123874
train,fcc,413,90254,123920
train,fcc,413,33646,123940
train,fcc,413,89544,123943
train,fcc,413,106559,123962
train,fcc,413,22243,123975
train,fcc,413,61734,124007
train,fcc,413,79843,124009
train,fcc,413,16825,124011
train,fcc,413,105870,124039
train,fcc,413,104982,124040
train,fcc,413,98680,124055
train,fcc,413,94330,124074
train,fcc,413,104183,124090
train,fcc,413,63574,124154
train,fcc,413,2978,124165
train,fcc,413,54601,124172
train,fcc,413,52288,124191
train,fcc,414,33567,124231
train,fcc,414,18761,124241
train,fcc,414,51831,124255
train,fcc,414,34070,124264
train,fcc,414,55100,124319
train,fcc,414,56598,124323
train,fcc,414,104154,124345
train,fcc,414,38792,124381
train,fcc,414,76135,124400
train,fcc,414,35232,124434
train,fcc,414,55655,124440
train,fcc,416,80580,124838
train,fcc,416,95495,124843
train,fcc,416,97533,124874
train,fcc,416,62763,124893
train,fcc,416,47847,124898
train,fcc,416,87595,124903
train,fcc,416,32633,124919
train,fcc,416,58910,124931
train,fcc,416,69710,124954
train,fcc,416,44884,124983
train,fcc,416,8437,124990
train,fcc,416,8727,125013
train,fcc,416,27436,125021
train,fcc,416,76511,125033
train,fcc,416,26525,125057
train,fcc,416,94186,125068
train,fcc,416,22825,125071
train,fcc,416,39778,125079
train,fcc,416,1182,125083
train,fcc,417,20392,125102
train,fcc,417,79174,125108
train,fcc,417,30198,125124
train,fcc,417,8835,125149
train,fcc,417,96293,125174
train,fcc,417,3627,125179
train,fcc,417,21473,125207
train,fcc,417,57852,125230
train,fcc,417,32078,125237
train,fcc,417,19565,125247
train,fcc,417,105825,125267
train,fcc,417,107415,125276
train,fcc,417,45017,125346
train,fcc,417,52628,125348
train,fcc,417,104688,125376
train,fcc,417,511,125381
train,fcc,417,90422,125393
train,fcc,418,64293,125411
train,fcc,418,7562,125449
train,fcc,418,103100,125487
train,fcc,418,86161,125499
train,fcc,418,30089,125518
train,fcc,418,3511,125527
train,fcc,418,53880,125543
train,fcc,418,53099,125547
train,fcc,418,20853,125572
train,fcc,418,43482,125607
train,fcc,418,10644,125627
train,fcc,418,7587,125639
train,fcc,418,33497,125648
train,fcc,418,35128,125675
train,fcc,418,107926,125687
train,fcc,420,27864,126015
train,fcc,420,1587,126022
train,fcc,420,22364,126028
train,fcc,420,7946,126031
train,fcc,420,71495,126045
train,fcc,420,102541,126063
train,fcc,420,63831,126100
train,fcc,420,87479,126137
train,fcc,420,31805,126145
train,fcc,420,70237,126176
train,fcc,420,75630,126194
train,fcc,420,100329,126206
train,fcc,420,105304,126219
train,fcc,420,35545,126226
train,fcc,420,53671,126237
train,fcc,420,51562,126242
train,fcc,420,37011,126290
train,fcc,420,53994,126294
train,fcc,420,67747,126297
train,fcc,422,99153,126613
train,fcc,422,58004,126616
train,fcc,422,42829,126618
train,fcc,422,97989,126628
train,fcc,422,5615,126647
train,fcc,422,53178,126648
train,fcc,422,97004,126694
train,fcc,422,19606,126700
train,fcc,422,22847,126722
train,fcc,422,18889,126740
train,fcc,422,87638,126744
train,fcc,422,55817,126749
train,fcc,422,98703,126754
train,fcc,422,35614,126760
train,fcc,422,47794,126762
train,fcc,422,80075,126776
train,fcc,422,35222,126823
train,fcc,422,373,126825
train,fcc,422,104674,126827
train,fcc,422,102838,126834
train,fcc,422,84985,126843
train,fcc,422,74507,126873
train,fcc,422,36273,126888
train,fcc,422,87410,126899
train,fcc,423,74565,126911
train,fcc,423,105268,126939
train,fcc,423,80338,126952
train,fcc,423,44641,126963
train,fcc,423,60811,127011
train,fcc,423,94503,127071
train,fcc,423,53046,127123
train,fcc,423,49206,127181
train,fcc,424,10011,127212
train,fcc,424,72723,127254
train,fcc,424,42086,127267
train,fcc,424,77860,127283
train,fcc,424,105261,127300
train,fcc,424,86810,127311
train,fcc,424,55766,127313
train,fcc,424,50946,127371
train,fcc,424,64063,127375
train,fcc,424,34223,127392
train,fcc,424,30458,127400
train,fcc,424,101449,127408
train,fcc,424,83811,127418
train,fcc,424,101959,127441
train,fcc,424,102622,127463
train,fcc,424,19769,127465
train,fcc,426,105620,127813
train,fcc,426,43671,127873
train,fcc,426,9325,127927
train,fcc,426,49843,127943
train,fcc,426,80394,127955
train,fcc,426,88152,127993
train,fcc,426,40037,128053
train,fcc,426,107230,128077
train,fcc,427,101940,128124
train,fcc,427,51398,128146
train,fcc,427,90338,128161
train,fcc,427,102898,128179
train,fcc,427,32890,128188
train,fcc,427,101858,128253
train,fcc,427,44409,128287
train,fcc,427,104297,128325
train,fcc,427,34172,128332
train,fcc,427,17005,128356
train,fcc,427,104957,128365
train,fcc,428,15202,128403
train,fcc,428,102988,128405
train,fcc,428,1518,128444
train,fcc,428,8103,128446
train,fcc,428,33526,128457
train,fcc,428,69511,128461
train,fcc,428,23346,128472
train,fcc,428,62690,128480
train,fcc,428,19314,128489
train,fcc,428,88693,128490
train,fcc,428,34168,128492
train,fcc,428,90366,128515
train,fcc,428,16421,128542
train,fcc,428,67876,128559
train,fcc,428,13451,128569
train,fcc,428,102499,128611
train,fcc,428,59025,128632
train,fcc,428,44263,128658
train,fcc,428,1493,128678
train,fcc,428,81337,128692
train,fcc,428,63082,128694
train,fcc,428,8678,128699
train,fcc,429,90575,128731
train,fcc,429,38764,128767
train,fcc,429,91609,128773
train,fcc,429,37383,128780
train,fcc,429,32864,128822
train,fcc,429,88037,128834
train,fcc,429,54938,128860
train,fcc,429,13134,128865
train,fcc,429,79212,128880
train,fcc,429,79141,128903
train,fcc,429,41804,128916
train,fcc,429,15151,128934
train,fcc,429,14076,128948
train,fcc,429,26962,128984
train,fcc,429,34957,128993
train,fcc,430,89589,129023
train,fcc,430,49949,129061
train,fcc,430,45999,129165
train,fcc,430,34730,129179
train,fcc,430,17332,129208
train,fcc,430,24998,129212
train,fcc,430,13758,129242
train,fcc,430,99625,129243
train,fcc,430,52912,129267
train,fcc,434,96356,130222
train,fcc,434,10212,130328
train,fcc,434,52395,130349
train,fcc,434,35496,130418
train,fcc,435,59046,130525
train,fcc,435,9253,130568
train,fcc,435,57708,130577
train,fcc,435,57451,130599
train,fcc,435,48696,130610
train,fcc,435,85151,130611
train,fcc,435,18408,130621
train,fcc,435,65996,130628
train,fcc,435,72231,130634
train,fcc,435,91891,130649
train,fcc,435,81190,130715
train,fcc,435,5615,130720
train,fcc,435,106655,130723
train,fcc,435,21033,130738
train,fcc,435,35078,130741
train,fcc,435,15125,130766
train,fcc,435,40342,130785
train,fcc,435,72376,130789
train,fcc,435,4478,130798
train,fcc,436,55761,130821
train,fcc,436,43121,130829
train,fcc,436,95722,130889
train,fcc,436,82133,130901
train,fcc,436,17016,130923
train,fcc,436,107205,130924
train,fcc,436,85931,130925
train,fcc,436,103295,130926
train,fcc,436,107719,130935
train,fcc,436,79072,130940
train,fcc,436,41447,130944
train,fcc,436,89582,130968
train,fcc,436,48315,130970
train,fcc,436,3582,130972
train,fcc,436,4060,130992
train,fcc,436,21892,131075
train,fcc,436,86613,131077
train,fcc,437,75940,131110
train,fcc,437,25552,131139
train,fcc,437,64400,131146
train,fcc,437,89053,131150
train,fcc,437,43976,131178
train,fcc,437,25891,131193
train,fcc,437,105243,131201
train,fcc,437,53934,131268
train,fcc,437,47025,131313
train,fcc,437,70792,131337
train,fcc,437,3716,131340
train,fcc,437,106912,131351
train,fcc,437,78314,131361
train,fcc,439,79304,131704
train,fcc,439,8314,131712
train,fcc,439,93610,131733
train,fcc,439,59350,131745
train,fcc,439,24432,131753
train,fcc,439,50917,131760
train,fcc,439,104178,131768
train,fcc,439,78190,131820
train,fcc,439,66005,131833
train,fcc,439,45611,131930
train,fcc,439,89474,131969
train,fcc,439,32184,131974
train,fcc,440,20235,132008
train,fcc,440,56366,132020
train,fcc,440,85068,132024
train,fcc,440,45615,132034
train,fcc,440,52313,132041
train,fcc,440,32950,132048
train,fcc,440,85112,132049
train,fcc,440,2778,132055
train,fcc,440,101414,132060
train,fcc,440,28798,132073
train,fcc,440,68229,132088
train,fcc,440,57051,132099
train,fcc,440,13933,132141
train,fcc,440,65959,132155
train,fcc,440,37127,132164
train,fcc,440,63694,132176
train,fcc,440,51880,132229
train,fcc,440,67349,132231
train,fcc,440,86156,132289
train,fcc,440,100907,132299
train,fcc,441,50927,132304
train,fcc,441,28450,132320
train,fcc,441,40106,132375
train,fcc,441,28496,132385
train,fcc,441,21779,132414
train,fcc,441,5407,132424
train,fcc,441,67880,132479
train,fcc,441,92379,132504
train,fcc,441,74315,132541
train,fcc,441,35796,132559
train,fcc,442,54894,132621
train,fcc,442,9762,132631
train,fcc,442,4271,132640
train,fcc,442,79681,132642
train,fcc,442,62090,132652
train,fcc,442,1495,132707
train,fcc,442,53449,132721
train,fcc,442,13410,132735
train,fcc,442,76748,132742
train,fcc,442,75401,132757
train,fcc,442,107053,132853
train,fcc,442,61417,132864
train,fcc,442,31077,132867
train,fcc,442,21931,132880
train,fcc,442,4810,132888
train,fcc,443,82642,132928
train,fcc,443,3035,132942
train,fcc,443,68015,132961
train,fcc,443,60598,133000
train,fcc,443,93628,133023
train,fcc,443,37914,133068
train,fcc,443,27069,133095
train,fcc,443,40911,133138
train,fcc,443,15310,133199
train,fcc,444,75748,133291
train,fcc,444,81472,133303
train,fcc,444,50976,133314
train,fcc,444,99313,133333
train,fcc,444,66946,133342
train,fcc,444,81225,133384
train,fcc,444,61753,133397
train,fcc,444,16640,133408
train,fcc,444,95807,133417
train,fcc,444,5085,133421
train,fcc,444,91503,133427
train,fcc,444,104770,133455
train,fcc,444,67868,133458
train,fcc,444,41214,133475
train,fcc,446,88503,133813
train,fcc,446,3784,133825
train,fcc,446,39245,133832
train,fcc,446,106464,133850
train,fcc,446,71834,133908
train,fcc,446,45696,133949
train,fcc,446,33200,133956
train,fcc,446,97915,133962
train,fcc,446,54803,133983
train,fcc,446,55777,134010
train,fcc,446,26027,134014
train,fcc,446,88660,134018
train,fcc,446,49925,134020
train,fcc,446,49681,134021
train,fcc,446,71376,134063
train,fcc,446,30860,134066
train,fcc,446,20022,134084
train,fcc,446,87801,134099
train,fcc,447,18573,134103
train,fcc,447,6146,134105
train,fcc,447,34683,134141
train,fcc,447,44582,134207
train,fcc,447,95437,134237
train,fcc,447,84505,134248
train,fcc,447,39427,134257
train,fcc,447,33130,134289
train,fcc,447,104163,134292
train,fcc,447,54206,134302
train,fcc,447,2734,134343
train,fcc,448,43619,134421
train,fcc,448,10428,134426
train,fcc,448,85578,134430
train,fcc,448,85205,134515
train,fcc,448,68981,134565
train,fcc,448,23224,134622
train,fcc,448,102557,134637
train,fcc,448,20476,134673
train,fcc,448,83241,134674
train,fcc,448,27849,134699
train,fcc,451,90003,135325
train,fcc,451,54842,135332
train,fcc,451,96549,135361
train,fcc,451,11315,135393
train,fcc,451,50458,135403
train,fcc,451,99001,135413
train,fcc,451,80184,135430
train,fcc,451,55589,135434
train,fcc,451,10726,135497
train,fcc,451,67164,135534
train,fcc,451,41269,135538
train,fcc,451,58727,135551
train,fcc,452,88448,135612
train,fcc,452,19791,135640
train,fcc,452,80983,135646
train,fcc,452,71942,135717
train,fcc,452,96354,135738
train,fcc,452,46061,135779
train,fcc,452,38794,135804
train,fcc,452,100553,135806
train,fcc,452,4446,135833
train,fcc,452,102807,135873
train,fcc,453,56145,135901
train,fcc,453,15789,135913
train,fcc,453,46196,135931
train,fcc,453,44282,135943
train,fcc,453,80555,135946
train,fcc,453,89634,135955
train,fcc,453,9241,135970
train,fcc,453,90174,135979
train,fcc,453,24010,136014
train,fcc,453,31993,136079
train,fcc,453,69498,136119
train,fcc,453,61477,136129
train,fcc,453,66270,136151
train,fcc,453,41568,136179
train,fcc,455,72878,136504
train,fcc,455,37293,136522
train,fcc,455,6613,136536
train,fcc,455,2899,136537
train,fcc,455,41849,136541
train,fcc,455,57010,136543
train,fcc,455,8184,136619
train,fcc,455,9624,136629
train,fcc,455,70807,136656
train,fcc,455,4603,136676
train,fcc,455,99352,136683
train,fcc,455,7386,136705
train,fcc,455,21535,136736
train,fcc,455,82005,136762
train,fcc,455,86945,136775
train,fcc,456,9694,136832
train,fcc,456,90093,136854
train,fcc,456,20676,136903
train,fcc,456,91620,136907
train,fcc,456,59471,136925
train,fcc,456,75272,136942
train,fcc,456,49945,136956
train,fcc,456,24713,136972
train,fcc,456,679,136996
train,fcc,456,65298,137004
train,fcc,456,54929,137007
train,fcc,456,67925,137044
train,fcc,456,23192,137059
train,fcc,456,67372,137066
train,fcc,456,88935,137081
train,fcc,456,10940,137087
train,fcc,459,71823,137708
train,fcc,459,74807,137729
train,fcc,459,99048,137769
train,fcc,459,809,137779
train,fcc,459,48792,137826
train,fcc,459,81952,137965
train,fcc,459,18025,137996
train,fcc,459,56514,137997
train,fcc,460,58594,138008
train,fcc,460,46710,138010
train,fcc,460,39430,138042
train,fcc,460,6904,138076
train,fcc,460,46265,138082
train,fcc,460,55607,138110
train,fcc,460,80425,138146
train,fcc,460,70846,138164
train,fcc,460,89356,138189
train,fcc,460,9666,138190
train,fcc,460,38046,138195
train,fcc,460,64751,138233
train,fcc,460,44494,138238
train,fcc,460,105321,138268
train,fcc,461,16355,138314
train,fcc,461,49010,138325
train,fcc,461,93688,138365
train,fcc,461,49810,138371
train,fcc,461,571,138375
train,fcc,461,43869,138412
train,fcc,461,45176,138443
train,fcc,461,100217,138470
train,fcc,461,45922,138478
train,fcc,461,36485,138518
train,fcc,461,62598,138535
train,fcc,461,105154,138552
train,fcc,461,76387,138558
train,fcc,461,81890,138569
train,fcc,461,107200,138573
train,fcc,464,84536,139206
train,fcc,464,32600,139234
train,fcc,464,2909,139236
train,fcc,464,37455,139250
train,fcc,464,106409,139259
train,fcc,464,2493,139266
train,fcc,464,22166,139324
train,fcc,464,104311,139329
train,fcc,464,37180,139398
train,fcc,464,30336,139411
train,fcc,464,64851,139434
train,fcc,464,102752,139449
train,fcc,464,31963,139470
train,fcc,464,25016,139485
train,fcc,464,21980,139489
train,fcc,465,20502,139555
train,fcc,465,91584,139557
train,fcc,465,67397,139559
train,fcc,465,18632,139590
train,fcc,465,42691,139620
train,fcc,465,90649,139622
train,fcc,465,98592,139662
train,fcc,465,26789,139663
train,fcc,465,53932,139704
train,fcc,465,10370,139727
train,fcc,465,82693,139752
train,fcc,465,58545,139790
train,fcc,466,40374,139838
train,fcc,466,35750,139855
train,fcc,466,56683,139880
train,fcc,466,53644,139893
train,fcc,466,62005,139899
train,fcc,466,11975,139904
train,fcc,466,4192,139906
train,fcc,466,105370,139918
train,fcc,466,2730,139926
train,fcc,466,96658,139936
train,fcc,466,102574,139965
train,fcc,466,96951,139973
train,fcc,466,32937,139980
train,fcc,466,27982,140022
train,fcc,466,96642,140071
train,fcc,466,99877,140077
train,fcc,467,13373,140120
train,fcc,467,100148,140167
train,fcc,467,55350,140199
train,fcc,467,22441,140200
train,fcc,467,32430,140256
train,fcc,467,25931,140280
train,fcc,467,90629,140300
train,fcc,467,70825,140302
train,fcc,468,47652,140407
train,fcc,468,104549,140428
train,fcc,468,64949,140433
train,fcc,468,58313,140444
train,fcc,468,8701,140462
train,fcc,468,105933,140476
train,fcc,468,94638,140485
train,fcc,468,9503,140506
train,fcc,468,100386,140528
train,fcc,468,82359,140553
train,fcc,468,126,140560
train,fcc,468,11101,140571
train,fcc,468,35513,140642
train,fcc,470,92372,141031
train,fcc,470,47280,141037
train,fcc,470,102953,141050
train,fcc,470,74825,141051
train,fcc,470,93807,141056
train,fcc,470,89522,141063
train,fcc,470,8994,141066
train,fcc,470,29377,141071
train,fcc,470,79557,141075
train,fcc,470,94002,141084
train,fcc,470,102678,141117
train,fcc,470,61453,141169
train,fcc,470,55855,141181
train,fcc,470,70100,141207
train,fcc,470,61002,141245
train,fcc,470,687,141292
train,fcc,471,26777,141327
train,fcc,471,99534,141367
train,fcc,471,84876,141427
train,fcc,471,79352,141460
train,fcc,471,54842,141492
train,fcc,471,95019,141498
train,fcc,471,948,141504
train,fcc,471,95610,141517
train,fcc,471,17097,141528
train,fcc,471,10809,141533
train,fcc,471,69612,141539
train,fcc,471,100544,141565
train,fcc,471,18634,141588
train,fcc,473,81393,141912
train,fcc,473,9811,141913
train,fcc,473,44831,141982
train,fcc,473,70815,141990
train,fcc,473,76667,141995
train,fcc,473,36709,141999
train,fcc,473,18663,142002
train,fcc,473,47481,142005
train,fcc,473,24498,142011
train,fcc,473,55180,142051
train,fcc,473,3412,142091
train,fcc,473,58063,142107
train,fcc,473,26323,142134
train,fcc,473,65811,142160
train,fcc,473,84365,142165
train,fcc,473,104616,142169
train,fcc,476,63940,142810
train,fcc,476,43547,142829
train,fcc,476,69896,142832
train,fcc,476,31908,142867
train,fcc,476,73808,142869
train,fcc,476,55017,142882
train,fcc,476,57135,142883
train,fcc,476,81642,142924
train,fcc,476,40254,142942
train,fcc,476,63469,142948
train,fcc,476,70251,142984
train,fcc,476,44708,143013
train,fcc,476,22138,143076
train,fcc,477,79642,143106
train,fcc,477,38376,143114
train,fcc,477,66486,143152
train,fcc,477,60006,143162
train,fcc,477,88139,143164
train,fcc,477,52212,143173
train,fcc,477,22092,143189
train,fcc,477,48425,143190
train,fcc,477,92145,143194
train,fcc,477,83120,143222
train,fcc,477,64888,143227
train,fcc,477,58955,143232
train,fcc,477,46814,143235
train,fcc,477,1307,143239
train,fcc,477,25898,143256
train,fcc,477,87845,143268
train,fcc,477,44080,143271
train,fcc,477,32129,143311
train,fcc,477,37570,143322
train,fcc,477,806,143334
train,fcc,477,5691,143353
train,fcc,477,15813,143366
train,fcc,478,71649,143462
train,fcc,478,53880,143480
train,fcc,478,5116,143496
train,fcc,478,39663,143542
train,fcc,478,76086,143549
train,fcc,478,69715,143557
train,fcc,478,79423,143563
train,fcc,478,102982,143568
train,fcc,478,93157,143577
train,fcc,478,63680,143584
train,fcc,478,30651,143599
train,fcc,478,50820,143612
train,fcc,478,76525,143629
train,fcc,478,1793,143650
train,fcc,478,82908,143662
train,fcc,479,74543,143712
train,fcc,479,107652,143744
train,fcc,479,39953,143752
train,fcc,479,6063,143792
train,fcc,479,89850,143816
train,fcc,479,73981,143817
train,fcc,479,9372,143848
train,fcc,479,85373,143858
train,fcc,479,17254,143885
train,fcc,479,96596,143888
train,fcc,479,25666,143958
train,fcc,479,62304,143961
train,fcc,479,78995,143971
train,fcc,479,3306,143995
train,fcc,480,2657,144024
train,fcc,480,92905,144080
train,fcc,480,87461,144115
train,fcc,480,9937,144121
train,fcc,480,36921,144166
train,fcc,480,46815,144170
train,fcc,480,97078,144184
train,fcc,480,64585,144191
train,fcc,480,6197,144222
train,fcc,480,60536,144241
train,fcc,480,87803,144248
train,fcc,480,62098,144251
train,fcc,480,93768,144259
train,fcc,480,273,144262
train,fcc,480,13393,144274
train,fcc,480,46509,144280
train,fcc,481,70873,144315
train,fcc,481,6229,144324
train,fcc,481,46963,144354
train,fcc,481,36344,144374
train,fcc,481,47629,144391
train,fcc,481,38488,144410
train,fcc,481,66126,144411
train,fcc,481,74178,144420
train,fcc,481,34902,144431
train,fcc,481,51903,144435
train,fcc,481,69148,144469
train,fcc,481,82677,144473
train,fcc,481,100302,144477
train,fcc,481,26399,144478
train,fcc,481,64555,144494
train,fcc,481,62225,144518
train,fcc,481,59667,144529
train,fcc,481,14998,144543
train,fcc,481,33621,144560
train,fcc,481,78006,144571
train,fcc,481,60116,144574
train,fcc,481,103117,144578
train,fcc,482,35742,144636
train,fcc,482,35148,144646
train,fcc,482,93394,144717
train,fcc,482,99400,144720
train,fcc,482,31524,144753
train,fcc,482,74144,144773
train,fcc,482,103534,144804
train,fcc,482,60093,144807
train,fcc,482,27478,144820
train,fcc,482,76142,144843
train,fcc,482,24305,144849
train,fcc,482,27241,144885
train,fcc,485,90035,145504
train,fcc,485,98541,145505
train,fcc,485,74149,145566
train,fcc,485,2172,145570
train,fcc,485,86794,145573
train,fcc,485,103692,145574
train,fcc,485,12283,145586
train,fcc,485,23446,145593
train,fcc,485,39278,145602
train,fcc,485,80359,145630
train,fcc,485,55312,145632
train,fcc,485,43367,145643
train,fcc,485,9663,145653
train,fcc,485,25397,145672
train,fcc,485,106343,145675
train,fcc,485,59774,145682
train,fcc,485,30084,145721
train,fcc,487,67164,146106
train,fcc,487,97502,146116
train,fcc,487,429,146121
train,fcc,487,35747,146151
train,fcc,487,31323,146187
train,fcc,487,77475,146189
train,fcc,487,55508,146202
train,fcc,487,80367,146229
train,fcc,487,96591,146240
train,fcc,487,76668,146262
train,fcc,487,85057,146279
train,fcc,487,10832,146284
train,fcc,487,57383,146292
train,fcc,487,22288,146372
train,fcc,487,50643,146391
train,fcc,487,91873,146396
train,fcc,489,50925,146717
train,fcc,489,80897,146744
train,fcc,489,100878,146764
train,fcc,489,14885,146774
train,fcc,489,91528,146817
train,fcc,489,29090,146828
train,fcc,489,9282,146833
train,fcc,489,107366,146881
train,fcc,489,9032,146888
train,fcc,489,24573,146890
train,fcc,489,51670,146891
train,fcc,489,4966,146899
train,fcc,489,12991,146915
train,fcc,489,23464,146983
train,fcc,489,100781,146991
train,fcc,490,104548,147029
train,fcc,490,57504,147035
train,fcc,490,105907,147125
train,fcc,490,42272,147135
train,fcc,490,25879,147175
train,fcc,490,31740,147192
train,fcc,490,76959,147215
train,fcc,490,10280,147222
train,fcc,490,27256,147270
train,fcc,490,75772,147276
train,fcc,490,54737,147289
train,fcc,493,67103,147908
train,fcc,493,54839,147910
train,fcc,493,4264,147947
train,fcc,493,87235,147989
train,fcc,493,9242,147993
train,fcc,493,39233,147994
train,fcc,493,67353,148029
train,fcc,493,104314,148032
train,fcc,493,88000,148033
train,fcc,493,46185,148085
train,fcc,493,52313,148087
train,fcc,493,20780,148097
train,fcc,493,69939,148100
train,fcc,493,93083,148101
train,fcc,493,105788,148105
train,fcc,493,74297,148112
train,fcc,493,704,148131
train,fcc,493,56753,148132
train,fcc,493,99719,148149
train,fcc,493,74728,148162
train,fcc,493,2920,148187
train,fcc,493,87568,148190
train,fcc,494,76458,148203
train,fcc,494,78918,148204
train,fcc,494,94636,148205
train,fcc,494,28798,148236
train,fcc,494,38256,148247
train,fcc,494,78438,148254
train,fcc,494,107860,148295
train,fcc,494,31935,148345
train,fcc,494,9313,148351
train,fcc,494,4876,148360
train,fcc,494,75668,148381
train,fcc,494,2121,148421
train,fcc,494,18669,148486
train,fcc,494,7995,148497
train,fcc,494,29787,148498
train,fcc,495,23679,148511
train,fcc,495,34248,148513
train,fcc,495,21019,148515
train,fcc,495,48223,148524
train,fcc,495,70045,148526
train,fcc,495,24313,148548
train,fcc,495,97668,148550
train,fcc,495,15831,148601
train,fcc,495,66300,148602
train,fcc,495,103716,148605
train,fcc,495,8449,148621
train,fcc,495,7691,148623
train,fcc,495,72383,148639
train,fcc,495,51385,148645
train,fcc,495,73372,148648
train,fcc,495,82393,148659
train,fcc,495,36271,148680
train,fcc,495,73201,148681
train,fcc,495,85492,148687
train,fcc,495,43782,148692
train,fcc,495,33712,148701
train,fcc,495,47791,148710
train,fcc,495,86090,148734
train,fcc,495,13958,148770
train,fcc,496,84790,148805
train,fcc,496,7924,148814
train,fcc,496,89346,148815
train,fcc,496,93330,148834
train,fcc,496,13686,148870
train,fcc,496,69061,148893
train,fcc,496,57755,148895
train,fcc,496,8953,148913
train,fcc,496,61501,148918
train,fcc,496,41987,148930
train,fcc,496,3866,148946
train,fcc,496,91555,148952
train,fcc,496,58726,149002
train,fcc,496,51208,149009
train,fcc,496,63518,149010
train,fcc,497,32775,149115
train,fcc,497,1876,149161
train,fcc,497,74126,149172
train,fcc,497,75642,149177
train,fcc,497,2225,149193
train,fcc,497,42404,149204
train,fcc,497,10159,149207
train,fcc,497,43487,149247
train,fcc,497,14264,149254
train,fcc,497,47583,149257
train,fcc,497,2987,149259
train,fcc,497,98870,149261
train,fcc,497,27991,149302
train,fcc,497,78108,149362
train,fcc,497,70477,149385
train,fcc,497,46069,149392
train,fcc,501,95300,150337
train,fcc,501,71876,150354
train,fcc,501,51924,150368
train,fcc,501,14018,150390
train,fcc,501,33922,150401
train,fcc,501,50396,150404
train,fcc,501,100508,150411
train,fcc,501,87711,150420
train,fcc,501,85808,150427
train,fcc,501,50552,150440
train,fcc,501,82486,150454
train,fcc,501,74554,150456
train,fcc,501,82234,150463
train,fcc,501,22368,150487
train,fcc,501,35683,150532
train,fcc,501,147,150546
train,fcc,501,63902,150564
train,fcc,501,77632,150596
train,fcc,502,36486,150607
train,fcc,502,31980,150609
train,fcc,502,24811,150612
train,fcc,502,74751,150615
train,fcc,502,15729,150649
train,fcc,502,13181,150663
train,fcc,502,104745,150665
train,fcc,502,34314,150738
train,fcc,502,39052,150758
train,fcc,502,19702,150775
train,fcc,502,61069,150812
train,fcc,502,98892,150838
train,fcc,502,71647,150850
train,fcc,502,20565,150866
train,fcc,502,54498,150888
train,fcc,503,34400,150903
train,fcc,503,32881,150958
train,fcc,503,105001,150981
train,fcc,503,14080,151054
train,fcc,503,20437,151055
train,fcc,503,26102,151089
train,fcc,503,59565,151107
train,fcc,503,24878,151109
train,fcc,503,62156,151115
train,fcc,503,53372,151117
train,fcc,503,71109,151128
train,fcc,503,6407,151145
train,fcc,503,47849,151159
train,fcc,503,17811,151181
train,fcc,505,52715,151524
train,fcc,505,65186,151545
train,fcc,505,61478,151557
train,fcc,505,56286,151578
train,fcc,505,44893,151580
train,fcc,505,73722,151605
train,fcc,505,87829,151617
train,fcc,505,29478,151632
train,fcc,505,97896,151661
train,fcc,505,21116,151712
train,fcc,505,44075,151736
train,fcc,505,87356,151739
train,fcc,505,12499,151744
train,fcc,505,60164,151786
train,fcc,505,102650,151789
train,fcc,506,59946,151802
train,fcc,506,43310,151827
train,fcc,506,62427,151835
train,fcc,506,27515,151859
train,fcc,506,19382,151861
train,fcc,506,34080,151880
train,fcc,506,104960,151892
train,fcc,506,107812,151907
train,fcc,506,84790,151928
train,fcc,506,13679,151965
train,fcc,506,50875,152058
train,fcc,506,58451,152097
train,fcc,507,94232,152109
train,fcc,507,4646,152130
train,fcc,507,45264,152132
train,fcc,507,44853,152135
train,fcc,507,91082,152163
train,fcc,507,93021,152180
train,fcc,507,61852,152192
train,fcc,507,64135,152203
train,fcc,507,203,152211
train,fcc,507,104412,152236
train,fcc,507,37730,152255
train,fcc,507,17540,152263
train,fcc,507,60817,152268
train,fcc,507,102024,152278
train,fcc,507,44498,152282
train,fcc,507,91741,152291
train,fcc,507,81553,152307
train,fcc,507,81759,152343
train,fcc,507,25942,152345
train,fcc,507,90356,152352
train,fcc,507,73591,152366
train,fcc,508,11692,152406
train,fcc,508,32347,152427
train,fcc,508,62992,152439
train,fcc,508,5347,152441
train,fcc,508,55617,152444
train,fcc,508,43772,152478
train,fcc,508,20864,152489
train,fcc,508,89118,152490
train,fcc,508,79392,152552
train,fcc,508,85742,152570
train,fcc,508,21272,152576
train,fcc,508,105630,152589
train,fcc,508,105652,152607
train,fcc,508,17277,152627
train,fcc,508,32767,152628
train,fcc,508,94191,152636
train,fcc,508,83632,152638
train,fcc,508,75286,152640
train,fcc,508,70000,152654
train,fcc,508,27692,152660
train,fcc,508,13098,152666
train,fcc,508,81257,152674
train,fcc,508,68525,152676
train,fcc,508,75029,152699
train,fcc,509,98563,152744
train,fcc,509,18025,152768
train,fcc,509,79812,152800
train,fcc,509,58749,152813
train,fcc,509,42184,152845
train,fcc,509,63711,152873
train,fcc,509,100064,152878
train,fcc,509,39582,152900
train,fcc,509,41133,152936
train,fcc,509,85712,152964
train,fcc,509,81948,152989
train,fcc,509,16743,152990
train,fcc,509,3609,152993
train,fcc,509,45025,152994
train,fcc,511,28021,153338
train,fcc,511,58451,153346
train,fcc,511,51895,153347
train,fcc,511,6690,153425
train,fcc,511,67009,153445
train,fcc,511,94922,153496
train,fcc,511,103652,153516
train,fcc,511,101385,153556
train,fcc,513,89279,153925
train,fcc,513,101863,153979
train,fcc,513,93165,153986
train,fcc,513,95961,154016
train,fcc,513,89434,154036
train,fcc,513,3234,154053
train,fcc,513,81599,154055
train,fcc,513,71583,154056
train,fcc,513,51804,154081
train,fcc,513,20368,154085
train,fcc,513,43006,154095
train,fcc,513,84308,154116
train,fcc,513,35471,154129
train,fcc,513,24440,154169
train,fcc,513,38747,154183
train,fcc,513,49699,154188
train,fcc,514,52857,154226
train,fcc,514,78736,154229
train,fcc,514,28180,154261
train,fcc,514,36385,154288
train,fcc,514,81570,154302
train,fcc,514,91881,154331
train,fcc,514,91344,154361
train,fcc,514,33403,154393
train,fcc,514,31489,154421
train,fcc,514,38297,154475
train,fcc,514,86499,154478
train,fcc,514,40306,154484
train,fcc,515,52526,154501
train,fcc,515,13530,154534
train,fcc,515,66759,154541
train,fcc,515,96432,154578
train,fcc,515,39092,154602
train,fcc,515,79180,154633
train,fcc,515,105604,154658
train,fcc,515,74658,154663
train,fcc,515,101803,154692
train,fcc,515,49375,154694
train,fcc,515,107777,154712
train,fcc,515,43633,154718
train,fcc,515,37459,154732
train,fcc,515,45207,154743
train,fcc,515,61549,154790
train,fcc,515,5034,154795
train,fcc,516,64070,154807
train,fcc,516,37022,154819
train,fcc,516,45536,154835
train,fcc,516,99291,154837
train,fcc,516,22808,154840
train,fcc,516,78936,154906
train,fcc,516,86968,154911
train,fcc,516,3706,154918
train,fcc,516,41495,154931
train,fcc,516,63629,154950
train,fcc,516,38507,154963
train,fcc,516,35978,154985
train,fcc,516,12035,155019
train,fcc,516,18373,155044
train,fcc,517,34063,155106
train,fcc,517,75720,155120
train,fcc,517,94747,155122
train,fcc,517,59386,155141
train,fcc,517,84957,155152
train,fcc,517,55639,155165
train,fcc,517,69972,155175
train,fcc,517,29626,155198
train,fcc,517,91471,155209
train,fcc,517,8644,155218
train,fcc,517,30175,155239
train,fcc,517,20422,155274
train,fcc,517,37505,155283
train,fcc,517,53127,155343
train,fcc,517,36770,155394
train,fcc,518,101572,155400
train,fcc,518,102565,155407
train,fcc,518,51138,155421
train,fcc,518,40347,155435
train,fcc,518,39491,155439
train,fcc,518,63643,155441
train,fcc,518,84828,155506
train,fcc,518,5163,155508
train,fcc,518,1750,155523
train,fcc,518,31585,155531
train,fcc,518,68940,155535
train,fcc,518,93573,155540
train,fcc,518,14658,155545
train,fcc,518,61808,155558
train,fcc,518,34986,155572
train,fcc,518,67857,155617
train,fcc,518,32410,155630
train,fcc,518,14898,155643
train,fcc,518,91407,155663
train,fcc,518,77968,155665
train,fcc,518,61618,155666
train,fcc,519,10548,155705
train,fcc,519,18281,155719
train,fcc,519,28228,155730
train,fcc,519,23664,155778
train,fcc,519,102499,155790
train,fcc,519,26274,155807
train,fcc,519,40138,155812
train,fcc,519,40685,155821
train,fcc,519,88213,155832
train,fcc,519,27234,155852
train,fcc,519,68600,155861
train,fcc,519,72131,155867
train,fcc,519,5499,155879
train,fcc,519,102725,155916
train,fcc,519,77202,155928
train,fcc,519,99135,155931
train,fcc,519,6666,155935
train,fcc,519,39449,155936
train,fcc,519,4237,155940
train,fcc,519,43027,155961
train,fcc,519,26347,155974
train,fcc,520,12557,156015
train,fcc,520,15973,156025
train,fcc,520,80362,156034
train,fcc,520,25036,156052
train,fcc,520,64852,156075
train,fcc,520,103849,156082
train,fcc,520,106112,156158
train,fcc,520,18529,156174
train,fcc,520,2609,156176
train,fcc,520,53970,156191
train,fcc,520,106469,156216
train,fcc,520,97847,156222
train,fcc,520,88185,156252
train,fcc,520,56249,156264
train,fcc,520,59078,156272
train,fcc,521,80150,156323
train,fcc,521,55546,156354
train,fcc,521,41758,156356
train,fcc,521,82171,156375
train,fcc,521,34576,156401
train,fcc,521,9068,156409
train,fcc,521,69995,156423
train,fcc,521,100331,156431
train,fcc,521,96453,156458
train,fcc,521,67115,156520
train,fcc,521,95029,156523
train,fcc,521,23933,156593
train,fcc,523,12208,156908
train,fcc,523,9342,156941
train,fcc,523,60647,156957
train,fcc,523,10585,156960
train,fcc,523,63690,157061
train,fcc,523,46621,157068
train,fcc,523,82461,157076
train,fcc,523,20370,157079
train,fcc,523,75015,157085
train,fcc,523,30178,157097
train,fcc,523,57651,157099
train,fcc,523,29384,157108
train,fcc,523,106836,157122
train,fcc,523,88223,157130
train,fcc,523,495,157161
train,fcc,523,107419,157180
train,fcc,524,59794,157203
train,fcc,524,45742,157216
train,fcc,524,54811,157226
train,fcc,524,104448,157254
train,fcc,524,80480,157291
train,fcc,524,77484,157294
train,fcc,524,17121,157295
train,fcc,524,60723,157413
train,fcc,524,79904,157439
train,fcc,524,64726,157450
train,fcc,524,17210,157464
train,fcc,524,60273,157477
train,fcc,525,77567,157505
train,fcc,525,47827,157522
train,fcc,525,67473,157554
train,fcc,525,107989,157580
train,fcc,525,50277,157585
train,fcc,525,91418,157598
train,fcc,525,8640,157604
train,fcc,525,53441,157620
train,fcc,525,79995,157669
train,fcc,525,89969,157697
train,fcc,525,50826,157731
train,fcc,525,15272,157744
train,fcc,525,70906,157767
train,fcc,526,23671,157812
train,fcc,526,107649,157841
train,fcc,526,59179,157844
train,fcc,526,49142,157877
train,fcc,526,97786,157900
train,fcc,526,19411,157971
train,fcc,526,15382,158003
train,fcc,526,22603,158027
train,fcc,526,66498,158040
train,fcc,526,20225,158042
train,fcc,526,32505,158074
train,fcc,526,26152,158075
train,fcc,529,104462,158705
train,fcc,529,105472,158708
train,fcc,529,41352,158720
train,fcc,529,96082,158750
train,fcc,529,42349,158756
train,fcc,529,49488,158761
train,fcc,529,62984,158772
train,fcc,529,73640,158775
train,fcc,529,42976,158785
train,fcc,529,34604,158802
train,fcc,529,5408,158829
train,fcc,529,12217,158833
train,fcc,529,75251,158845
train,fcc,529,105387,158852
train,fcc,529,16445,158870
train,fcc,529,19094,158875
train,fcc,529,29213,158880
train,fcc,529,87445,158929
train,fcc,529,420,158946
train,fcc,529,1348,158961
train,fcc,530,78539,159012
train,fcc,530,7542,159016
train,fcc,530,55236,159029
train,fcc,530,69154,159045
train,fcc,530,80578,159046
train,fcc,530,56910,159071
train,fcc,530,60978,159076
train,fcc,530,34917,159078
train,fcc,530,42196,159079
train,fcc,530,13364,159096
train,fcc,530,49999,159109
train,fcc,530,89056,159120
train,fcc,530,47120,159145
train,fcc,530,52278,159164
train,fcc,530,101444,159165
train,fcc,530,88228,159179
train,fcc,530,83564,159183
train,fcc,530,101198,159191
train,fcc,530,91005,159197
train,fcc,530,21133,159198
train,fcc,530,67365,159231
train,fcc,530,77948,159248
train,fcc,530,63119,159252
train,fcc,530,83047,159254
train,fcc,530,92259,159257
train,fcc,530,72870,159260
train,fcc,530,49293,159268
train,fcc,531,65141,159302
train,fcc,531,56891,159312
train,fcc,531,23144,159316
train,fcc,531,47037,159339
train,fcc,531,29282,159366
train,fcc,531,53326,159501
train,fcc,531,44366,159512
train,fcc,531,1790,159546
train,fcc,531,13185,159572
train,fcc,531,52915,159591
train,fcc,533,21044,159906
train,fcc,533,101518,159930
train,fcc,533,81517,159990
train,fcc,533,9621,159995
train,fcc,533,70925,160021
train,fcc,533,68394,160067
train,fcc,533,50296,160102
train,fcc,533,90572,160120
train,fcc,533,15881,160128
train,fcc,533,63200,160155
train,fcc,533,47980,160159
train,fcc,533,26166,160171
train,fcc,533,1775,160176
train,fcc,533,60868,160187
train,fcc,534,39448,160246
train,fcc,534,11931,160250
train,fcc,534,95581,160287
train,fcc,534,78987,160292
train,fcc,534,80026,160301
train,fcc,534,29174,160371
train,fcc,534,7467,160413
train,fcc,534,93253,160493
train,fcc,534,54155,160497
train,fcc,537,53549,161123
train,fcc,537,70240,161131
train,fcc,537,52455,161171
train,fcc,537,27588,161215
train,fcc,537,90011,161218
train,fcc,537,74344,161234
train,fcc,537,106001,161256
train,fcc,537,16150,161303
train,fcc,537,107097,161314
train,fcc,537,16658,161363
train,fcc,537,19766,161373
train,fcc,537,17215,161381
train,fcc,538,50886,161416
train,fcc,538,91095,161430
train,fcc,538,37972,161463
train,fcc,538,61250,161475
train,fcc,538,16780,161488
train,fcc,538,8862,161503
train,fcc,538,20668,161543
train,fcc,538,107642,161556
train,fcc,538,66063,161560
train,fcc,538,53522,161595
train,fcc,538,27106,161607
train,fcc,538,106873,161642
train,fcc,538,62505,161698
train,fcc,539,48030,161726
train,fcc,539,71023,161732
train,fcc,539,3929,161735
train,fcc,539,26853,161803
train,fcc,539,45632,161837
train,fcc,539,58480,161847
train,fcc,539,248,161853
train,fcc,539,93145,161874
train,fcc,539,73252,161897
train,fcc,539,44142,161908
train,fcc,539,12740,161909
train,fcc,539,51801,161918
train,fcc,539,46265,161948
train,fcc,539,35233,161957
train,fcc,541,44979,162362
train,fcc,541,106484,162391
train,fcc,541,7607,162401
train,fcc,541,25637,162417
train,fcc,541,80147,162441
train,fcc,541,39425,162448
train,fcc,541,3363,162501
train,fcc,541,34300,162552
train,fcc,542,18815,162601
train,fcc,542,8512,162604
train,fcc,542,79881,162617
train,fcc,542,19273,162634
train,fcc,542,52652,162658
train,fcc,542,40381,162707
train,fcc,542,21675,162712
train,fcc,542,105521,162734
train,fcc,542,99372,162750
train,fcc,542,44938,162761
train,fcc,542,34774,162766
train,fcc,542,15500,162813
train,fcc,542,42514,162815
train,fcc,542,99405,162819
train,fcc,542,20979,162849
train,fcc,542,42285,162850
train,fcc,542,59930,162866
train,fcc,543,60807,162939
train,fcc,543,40827,162969
train,fcc,543,27439,162975
train,fcc,543,68296,162978
train,fcc,543,77075,162988
train,fcc,543,34968,162995
train,fcc,543,3553,163001
train,fcc,543,94653,163003
train,fcc,543,63167,163016
train,fcc,543,51850,163020
train,fcc,543,37331,163033
train,fcc,543,73006,163075
train,fcc,543,9983,163081
train,fcc,543,3584,163100
train,fcc,543,40625,163134
train,fcc,543,78269,163149
train,fcc,543,48233,163150
train,fcc,543,48693,163157
train,fcc,543,29440,163176
train,fcc,543,61464,163179
train,fcc,543,38307,163188
train,fcc,544,80232,163273
train,fcc,544,24564,163296
train,fcc,544,3854,163303
train,fcc,544,10368,163309
train,fcc,544,46518,163317
train,fcc,544,88074,163347
train,fcc,544,69116,163353
train,fcc,544,106222,163371
train,fcc,544,46927,163400
train,fcc,544,7857,163417
train,fcc,544,13541,163419
train,fcc,544,68053,163421
train,fcc,544,33846,163442
train,fcc,544,57085,163444
train,fcc,544,88701,163494
train,fcc,544,71103,163497
train,fcc,545,56952,163511
train,fcc,545,2632,163545
train,fcc,545,66818,163564
train,fcc,545,19836,163635
train,fcc,545,81060,163674
train,fcc,545,105454,163717
train,fcc,548,75659,164408
train,fcc,548,87454,164446
train,fcc,548,105023,164475
train,fcc,548,61633,164476
train,fcc,548,44625,164482
train,fcc,548,18564,164488
train,fcc,548,75640,164501
train,fcc,548,67699,164562
train,fcc,548,99452,164566
train,fcc,548,52800,164624
train,fcc,548,1647,164671
train,fcc,548,71629,164674
train,fcc,548,89560,164678
train,fcc,548,98725,164688
train,fcc,549,87523,164704
train,fcc,549,40375,164726
train,fcc,549,105589,164768
train,fcc,549,69011,164773
train,fcc,549,83953,164798
train,fcc,549,92626,164846
train,fcc,549,51670,164847
train,fcc,549,80617,164885
train,fcc,549,75767,164896
train,fcc,549,90419,164917
train,fcc,549,72453,164918
train,fcc,549,73133,164944
train,fcc,549,43416,164954
train,fcc,550,73569,165054
train,fcc,550,42583,165055
train,fcc,550,81461,165074
train,fcc,550,39996,165101
train,fcc,550,95507,165119
train,fcc,550,87784,165149
train,fcc,550,77801,165154
train,fcc,550,30111,165159
train,fcc,550,94155,165169
train,fcc,550,55080,165199
train,fcc,550,14456,165205
train,fcc,550,27016,165206
train,fcc,550,49397,165224
train,fcc,550,23246,165257
train,fcc,550,10020,165262
train,fcc,553,39666,165909
train,fcc,553,79399,165926
train,fcc,553,35457,165936
train,fcc,553,808,165941
train,fcc,553,9344,165973
train,fcc,553,56495,165987
train,fcc,553,25723,166022
train,fcc,553,93356,166051
train,fcc,553,4111,166148
train,fcc,553,33706,166155
train,fcc,554,97837,166263
train,fcc,554,66576,166291
train,fcc,554,71123,166327
train,fcc,554,39723,166344
train,fcc,554,43237,166356
train,fcc,554,14811,166399
train,fcc,554,15915,166418
train,fcc,554,89230,166419
train,fcc,554,50080,166421
train,fcc,554,5031,166434
train,fcc,554,31683,166472
train,fcc,555,74112,166511
train,fcc,555,56581,166524
train,fcc,555,12734,166559
train,fcc,555,47644,166592
train,fcc,555,34759,166638
train,fcc,555,41179,166654
train,fcc,555,90659,166691
train,fcc,555,10724,166697
train,fcc,555,104825,166700
train,fcc,555,65399,166724
train,fcc,555,84072,166746
train,fcc,555,24547,166753
train,fcc,555,67734,166764
train,fcc,555,27279,166791
train,fcc,557,84863,167111
train,fcc,557,21207,167122
train,fcc,557,6424,167169
train,fcc,557,54927,167213
train,fcc,557,40930,167268
train,fcc,557,77474,167289
train,fcc,557,32860,167294
train,fcc,557,53098,167318
train,fcc,557,34892,167351
train,fcc,557,59678,167354
train,fcc,557,68087,167365
train,fcc,557,102709,167394
train,fcc,557,28688,167397
train,fcc,558,37763,167455
train,fcc,558,103164,167558
train,fcc,558,69609,167568
train,fcc,558,82803,167581
train,fcc,558,75944,167586
train,fcc,558,90148,167594
train,fcc,558,59454,167615
train,fcc,558,54712,167623
train,fcc,558,32087,167628
train,fcc,558,62169,167637
train,fcc,559,44091,167717
train,fcc,559,103292,167755
train,fcc,559,22654,167801
train,fcc,559,93234,167809
train,fcc,559,3422,167815
train,fcc,559,73720,167832
train,fcc,559,54241,167843
train,fcc,559,45187,167876
train,fcc,559,13627,167887
train,fcc,559,8897,167897
train,fcc,559,17577,167903
train,fcc,559,27844,167914
train,fcc,559,43691,167918
train,fcc,559,1217,167926
train,fcc,559,94791,167928
train,fcc,559,18027,167929
train,fcc,559,73453,167942
train,fcc,559,38883,167976
train,fcc,560,89909,168018
train,fcc,560,65512,168033
train,fcc,560,76470,168042
train,fcc,560,28319,168045
train,fcc,560,56889,168072
train,fcc,560,41610,168102
train,fcc,560,86501,168127
train,fcc,560,17658,168130
train,fcc,560,67162,168132
train,fcc,560,97412,168160
train,fcc,560,23688,168185
train,fcc,560,74653,168251
train,fcc,562,94988,168612
train,fcc,562,64593,168630
train,fcc,562,54620,168643
train,fcc,562,32886,168672
train,fcc,562,55499,168699
train,fcc,562,40053,168725
train,fcc,562,66028,168730
train,fcc,562,97886,168769
train,fcc,562,99883,168791
train,fcc,562,105271,168793
train,fcc,562,71070,168803
train,fcc,562,88607,168812
train,fcc,563,54266,168903
train,fcc,563,27683,168906
train,fcc,563,17904,168956
train,fcc,563,44527,168968
train,fcc,563,43799,168991
train,fcc,563,25593,169029
train,fcc,563,101173,169030
train,fcc,563,3614,169057
train,fcc,563,80903,169065
train,fcc,563,19817,169087
train,fcc,563,44622,169109
train,fcc,563,107819,169153
train,fcc,563,67507,169173
train,fcc,563,20742,169198
train,fcc,565,32680,169528
train,fcc,565,86120,169534
train,fcc,565,26155,169571
train,fcc,565,88219,169577
train,fcc,565,10319,169578
train,fcc,565,96839,169613
train,fcc,565,24770,169628
train,fcc,565,103346,169657
train,fcc,565,38946,169661
train,fcc,565,26828,169679
train,fcc,565,102924,169747
train,fcc,566,16603,169827
train,fcc,566,12127,169838
train,fcc,566,59013,169852
train,fcc,566,28849,169889
train,fcc,566,39537,169893
train,fcc,566,46561,169923
train,fcc,566,58507,169927
train,fcc,566,89867,169928
train,fcc,566,60434,169980
train,fcc,566,47378,169991
train,fcc,566,85708,170011
train,fcc,566,91454,170015
train,fcc,566,67294,170023
train,fcc,566,14328,170025
train,fcc,566,36037,170028
train,fcc,566,15890,170029
train,fcc,566,83424,170049
train,fcc,567,76717,170125
train,fcc,567,76639,170201
train,fcc,567,86722,170212
train,fcc,567,35599,170222
train,fcc,567,5851,170223
train,fcc,567,47109,170240
train,fcc,567,57335,170269
train,fcc,567,45158,170285
train,fcc,567,95813,170299
train,fcc,567,29581,170323
train,fcc,569,54962,170714
train,fcc,569,2649,170729
train,fcc,569,20705,170741
train,fcc,569,59414,170805
train,fcc,569,39168,170821
train,fcc,569,84699,170835
train,fcc,569,73583,170838
train,fcc,569,22118,170862
train,fcc,569,27497,170903
train,fcc,569,89916,170916
train,fcc,569,36253,170934
train,fcc,569,52552,170974
train,fcc,570,34864,171010
train,fcc,570,103330,171024
train,fcc,570,61734,171029
train,fcc,570,30502,171030
train,fcc,570,91689,171045
train,fcc,570,36648,171046
train,fcc,570,60018,171051
train,fcc,570,16253,171053
train,fcc,570,66728,171072
train,fcc,570,43947,171106
train,fcc,570,51754,171107
train,fcc,570,36561,171113
train,fcc,570,48745,171147
train,fcc,570,10284,171170
train,fcc,570,61143,171176
train,fcc,570,58181,171188
train,fcc,570,65609,171228
train,fcc,570,83957,171235
train,fcc,570,72558,171244
train,fcc,571,104990,171314
train,fcc,571,31044,171331
train,fcc,571,90643,171357
train,fcc,571,97327,171361
train,fcc,571,100943,171368
train,fcc,571,43594,171392
train,fcc,571,85953,171453
train,fcc,571,70258,171471
train,fcc,571,13939,171481
train,fcc,571,56000,171482
train,fcc,571,9839,171525
train,fcc,571,80775,171550
train,fcc,571,35169,171580
train,fcc,571,27293,171586
train,fcc,571,75158,171592
train,fcc,572,13581,171620
train,fcc,572,4566,171696
train,fcc,572,87608,171703
train,fcc,572,8249,171711
train,fcc,572,37964,171715
train,fcc,572,60899,171734
train,fcc,572,50705,171735
train,fcc,572,67367,171774
train,fcc,572,53742,171778
train,fcc,572,16465,171794
train,fcc,572,62881,171800
train,fcc,572,80793,171831
train,fcc,572,104160,171874
train,fcc,574,39550,172205
train,fcc,574,36396,172211
train,fcc,574,48929,172225
train,fcc,574,47682,172232
train,fcc,574,214,172242
train,fcc,574,96847,172247
train,fcc,574,19980,172252
train,fcc,574,81677,172295
train,fcc,574,10911,172322
train,fcc,574,29964,172425
train,fcc,574,58154,172445
train,fcc,574,30350,172448
train,fcc,576,94478,172809
train,fcc,576,70178,172840
train,fcc,576,55715,172856
train,fcc,576,81578,172886
train,fcc,576,75074,172930
train,fcc,576,85279,172965
train,fcc,576,102762,172979
train,fcc,576,38455,172986
train,fcc,576,41506,173049
train,fcc,576,89157,173060
train,fcc,577,46348,173100
train,fcc,577,21779,173112
train,fcc,577,43431,173136
train,fcc,577,52917,173158
train,fcc,577,71833,173163
train,fcc,577,18344,173186
train,fcc,577,64069,173200
train,fcc,577,107076,173215
train,fcc,577,62048,173240
train,fcc,577,42824,173257
train,fcc,577,59817,173266
train,fcc,577,90920,173279
train,fcc,577,11918,173303
train,fcc,577,1524,173309
train,fcc,577,74450,173339
train,fcc,577,69771,173383
train,fcc,579,48007,173705
train,fcc,579,61362,173729
train,fcc,579,84137,173733
train,fcc,579,53122,173768
train,fcc,579,88994,173774
train,fcc,579,20522,173775
train,fcc,579,76520,173794
train,fcc,579,43388,173846
train,fcc,579,105934,173849
train,fcc,579,23375,173889
train,fcc,579,15482,173893
train,fcc,579,22079,173935
train,fcc,579,62750,173977
train,fcc,579,54864,173994
train,fcc,582,36132,174602
train,fcc,582,41742,174611
train,fcc,582,96519,174650
train,fcc,582,12523,174669
train,fcc,582,77250,174680
train,fcc,582,55563,174726
train,fcc,582,25657,174738
train,fcc,582,83073,174769
train,fcc,582,70494,174780
train,fcc,582,91814,174817
train,fcc,582,69146,174827
train,fcc,582,98489,174838
train,fcc,582,50791,174841
train,fcc,582,40932,174850
train,fcc,582,79834,174857
train,fcc,582,36817,174865
train,fcc,582,95974,174868
train,fcc,582,235,174891
train,fcc,583,23956,174920
train,fcc,583,28062,174936
train,fcc,583,9666,174947
train,fcc,583,11792,174957
train,fcc,583,40985,174964
train,fcc,583,90025,174965
train,fcc,583,63771,175036
train,fcc,583,70434,175040
train,fcc,583,33720,175042
train,fcc,583,15147,175074
train,fcc,583,26016,175085
train,fcc,583,594,175096
train,fcc,583,79039,175105
train,fcc,583,42567,175114
train,fcc,583,64340,175172
train,fcc,583,107452,175189
train,fcc,584,991,175262
train,fcc,584,44847,175263
train,fcc,584,45424,175264
train,fcc,584,57754,175272
train,fcc,584,33394,175288
train,fcc,584,80169,175305
train,fcc,584,53795,175404
train,fcc,584,21045,175424
train,fcc,584,98471,175479
train,fcc,585,95767,175553
train,fcc,585,10873,175555
train,fcc,585,46355,175560
train,fcc,585,105191,175566
train,fcc,585,25000,175591
train,fcc,585,78442,175597
train,fcc,585,5554,175619
train,fcc,585,10144,175641
train,fcc,585,65871,175652
train,fcc,585,82052,175657
train,fcc,585,103349,175661
train,fcc,585,15554,175678
train,fcc,585,66743,175696
train,fcc,585,39387,175701
train,fcc,585,33170,175708
train,fcc,585,15988,175727
train,fcc,585,99137,175731
train,fcc,585,104680,175740
train,fcc,585,6727,175752
train,fcc,585,3479,175786
train,fcc,586,38682,175806
train,fcc,586,49166,175852
train,fcc,586,1611,175878
train,fcc,586,49920,175897
train,fcc,586,55349,175925
train,fcc,586,77115,175953
train,fcc,586,68279,175956
train,fcc,586,73394,175991
train,fcc,586,14202,176042
train,fcc,586,1827,176051
train,fcc,586,10219,176069
train,fcc,587,23781,176116
train,fcc,587,102525,176118
train,fcc,587,28822,176126
train,fcc,587,76234,176128
train,fcc,587,73916,176133
train,fcc,587,21630,176150
train,fcc,587,81651,176154
train,fcc,587,66620,176180
train,fcc,587,83577,176199
train,fcc,587,28801,176207
train,fcc,587,78831,176229
train,fcc,587,81948,176328
train,fcc,587,95275,176339
train,fcc,587,66180,176353
train,fcc,588,9321,176402
train,fcc,588,44540,176423
train,fcc,588,2959,176426
train,fcc,588,38586,176460
train,fcc,588,81354,176473
train,fcc,588,45099,176487
train,fcc,588,27490,176511
train,fcc,588,65550,176593
train,fcc,588,97278,176618
train,fcc,588,29336,176619
train,fcc,588,12954,176685
train,fcc,588,84452,176690
train,fcc,589,102455,176715
train,fcc,589,107128,176718
train,fcc,589,23096,176726
train,fcc,589,67516,176767
train,fcc,589,19370,176771
train,fcc,589,38646,176794
train,fcc,589,56939,176806
train,fcc,589,62790,176811
train,fcc,589,57986,176827
train,fcc,589,2232,176845
train,fcc,589,42308,176859
train,fcc,589,104144,176898
train,fcc,589,56611,176913
train,fcc,589,94003,176942
train,fcc,589,11992,176984
train,fcc,589,37573,176986
train,fcc,590,44449,177053
train,fcc,590,38089,177074
train,fcc,590,20887,177113
train,fcc,590,73261,177145
train,fcc,590,100265,177147
train,fcc,590,84105,177154
train,fcc,590,34430,177157
train,fcc,590,36822,177232
train,fcc,590,6803,177233
train,fcc,590,57215,177248
train,fcc,591,80323,177350
train,fcc,591,36289,177375
train,fcc,591,46493,177388
train,fcc,591,93091,177390
train,fcc,591,33778,177394
train,fcc,591,80715,177406
train,fcc,591,27247,177412
train,fcc,591,76113,177418
train,fcc,591,22871,177458
train,fcc,591,55226,177460
train,fcc,591,66565,177473
train,fcc,591,54982,177474
train,fcc,591,82399,177487
train,fcc,591,77763,177493
train,fcc,591,98822,177510
train,fcc,591,35657,177517
train,fcc,591,89740,177587
train,fcc,593,36739,177907
train,fcc,593,29806,177929
train,fcc,593,59114,177933
train,fcc,593,6872,177935
train,fcc,593,92446,177938
train,fcc,593,3332,177940
train,fcc,593,46722,177963
train,fcc,593,88478,177965
train,fcc,593,98912,177990
train,fcc,593,9021,178010
train,fcc,593,68788,178024
train,fcc,593,43608,178034
train,fcc,593,11524,178046
train,fcc,593,47607,178126
train,fcc,593,76548,178131
train,fcc,593,107510,178169
train,fcc,593,71333,178193
train,fcc,594,58036,178218
train,fcc,594,8681,178224
train,fcc,594,10770,178234
train,fcc,594,6682,178236
train,fcc,594,66,178240
train,fcc,594,45240,178246
train,fcc,594,68506,178357
train,fcc,594,63922,178382
train,fcc,594,107785,178392
train,fcc,594,46153,178410
train,fcc,594,56311,178414
train,fcc,594,17020,178480
train,fcc,594,21960,178490
train,fcc,594,79828,178499
train,fcc,595,12314,178500
train,fcc,595,63469,178503
train,fcc,595,87098,178529
train,fcc,595,104021,178556
train,fcc,595,76669,178561
train,fcc,595,103463,178569
train,fcc,595,96947,178572
train,fcc,595,44965,178580
train,fcc,595,6230,178615
train,fcc,595,4636,178674
train,fcc,595,9226,178694
train,fcc,595,58807,178717
train,fcc,595,42388,178740
train,fcc,595,14376,178743
train,fcc,595,53385,178786
train,fcc,596,36570,178807
train,fcc,596,30148,178817
train,fcc,596,65691,178875
train,fcc,596,5536,178896
train,fcc,596,36701,178917
train,fcc,596,94685,179013
train,fcc,596,63190,179021
train,fcc,596,13846,179035
train,fcc,596,104522,179047
train,fcc,596,79069,179058
train,fcc,596,69628,179062
train,fcc,596,23140,179078
train,fcc,597,99656,179237
train,fcc,597,97309,179278
train,fcc,597,101207,179329
train,fcc,597,29775,179337
train,fcc,597,24194,179343
train,fcc,597,85053,179344
train,fcc,597,103895,179369
train,fcc,597,84647,179381
train,fcc,599,67595,179736
train,fcc,599,104181,179748
train,fcc,599,66412,179750
train,fcc,599,89560,179771
train,fcc,599,12544,179785
train,fcc,599,58742,179814
train,fcc,599,92714,179819
train,fcc,599,16967,179892
train,fcc,599,71955,179953
train,fcc,599,63487,179956
train,fcc,599,19473,179970
train,fcc,600,31028,180004
train,fcc,600,41874,180030
train,fcc,600,20736,180039
train,fcc,600,84650,180051
train,fcc,600,73644,180112
train,fcc,600,87141,180117
train,fcc,600,87234,180171
train,fcc,600,7763,180208
train,fcc,600,51870,180216
train,fcc,600,8349,180222
train,fcc,600,56470,180228
train,fcc,600,86103,180256
train,hcp,4,81262,1203
train,hcp,4,55685,1245
train,hcp,4,4443,1250
train,hcp,4,96251,1257
train,hcp,4,22954,1274
train,hcp,4,21153,1279
train,hcp,4,63223,1281
train,hcp,4,43030,1287
train,hcp,4,36456,1292
train,hcp,4,22650,1293
train,hcp,4,50372,1297
train,hcp,4,4687,1313
train,hcp,4,68265,1363
train,hcp,4,733,1388
train,hcp,4,106463,1403
train,hcp,4,38454,1415
train,hcp,4,80971,1418
train,hcp,4,48705,1421
train,hcp,4,37520,1442
train,hcp,4,51218,1444
train,hcp,4,59180,1450
train,hcp,4,18285,1453
train,hcp,4,63997,1459
train,hcp,4,1635,1476
train,hcp,5,65275,1501
train,hcp,5,2883,1537
train,hcp,5,4747,1545
train,hcp,5,64051,1629
train,hcp,5,78154,1639
train,hcp,5,14766,1651
train,hcp,5,76093,1664
train,hcp,5,73443,1667
train,hcp,5,45440,1673
train,hcp,5,35237,1675
train,hcp,5,77319,1683
train,hcp,5,14193,1691
train,hcp,5,44814,1744
train,hcp,5,13485,1775
train,hcp,5,46498,1779
train,hcp,7,69729,2109
train,hcp,7,60549,2119
train,hcp,7,10087,2124
train,hcp,7,37656,2140
train,hcp,7,46036,2152
train,hcp,7,6834,2195
train,hcp,7,10555,2293
train,hcp,7,88610,2349
train,hcp,7,55444,2352
train,hcp,7,17914,2368
train,hcp,9,59088,2712
train,hcp,9,41157,2728
train,hcp,9,89089,2733
train,hcp,9,105598,2748
train,hcp,9,83416,2756
train,hcp,9,105916,2758
train,hcp,9,29747,2761
train,hcp,9,55018,2770
train,hcp,9,71805,2796
train,hcp,9,25134,2812
train,hcp,9,59893,2882
train,hcp,9,88331,2921
train,hcp,9,67920,2946
train,hcp,9,46431,2961
train,hcp,9,32453,2967
train,hcp,9,86523,2968
train,hcp,9,69182,2987
train,hcp,11,82669,3328
train,hcp,11,63742,3336
train,hcp,11,78674,3340
train,hcp,11,19909,3361
train,hcp,11,73736,3381
train,hcp,11,96709,3399
train,hcp,11,38414,3404
train,hcp,11,100178,3424
train,hcp,11,101210,3425
train,hcp,11,49307,3451
train,hcp,11,70419,3455
train,hcp,11,30156,3458
train,hcp,11,51772,3489
train,hcp,11,10898,3518
train,hcp,11,83671,3527
train,hcp,11,94807,3528
train,hcp,11,57094,3549
train,hcp,11,49808,3566
train,hcp,11,41142,3580
train,hcp,11,79753,3598
train,hcp,12,19617,3618
train,hcp,12,107293,3627
train,hcp,12,43533,3630
train,hcp,12,79683,3639
train,hcp,12,25324,3652
train,hcp,12,87345,3700
train,hcp,12,12804,3709
train,hcp,12,67342,3714
train,hcp,12,51020,3717
train,hcp,12,102173,3754
train,hcp,12,19691,3794
train,hcp,12,8278,3882
train,hcp,13,60693,3922
train,hcp,13,93835,3924
train,hcp,13,92539,3969
train,hcp,13,49496,3975
train,hcp,13,101051,3988
train,hcp,13,44710,4079
train,hcp,13,79616,4080
train,hcp,13,31590,4095
train,hcp,13,44975,4096
train,hcp,13,73004,4098
train,hcp,13,27754,4119
train,hcp,13,4950,4164
train,hcp,14,93112,4205
train,hcp,14,28876,4218
train,hcp,14,96910,4224
train,hcp,14,70248,4234
train,hcp,14,59874,4245
train,hcp,14,88274,4249
train,hcp,14,87763,4262
train,hcp,14,32366,4299
train,hcp,14,47481,4303
train,hcp,14,26157,4338
train,hcp,14,42745,4353
train,hcp,14,53726,4379
train,hcp,14,18198,4424
train,hcp,14,6082,4425
train,hcp,14,36298,4432
train,hcp,14,65171,4444
train,hcp,14,68629,4447
train,hcp,14,45639,4458
train,hcp,14,42045,4459
train,hcp,14,89559,4460
train,hcp,14,103772,4477
train,hcp,14,77505,4480
train,hcp,15,70092,4501
train,hcp,15,51781,4515
train,hcp,15,33542,4523
train,hcp,15,66628,4525
train,hcp,15,79906,4531
train,hcp,15,1218,4554
train,hcp,15,89743,4565
train,hcp,15,64477,4576
train,hcp,15,96557,4624
train,hcp,15,59707,4634
train,hcp,15,52692,4641
train,hcp,15,34032,4649
train,hcp,15,99466,4676
train,hcp,15,35347,4694
train,hcp,15,88258,4748
train,hcp,15,30457,4751
train,hcp,15,50148,4766
train,hcp,15,54226,4786
train,hcp,15,46578,4795
train,hcp,16,41581,4811
train,hcp,16,96788,4812
train,hcp,16,24905,4837
train,hcp,16,51893,4844
train,hcp,16,77150,4864
train,hcp,16,106694,4877
train,hcp,16,102209,4896
train,hcp,16,62477,4905
train,hcp,16,17780,4908
train,hcp,16,6695,4950
train,hcp,16,34413,4963
train,hcp,16,95269,4986
train,hcp,16,43147,5024
train,hcp,16,8574,5035
train,hcp,16,85938,5055
train,hcp,16,94938,5083
train,hcp,16,33988,5091
train,hcp,17,31253,5107
train,hcp,17,51012,5152
train,hcp,17,32128,5208
train,hcp,17,67535,5222
train,hcp,17,74535,5233
train,hcp,17,53478,5240
train,hcp,17,88900,5259
train,hcp,17,104206,5269
train,hcp,17,48820,5293
train,hcp,17,38889,5312
train,hcp,17,87872,5314
train,hcp,17,20212,5328
train,hcp,17,100088,5371
train,hcp,17,36430,5396
train,hcp,18,103424,5404
train,hcp,18,14731,5471
train,hcp,18,8803,5545
train,hcp,18,34307,5553
train,hcp,18,52664,5556
train,hcp,18,52890,5595
train,hcp,18,21522,5617
train,hcp,18,90051,5626
train,hcp,18,67207,5648
train,hcp,18,54401,5656
train,hcp,18,1294,5662
train,hcp,19,27311,5719
train,hcp,19,76609,5744
train,hcp,19,48006,5759
train,hcp,19,77531,5801
train,hcp,19,56903,5806
train,hcp,19,63303,5810
train,hcp,19,72314,5815
train,hcp,19,97052,5839
train,hcp,19,22767,5850
train,hcp,19,69157,5860
train,hcp,19,8742,5864
train,hcp,19,101729,5875
train,hcp,19,50721,5884
train,hcp,19,63729,5891
train,hcp,19,82650,5898
train,hcp,19,29845,5904
train,hcp,19,37522,5912
train,hcp,19,2729,5926
train,hcp,19,256,5930
train,hcp,19,95990,5950
train,hcp,21,32510,6314
train,hcp,21,18840,6319
train,hcp,21,3423,6333
train,hcp,21,43623,6336
train,hcp,21,439,6415
train,hcp,21,34242,6447
train,hcp,21,71270,6472
train,hcp,21,88804,6481
train,hcp,21,21864,6491
train,hcp,21,78379,6529
train,hcp,21,62435,6589
train,hcp,22,2219,6642
train,hcp,22,49952,6674
train,hcp,22,90058,6699
train,hcp,22,15381,6701
train,hcp,22,29359,6744
train,hcp,22,79397,6747
train,hcp,22,56535,6763
train,hcp,22,99859,6806
train,hcp,22,99417,6807
train,hcp,22,14969,6826
train,hcp,22,14220,6834
train,hcp,22,94060,6844
train,hcp,22,83951,6848
train,hcp,22,50340,6868
train,hcp,22,99218,6881
train,hcp,22,30269,6896
train,hcp,23,63697,6910
train,hcp,23,83024,6943
train,hcp,23,2277,7005
train,hcp,23,9354,7030
train,hcp,23,23694,7084
train,hcp,23,20315,7122
train,hcp,23,65623,7150
train,hcp,23,40461,7153
train,hcp,23,106231,7162
train,hcp,23,98004,7197
train,hcp,24,41062,7239
train,hcp,24,98946,7251
train,hcp,24,28110,7311
train,hcp,24,31526,7322
train,hcp,24,95469,7385
train,hcp,24,75049,7398
train,hcp,24,12336,7409
train,hcp,24,37844,7421
train,hcp,24,93747,7468
train,hcp,24,96910,7499
train,hcp,25,54444,7505
train,hcp,25,31266,7510
train,hcp,25,31148,7514
train,hcp,25,11858,7549
train,hcp,25,43794,7572
train,hcp,25,41667,7600
train,hcp,25,71693,7606
train,hcp,25,59233,7662
train,hcp,25,84580,7671
train,hcp,25,40866,7698
train,hcp,25,101335,7725
train,hcp,25,81188,7736
train,hcp,25,36023,7738
train,hcp,25,98511,7746
train,hcp,25,39183,7787
train,hcp,27,12613,8104
train,hcp,27,29935,8107
train,hcp,27,24495,8129
train,hcp,27,30357,8136
train,hcp,27,28479,8163
train,hcp,27,46430,8179
train,hcp,27,87202,8258
train,hcp,27,31303,8260
train,hcp,27,22622,8267
train,hcp,27,2659,8290
train,hcp,27,58133,8374
train,hcp,31,100122,9309
train,hcp,31,100330,9311
train,hcp,31,106862,9333
train,hcp,31,100847,9341
train,hcp,31,6697,9356
train,hcp,31,94731,9372
train,hcp,31,56600,9394
train,hcp,31,99289,9403
train,hcp,31,49918,9404
train,hcp,31,49547,9406
train,hcp,31,7127,9445
train,hcp,32,55697,9621
train,hcp,32,47679,9645
train,hcp,32,93692,9692
train,hcp,32,95809,9699
train,hcp,32,31642,9741
train,hcp,32,69833,9760
train,hcp,32,18166,9765
train,hcp,32,77579,9773
train,hcp,32,99054,9778
train,hcp,32,44389,9805
train,hcp,32,42125,9812
train,hcp,32,32025,9829
train,hcp,32,39750,9838
train,hcp,32,3604,9841
train,hcp,32,52644,9847
train,hcp,32,26572,9884
train,hcp,35,9183,10512
train,hcp,35,73783,10553
train,hcp,35,97795,10560
train,hcp,35,105111,10575
train,hcp,35,71711,10588
train,hcp,35,84532,10623
train,hcp,35,87550,10638
train,hcp,35,58103,10676
train,hcp,35,102196,10677
train,hcp,35,86628,10706
train,hcp,35,5053,10715
train,hcp,35,60218,10730
train,hcp,35,107910,10737
train,hcp,35,6037,10738
train,hcp,35,106345,10745
train,hcp,35,2537,10753
train,hcp,35,62886,10761
train,hcp,35,70846,10782
train,hcp,35,98131,10799
train,hcp,36,39849,10859
train,hcp,36,51002,10865
train,hcp,36,24918,10866
train,hcp,36,31457,10871
train,hcp,36,36937,10893
train,hcp,36,91777,10905
train,hcp,36,2218,10922
train,hcp,36,708,10961
train,hcp,36,68352,11033
train,hcp,36,42713,11036
train,hcp,36,4962,11049
train,hcp,36,48559,11050
train,hcp,37,30573,11132
train,hcp,37,88375,11138
train,hcp,37,16079,11150
train,hcp,37,1849,11164
train,hcp,37,88647,11172
train,hcp,37,7091,11189
train,hcp,37,28076,11196
train,hcp,37,93264,11204
train,hcp,37,36795,11222
train,hcp,37,4902,11256
train,hcp,37,65964,11267
train,hcp,37,105616,11275
train,hcp,37,39915,11326
train,hcp,37,91717,11351
train,hcp,37,36084,11360
train,hcp,37,42574,11378
train,hcp,37,53701,11383
train,hcp,37,41442,11391
train,hcp,38,15175,11411
train,hcp,38,27265,11417
train,hcp,38,20360,11441
train,hcp,38,45576,11456
train,hcp,38,43190,11481
train,hcp,38,21019,11534
train,hcp,38,76261,11542
train,hcp,38,88972,11570
train,hcp,38,1134,11609
train,hcp,38,1769,11618
train,hcp,38,60631,11626
train,hcp,38,14362,11636
train,hcp,38,52665,11642
train,hcp,38,20801,11655
train,hcp,38,131,11659
train,hcp,39,50176,11735
train,hcp,39,228,11778
train,hcp,39,74367,11780
train,hcp,39,25451,11816
train,hcp,39,16576,11853
train,hcp,39,72020,11856
train,hcp,39,18615,11862
train,hcp,39,91071,11873
train,hcp,39,79814,11887
train,hcp,39,59325,11955
train,hcp,39,25844,11971
train,hcp,39,95087,11983
train,hcp,40,82094,12028
train,hcp,40,94341,12066
train,hcp,40,37522,12098
train,hcp,40,59349,12141
train,hcp,40,48663,12150
train,hcp,40,87383,12160
train,hcp,40,18187,12175
train,hcp,40,62173,12210
train,hcp,40,31024,12234
train,hcp,40,34533,12258
train,hcp,40,101290,12276
train,hcp,40,10810,12295
train,hcp,43,42827,12912
train,hcp,43,62345,12950
train,hcp,43,80588,12970
train,hcp,43,19710,12977
train,hcp,43,70664,12992
train,hcp,43,69104,13005
train,hcp,43,41008,13015
train,hcp,43,26107,13016
train,hcp,43,37686,13029
train,hcp,43,66021,13036
train,hcp,43,107096,13044
train,hcp,43,98421,13049
train,hcp,43,80485,13063
train,hcp,43,6734,13102
train,hcp,43,20216,13111
train,hcp,43,31740,13126
train,hcp,43,9020,13162
train,hcp,43,101575,13194
train,hcp,44,94110,13232
train,hcp,44,50604,13261
train,hcp,44,10028,13333
train,hcp,44,16694,13365
train,hcp,44,53140,13383
train,hcp,44,48229,13386
train,hcp,44,45122,13426
train,hcp,44,33167,13434
train,hcp,44,76938,13445
train,hcp,44,9388,13477
train,hcp,44,17322,13481
train,hcp,45,60594,13500
train,hcp,45,64293,13584
train,hcp,45,43105,13634
train,hcp,45,14492,13677
train,hcp,45,1663,13694
train,hcp,45,39856,13723
train,hcp,45,45785,13734
train,hcp,45,16773,13736
train,hcp,45,15134,13752
train,hcp,45,39435,13791
train,hcp,45,56648,13793
train,hcp,47,104486,14124
train,hcp,47,104569,14128
train,hcp,47,34856,14169
train,hcp,47,27694,14173
train,hcp,47,38601,14199
train,hcp,47,82888,14253
train,hcp,47,17101,14281
train,hcp,47,3039,14288
train,hcp,47,10217,14296
train,hcp,47,85982,14310
train,hcp,47,68276,14343
train,hcp,47,33267,14396
train,hcp,54,13408,16231
train,hcp,54,21206,16259
train,hcp,54,40370,16267
train,hcp,54,29451,16291
train,hcp,54,34768,16310
train,hcp,54,104825,16364
train,hcp,54,10352,16368
train,hcp,54,76641,16401
train,hcp,54,12303,16402
train,hcp,54,5305,16419
train,hcp,54,50615,16464
train,hcp,54,106846,16467
train,hcp,54,96194,16493
train,hcp,55,45395,16506
train,hcp,55,62742,16532
train,hcp,55,25782,16539
train,hcp,55,87243,16558
train,hcp,55,53076,16577
train,hcp,55,85009,16598
train,hcp,55,81453,16633
train,hcp,55,55049,16652
train,hcp,55,89173,16690
train,hcp,55,95127,16707
train,hcp,55,57343,16713
train,hcp,55,1076,16734
train,hcp,55,15375,16748
train,hcp,55,37022,16749
train,hcp,55,67458,16772
train,hcp,55,33768,16775
train,hcp,57,24903,17104
train,hcp,57,14585,17106
train,hcp,57,4095,17175
train,hcp,57,78857,17190
train,hcp,57,104154,17194
train,hcp,57,3203,17215
train,hcp,57,36882,17246
train,hcp,57,98779,17267
train,hcp,57,11220,17269
train,hcp,57,15623,17279
train,hcp,57,33733,17282
train,hcp,57,18143,17297
train,hcp,57,25111,17378
train,hcp,57,62959,17389
train,hcp,58,68025,17402
train,hcp,58,7462,17403
train,hcp,58,70003,17413
train,hcp,58,16162,17416
train,hcp,58,50593,17427
train,hcp,58,82863,17448
train,hcp,58,97898,17492
train,hcp,58,14093,17545
train,hcp,58,74991,17596
train,hcp,58,38838,17644
train,hcp,58,87410,17667
train,hcp,58,42023,17699
train,hcp,60,8844,18062
train,hcp,60,105343,18075
train,hcp,60,31330,18082
train,hcp,60,6232,18096
train,hcp,60,568,18106
train,hcp,60,72095,18117
train,hcp,60,63421,18123
train,hcp,60,96196,18143
train,hcp,60,69900,18182
train,hcp,60,56564,18200
train,hcp,60,77311,18204
train,hcp,60,24877,18235
train,hcp,60,78328,18236
train,hcp,60,104841,18239
train,hcp,60,81859,18249
train,hcp,60,31812,18256
train,hcp,60,75330,18268
train,hcp,60,3882,18286
train,hcp,61,12359,18301
train,hcp,61,8441,18315
train,hcp,61,54464,18320
train,hcp,61,85731,18325
train,hcp,61,60709,18332
train,hcp,61,65562,18347
train,hcp,61,69646,18435
train,hcp,61,100587,18461
train,hcp,61,95929,18467
train,hcp,61,57132,18471
train,hcp,61,54983,18477
train,hcp,61,47926,18496
train,hcp,61,89142,18498
train,hcp,61,46947,18526
train,hcp,61,68906,18536
train,hcp,61,103873,18538
train,hcp,61,12240,18543
train,hcp,61,2757,18577
train,hcp,61,45995,18582
train,hcp,61,89727,18586
train,hcp,62,4418,18618
train,hcp,62,37580,18634
train,hcp,62,80084,18646
train,hcp,62,54743,18648
train,hcp,62,103315,18660
train,hcp,62,42777,18731
train,hcp,62,81424,18767
train,hcp,62,21589,18810
train,hcp,62,82306,18813
train,hcp,62,96567,18840
train,hcp,62,72147,18843
train,hcp,62,48037,18864
train,hcp,63,27308,18924
train,hcp,63,60758,18936
train,hcp,63,61730,18946
train,hcp,63,81776,18995
train,hcp,63,69290,18997
train,hcp,63,61689,19010
train,hcp,63,93017,19018
train,hcp,63,48226,19025
train,hcp,63,15730,19029
train,hcp,63,573,19050
train,hcp,63,6088,19081
train,hcp,63,34568,19115
train,hcp,63,5606,19150
train,hcp,63,105473,19169
train,hcp,65,16953,19531
train,hcp,65,33296,19536
train,hcp,65,25285,19587
train,hcp,65,77897,19605
train,hcp,65,87390,19614
train,hcp,65,84824,19616
train,hcp,65,18606,19629
train,hcp,65,102553,19650
train,hcp,65,47436,19691
train,hcp,65,61377,19695
train,hcp,65,70991,19696
train,hcp,65,66585,19725
train,hcp,65,37294,19738
train,hcp,65,5055,19785
train,hcp,67,31591,20110
train,hcp,67,60102,20123
train,hcp,67,71338,20127
train,hcp,67,95023,20153
train,hcp,67,59209,20154
train,hcp,67,72043,20178
train,hcp,67,71579,20193
train,hcp,67,57669,20232
train,hcp,67,90596,20258
train,hcp,67,68793,20267
train,hcp,67,98922,20273
train,hcp,67,41114,20277
train,hcp,67,86773,20302
train,hcp,67,24021,20306
train,hcp,67,31355,20349
train,hcp,67,35638,20356
train,hcp,67,33405,20386
train,hcp,67,57260,20393
train,hcp,68,83791,20466
train,hcp,68,81117,20508
train,hcp,68,81627,20539
train,hcp,68,9319,20544
train,hcp,68,105588,20556
train,hcp,68,93907,20569
train,hcp,68,58628,20570
train,hcp,68,73868,20586
train,hcp,68,31325,20596
train,hcp,68,75960,20602
train,hcp,68,39535,20604
train,hcp,68,48124,20609
train,hcp,68,2746,20618
train,hcp,68,19692,20623
train,hcp,68,26038,20625
train,hcp,68,42254,20658
train,hcp,68,61205,20670
train,hcp,68,52284,20675
train,hcp,68,89758,20683
train,hcp,69,45518,20718
train,hcp,69,106268,20733
train,hcp,69,95764,20739
train,hcp,69,45653,20802
train,hcp,69,90617,20805
train,hcp,69,37783,20811
train,hcp,69,42329,20815
train,hcp,69,89485,20855
train,hcp,69,8408,20866
train,hcp,69,59532,20939
train,hcp,69,92212,20940
train,hcp,69,30530,20946
train,hcp,69,106173,20958
train,hcp,69,94790,20990
train,hcp,69,38690,20991
train,hcp,70,20346,21025
train,hcp,70,30856,21028
train,hcp,70,8861,21032
train,hcp,70,26576,21064
train,hcp,70,20063,21065
train,hcp,70,27155,21084
train,hcp,70,44095,21088
train,hcp,70,91718,21134
train,hcp,70,59740,21145
train,hcp,70,38877,21161
train,hcp,70,31167,21177
train,hcp,70,29545,21185
train,hcp,70,44501,21188
train,hcp,70,69525,21204
train,hcp,70,64343,21226
train,hcp,70,75795,21232
train,hcp,74,40214,22220
train,hcp,74,85969,22228
train,hcp,74,106462,22231
train,hcp,74,91991,22240
train,hcp,74,73119,22278
train,hcp,74,90083,22310
train,hcp,74,101887,22336
train,hcp,74,107212,22339
train,hcp,74,83883,22345
train,hcp,74,69211,22352
train,hcp,74,46946,22371
train,hcp,74,19554,22372
train,hcp,74,93284,22399
train,hcp,74,2962,22400
train,hcp,74,33980,22403
train,hcp,74,43802,22410
train,hcp,74,10713,22414
train,hcp,74,99682,22436
train,hcp,74,37359,22440
train,hcp,74,85320,22455
train,hcp,74,21062,22458
train,hcp,75,14593,22534
train,hcp,75,6037,22594
train,hcp,75,96801,22595
train,hcp,75,76900,22601
train,hcp,75,23044,22650
train,hcp,75,30146,22680
train,hcp,75,16605,22703
train,hcp,75,12818,22719
train,hcp,75,24688,22720
train,hcp,75,11024,22724
train,hcp,75,32337,22727
train,hcp,75,52620,22728
train,hcp,75,64291,22734
train,hcp,75,80793,22760
train,hcp,75,60336,22777
train,hcp,75,81479,22786
train,hcp,75,65622,22788
train,hcp,76,34310,22810
train,hcp,76,97848,22812
train,hcp,76,79537,22818
train,hcp,76,20434,22837
train,hcp,76,93031,22848
train,hcp,76,11923,22901
train,hcp,76,5335,22925
train,hcp,76,57370,22934
train,hcp,76,16537,22959
train,hcp,76,13201,22962
train,hcp,76,64734,22989
train,hcp,76,52105,23007
train,hcp,76,94449,23021
train,hcp,76,105834,23032
train,hcp,76,107117,23034
train,hcp,77,73716,23113
train,hcp,77,1806,23132
train,hcp,77,75365,23135
train,hcp,77,51590,23146
train,hcp,77,53848,23176
train,hcp,77,14078,23182
train,hcp,77,22031,23220
train,hcp,77,73922,23243
train,hcp,77,99165,23247
train,hcp,77,4624,23331
train,hcp,77,56849,23368
train,hcp,77,5941,23373
train,hcp,80,12905,24018
train,hcp,80,39782,24038
train,hcp,80,100333,24064
train,hcp,80,21471,24076
train,hcp,80,93403,24089
train,hcp,80,103942,24093
train,hcp,80,23021,24099
train,hcp,80,70754,24120
train,hcp,80,43452,24127
train,hcp,80,12807,24146
train,hcp,80,54706,24163
train,hcp,80,70673,24167
train,hcp,80,66135,24172
train,hcp,80,98660,24182
train,hcp,80,52344,24190
train,hcp,80,107785,24192
train,hcp,80,85113,24199
train,hcp,80,103613,24259
train,hcp,80,63193,24266
train,hcp,80,47863,24292
train,hcp,81,31527,24306
train,hcp,81,94812,24315
train,hcp,81,55024,24361
train,hcp,81,20081,24372
train,hcp,81,84168,24379
train,hcp,81,45067,24396
train,hcp,81,16442,24398
train,hcp,81,11135,24407
train,hcp,81,28304,24410
train,hcp,81,14289,24476
train,hcp,81,47669,24478
train,hcp,81,18147,24497
train,hcp,81,27415,24503
train,hcp,81,26365,24595
train,hcp,82,21066,24616
train,hcp,82,89750,24617
train,hcp,82,3009,24697
train,hcp,82,7261,24706
train,hcp,82,79022,24708
train,hcp,82,55565,24730
train,hcp,82,96390,24744
train,hcp,82,21054,24749
train,hcp,82,43299,24784
train,hcp,82,65709,24799
train,hcp,82,99351,24807
train,hcp,82,72804,24848
train,hcp,82,46355,24869
train,hcp,82,87572,24878
train,hcp,83,19603,24900
train,hcp,83,71632,24920
train,hcp,83,8543,24940
train,hcp,83,100910,24999
train,hcp,83,21329,25036
train,hcp,83,18161,25037
train,hcp,83,22698,25048
train,hcp,83,79754,25067
train,hcp,83,62865,25104
train,hcp,83,23083,25124
train,hcp,83,51258,25144
train,hcp,83,20024,25146
train,hcp,83,69694,25152
train,hcp,83,43,25166
train,hcp,83,39969,25171
train,hcp,84,46378,25208
train,hcp,84,55717,25247
train,hcp,84,33648,25288
train,hcp,84,36830,25305
train,hcp,84,3817,25329
train,hcp,84,89873,25343
train,hcp,84,61479,25386
train,hcp,84,102922,25390
train,hcp,84,102689,25435
train,hcp,84,44280,25446
train,hcp,84,72926,25452
train,hcp,84,88144,25453
train,hcp,84,18754,25472
train,hcp,84,20317,25499
train,hcp,85,16157,25578
train,hcp,85,24312,25596
train,hcp,85,93897,25599
train,hcp,85,11122,25615
train,hcp,85,79206,25621
train,hcp,85,78657,25630
train,hcp,85,27382,25641
train,hcp,85,46754,25656
train,hcp,85,44837,25679
train,hcp,85,63221,25684
train,hcp,85,93747,25695
train,hcp,85,88810,25707
train,hcp,85,3296,25732
train,hcp,85,66936,25739
train,hcp,85,14919,25772
train,hcp,85,38463,25776
train,hcp,85,76466,25778
train,hcp,86,80627,25870
train,hcp,86,85643,25880
train,hcp,86,78351,25898
train,hcp,86,43932,25917
train,hcp,86,16061,25926
train,hcp,86,71325,25935
train,hcp,86,95158,25950
train,hcp,86,8800,25954
train,hcp,86,64702,25955
train,hcp,86,53739,25957
train,hcp,86,107174,26020
train,hcp,86,3821,26053
train,hcp,86,55088,26080
train,hcp,86,53759,26086
train,hcp,86,56712,26087
train,hcp,86,30052,26096
train,hcp,87,76098,26106
train,hcp,87,46834,26118
train,hcp,87,29112,26153
train,hcp,87,28967,26168
train,hcp,87,22885,26173
train,hcp,87,41063,26182
train,hcp,87,9538,26234
train,hcp,87,38494,26240
train,hcp,87,3542,26293
train,hcp,87,38096,26369
train,hcp,87,72599,26381
train,hcp,87,16527,26384
train,hcp,87,85177,26391
train,hcp,91,81854,27333
train,hcp,91,46829,27335
train,hcp,91,80552,27365
train,hcp,91,62031,27376
train,hcp,91,3058,27452
train,hcp,91,410,27458
train,hcp,91,49458,27473
train,hcp,91,101999,27483
train,hcp,91,93359,27491
train,hcp,91,78282,27500
train,hcp,91,36673,27529
train,hcp,91,36317,27534
train,hcp,91,88463,27549
train,hcp,91,43744,27572
train,hcp,91,64868,27593
train,hcp,91,51764,27594
train,hcp,92,104768,27633
train,hcp,92,84026,27656
train,hcp,92,68054,27677
train,hcp,92,73206,27739
train,hcp,92,23159,27756
train,hcp,92,47447,27775
train,hcp,92,92582,27777
train,hcp,92,28169,27778
train,hcp,92,30704,27783
train,hcp,92,22471,27786
train,hcp,92,7394,27839
train,hcp,92,4899,27840
train,hcp,92,92037,27851
train,hcp,92,10036,27868
train,hcp,92,60308,27873
train,hcp,93,87704,27916
train,hcp,93,65643,27931
train,hcp,93,86130,27945
train,hcp,93,89522,27947
train,hcp,93,85928,27967
train,hcp,93,51615,27979
train,hcp,93,18541,27983
train,hcp,93,40352,27994
train,hcp,93,31600,27995
train,hcp,93,32649,28005
train,hcp,93,24620,28011
train,hcp,93,317,28020
train,hcp,93,81662,28037
train,hcp,93,93714,28048
train,hcp,93,100258,28095
train,hcp,93,101701,28098
train,hcp,93,65743,28125
train,hcp,93,70895,28148
train,hcp,93,31168,28160
train,hcp,93,37358,28163
train,hcp,94,32478,28250
train,hcp,94,11296,28252
train,hcp,94,104477,28257
train,hcp,94,6756,28290
train,hcp,94,40132,28307
train,hcp,94,85896,28313
train,hcp,94,18184,28343
train,hcp,94,38568,28391
train,hcp,94,48544,28400
train,hcp,94,99892,28429
train,hcp,94,27108,28430
train,hcp,94,92860,28439
train,hcp,94,64624,28441
train,hcp,94,84849,28460
train,hcp,94,52011,28486
train,hcp,94,96812,28497
train,hcp,94,60648,28499
train,hcp,95,69168,28509
train,hcp,95,43173,28516
train,hcp,95,62623,28543
train,hcp,95,12678,28546
train,hcp,95,58475,28551
train,hcp,95,24412,28563
train,hcp,95,98394,28566
train,hcp,95,6713,28593
train,hcp,95,9901,28599
train,hcp,95,58662,28613
train,hcp,95,60713,28621
train,hcp,95,15157,28624
train,hcp,95,91299,28658
train,hcp,95,30527,28675
train,hcp,95,37482,28691
train,hcp,95,106882,28696
train,hcp,95,64419,28729
train,hcp,95,90297,28731
train,hcp,95,4134,28746
train,hcp,95,17782,28755
train,hcp,95,17887,28758
train,hcp,95,14812,28765
train,hcp,95,27600,28768
train,hcp,95,72468,28771
train,hcp,95,98039,28792
train,hcp,95,82047,28798
train,hcp,96,66661,28801
train,hcp,96,47465,28820
train,hcp,96,52941,28846
train,hcp,96,36605,28850
train,hcp,96,50716,28870
train,hcp,96,39476,28911
train,hcp,96,29094,28963
train,hcp,96,72894,29033
train,hcp,96,32237,29055
train,hcp,96,39741,29065
train,hcp,96,70020,29073
train,hcp,96,3828,29096
train,hcp,97,69772,29102
train,hcp,97,38073,29159
train,hcp,97,31463,29182
train,hcp,97,102285,29191
train,hcp,97,18939,29193
train,hcp,97,74881,29223
train,hcp,97,35844,29303
train,hcp,97,101069,29330
train,hcp,97,68225,29343
train,hcp,97,54009,29345
train,hcp,98,47588,29406
train,hcp,98,84325,29468
train,hcp,98,83470,29552
train,hcp,98,27616,29575
train,hcp,98,92958,29607
train,hcp,98,3241,29621
train,hcp,98,13055,29631
train,hcp,98,95241,29681
train,hcp,98,66717,29692
train,hcp,98,39450,29693
train,hcp,100,40911,30002
train,hcp,100,99926,30014
train,hcp,100,59735,30031
train,hcp,100,42699,30046
train,hcp,100,58611,30056
train,hcp,100,101659,30071
train,hcp,100,46228,30082
train,hcp,100,67595,30120
train,hcp,100,5294,30128
train,hcp,100,79905,30146
train,hcp,100,106112,30163
train,hcp,100,27103,30165
train,hcp,100,6787,30195
train,hcp,100,13974,30242
train,hcp,100,29047,30277
train,hcp,101,26659,30319
train,hcp,101,89629,30334
train,hcp,101,3253,30351
train,hcp,101,9435,30369
train,hcp,101,73334,30420
train,hcp,101,17841,30432
train,hcp,101,48182,30447
train,hcp,101,24328,30450
train,hcp,101,19976,30465
train,hcp,101,29724,30470
train,hcp,101,17040,30476
train,hcp,101,46469,30485
train,hcp,101,22602,30486
train,hcp,101,1653,30487
train,hcp,101,88349,30500
train,hcp,101,91362,30542
train,hcp,103,88506,30940
train,hcp,103,76832,30964
train,hcp,103,21381,30968
train,hcp,103,16836,30979
train,hcp,103,79094,31013
train,hcp,103,81518,31035
train,hcp,103,4666,31043
train,hcp,103,48034,31048
train,hcp,103,54493,31050
train,hcp,103,8114,31117
train,hcp,103,619,31128
train,hcp,103,96777,31154
train,hcp,103,37043,31161
train,hcp,103,69101,31167
train,hcp,103,38449,31187
train,hcp,106,19944,31807
train,hcp,106,46098,31862
train,hcp,106,103606,31863
train,hcp,106,3440,31901
train,hcp,106,41255,31917
train,hcp,106,55597,31922
train,hcp,106,13441,32031
train,hcp,106,72735,32043
train,hcp,106,36768,32081
train,hcp,106,71541,32082
train,hcp,110,73019,33017
train,hcp,110,44490,33028
train,hcp,110,105126,33034
train,hcp,110,69314,33044
train,hcp,110,12583,33050
train,hcp,110,75371,33056
train,hcp,110,82969,33062
train,hcp,110,48523,33071
train,hcp,110,13338,33092
train,hcp,110,62298,33129
train,hcp,110,68693,33130
train,hcp,110,51588,33170
train,hcp,110,92258,33216
train,hcp,110,67567,33223
train,hcp,110,88026,33235
train,hcp,110,39776,33251
train,hcp,110,67044,33293
train,hcp,111,48258,33304
train,hcp,111,25145,33312
train,hcp,111,35859,33329
train,hcp,111,93134,33353
train,hcp,111,72449,33371
train,hcp,111,78977,33380
train,hcp,111,16395,33391
train,hcp,111,32052,33394
train,hcp,111,96496,33409
train,hcp,111,78419,33435
train,hcp,111,95670,33444
train,hcp,111,48584,33446
train,hcp,111,89824,33510
train,hcp,111,82086,33566
train,hcp,111,55343,33589
train,hcp,111,91965,33598
train,hcp,112,4872,33605
train,hcp,112,87604,33667
train,hcp,112,75452,33696
train,hcp,112,33223,33714
train,hcp,112,44804,33725
train,hcp,112,30449,33742
train,hcp,112,73611,33743
train,hcp,112,51420,33749
train,hcp,112,84527,33759
train,hcp,112,9709,33774
train,hcp,112,25662,33815
train,hcp,112,68151,33823
train,hcp,112,66911,33841
train,hcp,112,17847,33847
train,hcp,112,7209,33875
train,hcp,112,12823,33899
train,hcp,115,48295,34508
train,hcp,115,82016,34513
train,hcp,115,19865,34516
train,hcp,115,87919,34530
train,hcp,115,37640,34535
train,hcp,115,5627,34545
train,hcp,115,47166,34548
train,hcp,115,18232,34569
train,hcp,115,17496,34590
train,hcp,115,80855,34619
train,hcp,115,25935,34622
train,hcp,115,30116,34625
train,hcp,115,36237,34630
train,hcp,115,15686,34693
train,hcp,115,46750,34723
train,hcp,116,6349,34815
train,hcp,116,64609,34817
train,hcp,116,77262,34851
train,hcp,116,93917,34885
train,hcp,116,94811,34901
train,hcp,116,38077,34916
train,hcp,116,82319,34919
train,hcp,116,39108,34928
train,hcp,116,70403,34978
train,hcp,116,41781,35003
train,hcp,116,107024,35020
train,hcp,116,80388,35025
train,hcp,116,37782,35057
train,hcp,116,70426,35058
train,hcp,116,17170,35076
train,hcp,116,52532,35086
train,hcp,117,70435,35126
train,hcp,117,78248,35148
train,hcp,117,42615,35176
train,hcp,117,104193,35194
train,hcp,117,106654,35223
train,hcp,117,42246,35231
train,hcp,117,32184,35251
train,hcp,117,70513,35252
train,hcp,117,66035,35262
train,hcp,117,26451,35268
train,hcp,117,51250,35281
train,hcp,117,45762,35311
train,hcp,117,31305,35322
train,hcp,117,60686,35386
train,hcp,117,10458,35390
train,hcp,118,4642,35471
train,hcp,118,96314,35476
train,hcp,118,85043,35492
train,hcp,118,36962,35572
train,hcp,118,40185,35577
train,hcp,118,107018,35586
train,hcp,118,51458,35597
train,hcp,118,55251,35612
train,hcp,118,52608,35631
train,hcp,119,94636,35711
train,hcp,119,42728,35726
train,hcp,119,21555,35743
train,hcp,119,48407,35748
train,hcp,119,79936,35785
train,hcp,119,34496,35835
train,hcp,119,4404,35851
train,hcp,119,91761,35855
train,hcp,119,88497,35859
train,hcp,119,64095,35875
train,hcp,119,69360,35919
train,hcp,119,78779,35931
train,hcp,119,60492,35933
train,hcp,119,60775,35944
train,hcp,119,70872,35953
train,hcp,119,80886,35955
train,hcp,119,84295,35983
train,hcp,119,66246,35989
train,hcp,119,92993,35991
train,hcp,119,54956,35993
train,hcp,120,5004,36004
train,hcp,120,76133,36005
train,hcp,120,25475,36018
train,hcp,120,82657,36027
train,hcp,120,88744,36089
train,hcp,120,62103,36113
train,hcp,120,95789,36122
train,hcp,120,14115,36129
train,hcp,120,66930,36137
train,hcp,120,52791,36150
train,hcp,120,29535,36168
train,hcp,120,21280,36171
train,hcp,120,49137,36178
train,hcp,120,74672,36197
train,hcp,120,18520,36210
train,hcp,120,88413,36227
train,hcp,120,79476,36281
train,hcp,121,85331,36339
train,hcp,121,69032,36349
train,hcp,121,63501,36390
train,hcp,121,69513,36396
train,hcp,121,94347,36411
train,hcp,121,56806,36441
train,hcp,121,45305,36455
train,hcp,121,34505,36458
train,hcp,121,25044,36475
train,hcp,121,56657,36500
train,hcp,121,69550,36507
train,hcp,121,21528,36541
train,hcp,121,48546,36568
train,hcp,121,92606,36569
train,hcp,121,38667,36572
train,hcp,121,99615,36591
train,hcp,124,22878,37204
train,hcp,124,13603,37277
train,hcp,124,21454,37279
train,hcp,124,95731,37284
train,hcp,124,40090,37293
train,hcp,124,71630,37321
train,hcp,124,35113,37338
train,hcp,124,53693,37346
train,hcp,124,29696,37423
train,hcp,124,45818,37427
train,hcp,124,54456,37438
train,hcp,124,39457,37449
train,hcp,124,94549,37459
train,hcp,124,6458,37465
train,hcp,124,45483,37474
train,hcp,125,19076,37515
train,hcp,125,37212,37565
train,hcp,125,40626,37574
train,hcp,125,84265,37603
train,hcp,125,40289,37623
train,hcp,125,42246,37638
train,hcp,125,69612,37647
train,hcp,125,105207,37676
train,hcp,125,12584,37688
train,hcp,125,21985,37689
train,hcp,125,7409,37693
train,hcp,125,30942,37700
train,hcp,125,49851,37713
train,hcp,125,104503,37732
train,hcp,125,89934,37747
train,hcp,125,87344,37760
train,hcp,125,42491,37787
train,hcp,125,52879,37796
train,hcp,126,16190,37890
train,hcp,126,39741,37908
train,hcp,126,11377,37929
train,hcp,126,57402,37990
train,hcp,126,62726,38000
train,hcp,126,37146,38071
train,hcp,127,62441,38105
train,hcp,127,60051,38111
train,hcp,127,7186,38164
train,hcp,127,53465,38196
train,hcp,127,94144,38207
train,hcp,127,98133,38209
train,hcp,127,25518,38212
train,hcp,127,89897,38238
train,hcp,127,24149,38247
train,hcp,127,6736,38296
train,hcp,127,25082,38310
train,hcp,127,103082,38312
train,hcp,127,107100,38325
train,hcp,127,40427,38335
train,hcp,127,44702,38337
train,hcp,127,76682,38340
train,hcp,127,52069,38361
train,hcp,127,80285,38387
train,hcp,127,89507,38388
train,hcp,128,51892,38425
train,hcp,128,104745,38467
train,hcp,128,29545,38475
train,hcp,128,60837,38481
train,hcp,128,739,38482
train,hcp,128,32304,38484
train,hcp,128,107231,38490
train,hcp,128,70251,38507
train,hcp,128,18602,38528
train,hcp,128,24523,38538
train,hcp,128,77961,38548
train,hcp,128,94111,38583
train,hcp,128,3514,38601
train,hcp,128,95985,38683
train,hcp,128,8270,38688
train,hcp,130,71874,39013
train,hcp,130,64883,39051
train,hcp,130,74673,39069
train,hcp,130,25815,39083
train,hcp,130,68416,39146
train,hcp,130,32846,39170
train,hcp,130,63776,39195
train,hcp,130,37894,39196
train,hcp,130,59006,39211
train,hcp,130,103730,39253
train,hcp,130,46606,39286
train,hcp,130,102403,39287
train,hcp,131,56959,39308
train,hcp,131,56270,39311
train,hcp,131,78484,39326
train,hcp,131,12727,39333
train,hcp,131,48297,39353
train,hcp,131,1378,39364
train,hcp,131,33536,39368
train,hcp,131,56597,39407
train,hcp,131,105387,39420
train,hcp,131,107076,39423
train,hcp,131,51840,39488
train,hcp,131,103556,39489
train,hcp,131,64955,39491
train,hcp,131,83133,39497
train,hcp,131,55828,39595
train,hcp,132,79834,39609
train,hcp,132,7895,39620
train,hcp,132,39512,39621
train,hcp,132,91736,39654
train,hcp,132,107201,39671
train,hcp,132,77665,39729
train,hcp,132,240,39742
train,hcp,132,67616,39757
train,hcp,132,39847,39794
train,hcp,132,37786,39808
train,hcp,132,99114,39819
train,hcp,132,2357,39822
train,hcp,132,71169,39824
train,hcp,132,12887,39849
train,hcp,132,15293,39879
train,hcp,133,54314,39954
train,hcp,133,105816,39979
train,hcp,133,83884,39983
train,hcp,133,28515,39998
train,hcp,133,20321,40005
train,hcp,133,88784,40043
train,hcp,133,13423,40058
train,hcp,133,86976,40084
train,hcp,133,93074,40178
train,hcp,133,12545,40179
train,hcp,133,79681,40181
train,hcp,133,95498,40193
train,hcp,133,94253,40196
train,hcp,134,79382,40210
train,hcp,134,15467,40251
train,hcp,134,63357,40255
train,hcp,134,22664,40291
train,hcp,134,97288,40308
train,hcp,134,101517,40313
train,hcp,134,24802,40315
train,hcp,134,58654,40335
train,hcp,134,66214,40352
train,hcp,134,38567,40363
train,hcp,134,46859,40378
train,hcp,134,25904,40382
train,hcp,134,65090,40383
train,hcp,134,62300,40417
train,hcp,134,567,40424
train,hcp,134,90259,40447
train,hcp,134,102523,40456
train,hcp,135,4542,40516
train,hcp,135,81134,40534
train,hcp,135,11038,40540
train,hcp,135,37051,40542
train,hcp,135,44126,40567
train,hcp,135,61189,40568
train,hcp,135,105341,40573
train,hcp,135,77670,40575
train,hcp,135,85977,40582
train,hcp,135,102711,40603
train,hcp,135,24170,40615
train,hcp,135,87958,40637
train,hcp,135,40061,40639
train,hcp,135,15334,40656
train,hcp,135,76302,40692
train,hcp,135,8648,40700
train,hcp,135,35330,40728
train,hcp,135,96554,40731
train,hcp,135,42516,40744
train,hcp,135,71224,40758
train,hcp,135,2335,40779
train,hcp,136,88152,40823
train,hcp,136,80462,40835
train,hcp,136,56409,40862
train,hcp,136,20355,40868
train,hcp,136,97654,40873
train,hcp,136,103176,40885
train,hcp,136,6387,40886
train,hcp,136,99347,40908
train,hcp,136,99729,40915
train,hcp,136,33350,40971
train,hcp,136,105772,41019
train,hcp,136,96420,41037
train,hcp,136,45640,41093
train,hcp,136,42730,41095
train,hcp,137,94176,41115
train,hcp,137,2376,41121
train,hcp,137,51448,41156
train,hcp,137,50938,41171
train,hcp,137,105284,41179
train,hcp,137,77492,41196
train,hcp,137,93646,41230
train,hcp,137,101137,41242
train,hcp,137,18487,41266
train,hcp,137,49336,41287
train,hcp,137,16174,41300
train,hcp,137,87855,41339
train,hcp,137,100673,41370
train,hcp,137,65487,41371
train,hcp,139,41036,41732
train,hcp,139,3389,41736
train,hcp,139,37077,41763
train,hcp,139,93043,41800
train,hcp,139,17876,41818
train,hcp,139,39227,41830
train,hcp,139,90677,41857
train,hcp,139,105087,41865
train,hcp,139,72651,41879
train,hcp,139,67923,41889
train,hcp,139,24573,41898
train,hcp,139,52665,41902
train,hcp,139,32516,41923
train,hcp,139,95707,41939
train,hcp,139,8773,41955
train,hcp,139,29741,41965
train,hcp,140,107879,42063
train,hcp,140,56833,42068
train,hcp,140,83881,42082
train,hcp,140,48159,42087
train,hcp,140,70314,42096
train,hcp,140,16297,42097
train,hcp,140,46547,42102
train,hcp,140,1631,42106
train,hcp,140,49426,42125
train,hcp,140,11198,42148
train,hcp,140,99651,42165
train,hcp,140,32946,42208
train,hcp,140,77163,42209
train,hcp,140,98394,42263
train,hcp,140,78123,42278
train,hcp,140,80857,42297
train,hcp,141,62600,42363
train,hcp,141,41179,42382
train,hcp,141,45985,42384
train,hcp,141,164,42400
train,hcp,141,14070,42403
train,hcp,141,85056,42441
train,hcp,141,40411,42443
train,hcp,141,11916,42524
train,hcp,141,30469,42545
train,hcp,141,5142,42571
train,hcp,141,70212,42574
train,hcp,141,70575,42583
train,hcp,141,78118,42585
train,hcp,141,74870,42595
train,hcp,142,51728,42608
train,hcp,142,12886,42619
train,hcp,142,40076,42622
train,hcp,142,18514,42628
train,hcp,142,75646,42635
train,hcp,142,35012,42640
train,hcp,142,47995,42645
train,hcp,142,50151,42669
train,hcp,142,28914,42681
train,hcp,142,63432,42692
train,hcp,142,42780,42706
train,hcp,142,104267,42707
train,hcp,142,26990,42725
train,hcp,142,96374,42745
train,hcp,142,63210,42748
train,hcp,142,18646,42752
train,hcp,142,21325,42781
train,hcp,142,95399,42797
train,hcp,142,4595,42804
train,hcp,142,45242,42840
train,hcp,142,70673,42846
train,hcp,142,15575,42880
train,hcp,142,49902,42891
train,hcp,142,72145,42893
train,hcp,143,9590,42933
train,hcp,143,42465,42942
train,hcp,143,17069,43007
train,hcp,143,72548,43022
train,hcp,143,57121,43041
train,hcp,143,87215,43046
train,hcp,143,64499,43052
train,hcp,143,40246,43066
train,hcp,143,86714,43106
train,hcp,143,23830,43114
train,hcp,143,55460,43115
train,hcp,143,34695,43129
train,hcp,143,94826,43131
train,hcp,147,94133,44103
train,hcp,147,96905,44109
train,hcp,147,64103,44129
train,hcp,147,28953,44151
train,hcp,147,38161,44184
train,hcp,147,71409,44208
train,hcp,147,50422,44220
train,hcp,147,35664,44238
train,hcp,147,46571,44246
train,hcp,147,89323,44247
train,hcp,147,61557,44272
train,hcp,147,63231,44276
train,hcp,147,43425,44280
train,hcp,147,55616,44296
train,hcp,147,85702,44310
train,hcp,147,32171,44380
train,hcp,147,83783,44387
train,hcp,148,14471,44479
train,hcp,148,95443,44484
train,hcp,148,38292,44498
train,hcp,148,104800,44507
train,hcp,148,52158,44533
train,hcp,148,26018,44538
train,hcp,148,32318,44567
train,hcp,148,66792,44590
train,hcp,148,31575,44594
train,hcp,148,7625,44596
train,hcp,148,43068,44600
train,hcp,148,16979,44660
train,hcp,149,72994,44703
train,hcp,149,62170,44709
train,hcp,149,81710,44717
train,hcp,149,1162,44722
train,hcp,149,58798,44723
train,hcp,149,23732,44756
train,hcp,149,13253,44761
train,hcp,149,86896,44782
train,hcp,149,48101,44791
train,hcp,149,90556,44810
train,hcp,149,104350,44823
train,hcp,149,9570,44862
train,hcp,149,79047,44873
train,hcp,149,94742,44876
train,hcp,149,85536,44883
train,hcp,149,107591,44910
train,hcp,149,11706,44917
train,hcp,149,14638,44918
train,hcp,149,5074,44951
train,hcp,149,79450,44962
train,hcp,149,97647,44996
train,hcp,150,85255,45001
train,hcp,150,76727,45017
train,hcp,150,15841,45022
train,hcp,150,52076,45054
train,hcp,150,99811,45075
train,hcp,150,79925,45078
train,hcp,150,30881,45086
train,hcp,150,18246,45088
train,hcp,150,90986,45093
train,hcp,150,37507,45111
train,hcp,150,53423,45126
train,hcp,150,11907,45146
train,hcp,150,53335,45148
train,hcp,150,5975,45166
train,hcp,150,11946,45200
train,hcp,150,86184,45253
train,hcp,150,47977,45270
train,hcp,150,42677,45280
train,hcp,150,245,45281
train,hcp,150,22808,45283
train,hcp,150,71512,45299
train,hcp,151,43925,45323
train,hcp,151,96748,45347
train,hcp,151,88720,45400
train,hcp,151,42969,45457
train,hcp,151,31507,45460
train,hcp,151,106702,45478
train,hcp,151,19657,45487
train,hcp,151,95282,45491
train,hcp,151,68151,45545
train,hcp,151,95506,45574
train,hcp,153,17865,45912
train,hcp,153,63468,45948
train,hcp,153,89919,45968
train,hcp,153,32398,46004
train,hcp,153,71288,46030
train,hcp,153,88862,46058
train,hcp,153,23282,46069
train,hcp,153,99419,46117
train,hcp,153,53576,46126
train,hcp,153,20022,46131
train,hcp,153,94402,46146
train,hcp,153,8716,46167
train,hcp,153,9227,46178
train,hcp,153,71729,46190
train,hcp,154,32189,46201
train,hcp,154,31865,46225
train,hcp,154,71693,46277
train,hcp,154,43936,46308
train,hcp,154,51262,46330
train,hcp,154,69969,46362
train,hcp,154,761,46364
train,hcp,154,39140,46411
train,hcp,154,86309,46464
train,hcp,154,80823,46489
train,hcp,154,21603,46499
train,hcp,156,47222,46841
train,hcp,156,20558,46851
train,hcp,156,53629,46864
train,hcp,156,88605,46875
train,hcp,156,98444,46911
train,hcp,156,16689,46922
train,hcp,156,102353,46942
train,hcp,156,65421,46968
train,hcp,156,69519,46978
train,hcp,156,39883,47004
train,hcp,156,85871,47076
train,hcp,156,20381,47091
train,hcp,156,30478,47097
train,hcp,157,101658,47120
train,hcp,157,55624,47125
train,hcp,157,76893,47172
train,hcp,157,65632,47197
train,hcp,157,79429,47207
train,hcp,157,82618,47208
train,hcp,157,31990,47218
train,hcp,157,64732,47280
train,hcp,157,106377,47336
train,hcp,157,100699,47338
train,hcp,157,88581,47357
train,hcp,158,49562,47441
train,hcp,158,42530,47448
train,hcp,158,92893,47484
train,hcp,158,29022,47487
train,hcp,158,58171,47513
train,hcp,158,64802,47515
train,hcp,158,57603,47520
train,hcp,158,106936,47623
train,hcp,158,81697,47624
train,hcp,158,12706,47625
train,hcp,158,54904,47638
train,hcp,158,70772,47642
train,hcp,158,53055,47664
train,hcp,158,28866,47670
train,hcp,158,42923,47675
train,hcp,158,86945,47678
train,hcp,158,54566,47682
train,hcp,159,73960,47727
train,hcp,159,98660,47753
train,hcp,159,16690,47840
train,hcp,159,36841,47844
train,hcp,159,69127,47856
train,hcp,159,95590,47913
train,hcp,159,23909,47919
train,hcp,159,11195,47967
train,hcp,160,77403,48014
train,hcp,160,41316,48015
train,hcp,160,4218,48022
train,hcp,160,25572,48031
train,hcp,160,105842,48041
train,hcp,160,98853,48044
train,hcp,160,29877,48051
train,hcp,160,100273,48094
train,hcp,160,79415,48147
train,hcp,160,90594,48181
train,hcp,160,102534,48201
train,hcp,160,88915,48215
train,hcp,160,15701,48230
train,hcp,160,105138,48238
train,hcp,160,23977,48241
train,hcp,160,94467,48278
train,hcp,161,71497,48304
train,hcp,161,57353,48306
train,hcp,161,45708,48309
train,hcp,161,1883,48320
train,hcp,161,27355,48342
train,hcp,161,17420,48356
train,hcp,161,34280,48368
train,hcp,161,77482,48391
train,hcp,161,30073,48557
train,hcp,161,62791,48588
train,hcp,161,74519,48592
train,hcp,162,75971,48600
train,hcp,162,14308,48639
train,hcp,162,53988,48664
train,hcp,162,39417,48677
train,hcp,162,70501,48697
train,hcp,162,99385,48708
train,hcp,162,60086,48723
train,hcp,162,55485,48726
train,hcp,162,81105,48740
train,hcp,162,14334,48748
train,hcp,162,41630,48760
train,hcp,162,45868,48773
train,hcp,162,41250,48782
train,hcp,162,7884,48816
train,hcp,162,87025,48867
train,hcp,162,32473,48878
train,hcp,162,18414,48886
train,hcp,162,95676,48896
train,hcp,162,76760,48899
train,hcp,163,64128,48914
train,hcp,163,8504,48917
train,hcp,163,18923,48927
train,hcp,163,21317,48938
train,hcp,163,40288,48948
train,hcp,163,74372,48980
train,hcp,163,58492,49008
train,hcp,163,90108,49013
train,hcp,163,82304,49016
train,hcp,163,11011,49022
train,hcp,163,103748,49040
train,hcp,163,106410,49045
train,hcp,163,79425,49077
train,hcp,163,75788,49082
train,hcp,163,42006,49085
train,hcp,163,101221,49117
train,hcp,163,59506,49118
train,hcp,164,31282,49274
train,hcp,164,86668,49315
train,hcp,164,66259,49346
train,hcp,164,24890,49356
train,hcp,164,40552,49359
train,hcp,164,74366,49397
train,hcp,164,1738,49412
train,hcp,164,106376,49423
train,hcp,164,42744,49451
train,hcp,164,8738,49462
train,hcp,164,94264,49472
train,hcp,164,48080,49477
train,hcp,164,36524,49496
train,hcp,166,82609,49819
train,hcp,166,74258,49829
train,hcp,166,62280,49845
train,hcp,166,37830,49847
train,hcp,166,84879,49859
train,hcp,166,21233,49861
train,hcp,166,71926,49916
train,hcp,166,72372,49917
train,hcp,166,12939,49941
train,hcp,166,13879,49964
train,hcp,166,94027,49977
train,hcp,166,61923,50025
train,hcp,166,91484,50033
train,hcp,166,81187,50057
train,hcp,166,107302,50070
train,hcp,167,71632,50103
train,hcp,167,10709,50143
train,hcp,167,25933,50149
train,hcp,167,92616,50173
train,hcp,167,17724,50208
train,hcp,167,37871,50235
train,hcp,167,26730,50241
train,hcp,167,13349,50258
train,hcp,167,8113,50259
train,hcp,167,56442,50271
train,hcp,167,4376,50304
train,hcp,167,82352,50308
train,hcp,167,41204,50316
train,hcp,167,51676,50322
train,hcp,167,2268,50352
train,hcp,167,31213,50367
train,hcp,167,9487,50385
train,hcp,167,77683,50389
train,hcp,170,34573,51023
train,hcp,170,103142,51035
train,hcp,170,46615,51050
train,hcp,170,23636,51052
train,hcp,170,13370,51184
train,hcp,170,39790,51185
train,hcp,170,45059,51199
train,hcp,170,54801,51218
train,hcp,170,53691,51247
train,hcp,170,46784,51248
train,hcp,170,89718,51299
train,hcp,177,60313,53111
train,hcp,177,94124,53123
train,hcp,177,95246,53194
train,hcp,177,3491,53224
train,hcp,177,55295,53232
train,hcp,177,54061,53249
train,hcp,177,860,53270
train,hcp,177,24719,53272
train,hcp,177,82761,53341
train,hcp,178,98251,53402
train,hcp,178,46251,53412
train,hcp,178,58508,53416
train,hcp,178,35353,53442
train,hcp,178,51726,53467
train,hcp,178,55324,53498
train,hcp,178,83069,53499
train,hcp,178,54428,53502
train,hcp,178,87512,53504
train,hcp,178,37485,53509
train,hcp,178,19878,53522
train,hcp,178,25298,53526
train,hcp,178,77533,53539
train,hcp,178,33202,53628
train,hcp,178,70676,53632
train,hcp,178,34522,53671
train,hcp,178,69865,53691
train,hcp,179,53843,53741
train,hcp,179,22825,53746
train,hcp,179,23401,53753
train,hcp,179,70810,53756
train,hcp,179,46960,53799
train,hcp,179,90746,53853
train,hcp,179,47417,53909
train,hcp,179,76229,53925
train,hcp,179,41178,53934
train,hcp,179,105577,53980
train,hcp,179,53500,53988
train,hcp,181,63482,54316
train,hcp,181,93041,54323
train,hcp,181,32791,54330
train,hcp,181,50099,54347
train,hcp,181,59588,54386
train,hcp,181,87184,54415
train,hcp,181,103280,54418
train,hcp,181,3588,54452
train,hcp,181,15679,54459
train,hcp,181,52438,54516
train,hcp,181,19475,54525
train,hcp,181,45545,54543
train,hcp,181,102892,54588
train,hcp,181,50447,54593
train,hcp,184,100218,55241
train,hcp,184,81826,55292
train,hcp,184,19089,55295
train,hcp,184,46848,55314
train,hcp,184,75311,55315
train,hcp,184,14547,55352
train,hcp,184,41360,55380
train,hcp,184,33209,55392
train,hcp,184,41698,55413
train,hcp,184,54881,55435
train,hcp,184,25097,55449
train,hcp,184,98749,55465
train,hcp,184,6463,55468
train,hcp,184,8035,55486
train,hcp,185,40704,55508
train,hcp,185,49407,55529
train,hcp,185,61777,55537
train,hcp,185,90624,55559
train,hcp,185,31118,55596
train,hcp,185,82076,55608
train,hcp,185,446,55652
train,hcp,185,73616,55734
train,hcp,185,35061,55737
train,hcp,185,85844,55739
train,hcp,185,45286,55751
train,hcp,185,98086,55762
train,hcp,185,13079,55771
train,hcp,185,7188,55788
train,hcp,188,13131,56434
train,hcp,188,30348,56446
train,hcp,188,57819,56462
train,hcp,188,73705,56486
train,hcp,188,15754,56502
train,hcp,188,74664,56512
train,hcp,188,32591,56539
train,hcp,188,39134,56550
train,hcp,188,10021,56591
train,hcp,188,41616,56595
train,hcp,188,67668,56615
train,hcp,188,102913,56638
train,hcp,189,106245,56704
train,hcp,189,102780,56710
train,hcp,189,82813,56721
train,hcp,189,103593,56757
train,hcp,189,89842,56784
train,hcp,189,63922,56812
train,hcp,189,90076,56817
train,hcp,189,52503,56845
train,hcp,189,40335,56861
train,hcp,189,56266,56873
train,hcp,189,37616,56880
train,hcp,189,5075,56905
train,hcp,189,9078,56938
train,hcp,189,98756,56939
train,hcp,189,100261,56943
train,hcp,189,1541,56945
train,hcp,189,72995,56980
train,hcp,189,50211,56991
train,hcp,190,5356,57015
train,hcp,190,4528,57024
train,hcp,190,106614,57054
train,hcp,190,12460,57082
train,hcp,190,54522,57096
train,hcp,190,1349,57112
train,hcp,190,49979,57113
train,hcp,190,51601,57146
train,hcp,190,71028,57163
train,hcp,190,95036,57164
train,hcp,190,75364,57179
train,hcp,190,64135,57184
train,hcp,190,102771,57212
train,hcp,190,59148,57265
train,hcp,190,91017,57279
train,hcp,190,56413,57282
train,hcp,190,85638,57292
train,hcp,191,46734,57305
train,hcp,191,102831,57348
train,hcp,191,104217,57350
train,hcp,191,17990,57377
train,hcp,191,80642,57382
train,hcp,191,9431,57385
train,hcp,191,82533,57391
train,hcp,191,40121,57392
train,hcp,191,89839,57405
train,hcp,191,62161,57407
train,hcp,191,31734,57423
train,hcp,191,78909,57425
train,hcp,191,13544,57437
train,hcp,191,33350,57471
train,hcp,191,82141,57478
train,hcp,191,12851,57488
train,hcp,191,26403,57568
train,hcp,191,59403,57587
train,hcp,193,11934,57901
train,hcp,193,31152,57910
train,hcp,193,74698,57916
train,hcp,193,2379,57946
train,hcp,193,43571,57959
train,hcp,193,32676,57979
train,hcp,193,42779,57990
train,hcp,193,29639,58051
train,hcp,193,19389,58054
train,hcp,193,88819,58080
train,hcp,193,17894,58104
train,hcp,193,55111,58117
train,hcp,193,33769,58155
train,hcp,193,10199,58183
train,hcp,193,41291,58197
train,hcp,194,5927,58202
train,hcp,194,37218,58205
train,hcp,194,32884,58207
train,hcp,194,95655,58225
train,hcp,194,71536,58228
train,hcp,194,10473,58235
train,hcp,194,80433,58242
train,hcp,194,73694,58274
train,hcp,194,46003,58285
train,hcp,194,30289,58314
train,hcp,194,60058,58316
train,hcp,194,78940,58337
train,hcp,194,32252,58341
train,hcp,194,36724,58354
train,hcp,194,55576,58393
train,hcp,194,196,58415
train,hcp,194,83520,58434
train,hcp,194,99708,58450
train,hcp,194,53486,58465
train,hcp,194,68436,58485
train,hcp,194,48071,58499
train,hcp,195,1204,58568
train,hcp,195,26559,58574
train,hcp,195,98044,58607
train,hcp,195,74198,58630
train,hcp,195,103058,58631
train,hcp,195,53893,58644
train,hcp,195,60781,58683
train,hcp,195,90612,58707
train,hcp,195,23781,58711
train,hcp,195,64564,58718
train,hcp,195,5686,58758
train,hcp,195,83156,58772
train,hcp,195,83309,58776
train,hcp,196,8288,58800
train,hcp,196,87248,58801
train,hcp,196,55534,58803
train,hcp,196,3919,58826
train,hcp,196,33762,58833
train,hcp,196,1002,58852
train,hcp,196,12257,58881
train,hcp,196,106229,58912
train,hcp,196,85116,58940
train,hcp,197,68746,59100
train,hcp,197,23896,59163
train,hcp,197,68970,59166
train,hcp,197,52467,59210
train,hcp,197,32146,59259
train,hcp,197,89317,59266
train,hcp,197,61208,59297
train,hcp,197,96608,59298
train,hcp,197,50471,59309
train,hcp,197,16622,59316
train,hcp,197,53851,59317
train,hcp,197,52042,59341
train,hcp,197,71821,59378
train,hcp,197,17915,59398
train,hcp,199,49944,59700
train,hcp,199,68126,59703
train,hcp,199,15565,59714
train,hcp,199,77571,59715
train,hcp,199,51494,59724
train,hcp,199,107161,59772
train,hcp,199,8297,59787
train,hcp,199,96157,59826
train,hcp,199,37056,59837
train,hcp,199,80357,59840
train,hcp,199,39679,59859
train,hcp,199,70454,59860
train,hcp,199,71454,59871
train,hcp,199,91145,59878
train,hcp,199,103288,59895
train,hcp,199,2229,59901
train,hcp,199,65097,59922
train,hcp,199,57665,59962
train,hcp,199,20592,59965
train,hcp,199,73531,59980
train,hcp,201,69921,60310
train,hcp,201,38544,60355
train,hcp,201,27548,60370
train,hcp,201,48241,60386
train,hcp,201,101283,60388
train,hcp,201,13528,60423
train,hcp,201,73558,60432
train,hcp,201,8991,60434
train,hcp,201,14237,60439
train,hcp,201,107403,60443
train,hcp,201,87683,60468
train,hcp,201,89136,60512
train,hcp,201,7229,60523
train,hcp,201,3267,60535
train,hcp,201,93688,60546
train,hcp,201,26465,60568
train,hcp,201,58810,60573
train,hcp,201,54090,60578
train,hcp,201,58615,60598
train,hcp,203,84651,60907
train,hcp,203,1589,60944
train,hcp,203,44210,60955
train,hcp,203,93026,60975
train,hcp,203,26620,60997
train,hcp,203,77028,61004
train,hcp,203,81049,61006
train,hcp,203,41757,61013
train,hcp,203,8793,61080
train,hcp,203,107461,61096
train,hcp,203,94721,61120
train,hcp,203,84476,61131
train,hcp,203,94873,61155
train,hcp,203,107423,61168
train,hcp,203,13813,61195
train,hcp,204,24798,61200
train,hcp,204,102522,61346
train,hcp,204,25247,61358
train,hcp,204,28558,61401
train,hcp,204,90948,61413
train,hcp,204,49132,61430
train,hcp,204,64170,61446
train,hcp,204,13809,61447
train,hcp,204,91735,61455
train,hcp,204,75983,61489
train,hcp,204,62570,61497
train,hcp,205,98809,61508
train,hcp,205,92756,61514
train,hcp,205,15471,61530
train,hcp,205,23050,61564
train,hcp,205,43729,61566
train,hcp,205,94754,61581
train,hcp,205,40671,61597
train,hcp,205,47408,61603
train,hcp,205,59604,61632
train,hcp,205,79907,61640
train,hcp,205,57951,61687
train,hcp,205,9702,61708
train,hcp,205,44108,61721
train,hcp,205,102569,61725
train,hcp,205,7778,61763
train,hcp,205,68423,61777
train,hcp,205,93138,61790
train,hcp,206,1902,61810
train,hcp,206,75320,61815
train,hcp,206,71677,61836
train,hcp,206,6212,61839
train,hcp,206,42854,61889
train,hcp,206,60385,62001
train,hcp,206,2644,62006
train,hcp,206,50163,62017
train,hcp,206,4254,62028
train,hcp,206,103129,62058
train,hcp,206,43826,62060
train,hcp,206,78289,62081
train,hcp,206,65526,62093
train,hcp,207,84379,62136
train,hcp,207,38732,62146
train,hcp,207,12527,62176
train,hcp,207,5014,62183
train,hcp,207,45595,62230
train,hcp,207,64376,62232
train,hcp,207,27846,62241
train,hcp,207,72262,62283
train,hcp,207,87643,62320
train,hcp,207,9835,62326
train,hcp,207,60850,62337
train,hcp,207,41097,62342
train,hcp,207,91353,62345
train,hcp,207,18252,62346
train,hcp,207,49759,62364
train,hcp,207,80151,62382
train,hcp,208,8532,62412
train,hcp,208,39914,62430
train,hcp,208,61701,62456
train,hcp,208,83759,62474
train,hcp,208,79612,62537
train,hcp,208,250,62547
train,hcp,208,99776,62556
train,hcp,208,71246,62566
train,hcp,208,21349,62574
train,hcp,208,86106,62611
train,hcp,208,19773,62617
train,hcp,208,95794,62636
train,hcp,208,3336,62664
train,hcp,208,104978,62678
train,hcp,208,86623,62680
train,hcp,208,4182,62690
train,hcp,211,96605,63300
train,hcp,211,15981,63370
train,hcp,211,93876,63375
train,hcp,211,71776,63379
train,hcp,211,23054,63420
train,hcp,211,68912,63438
train,hcp,211,26652,63450
train,hcp,211,10314,63466
train,hcp,211,146,63469
train,hcp,211,58017,63494
train,hcp,211,70988,63501
train,hcp,211,28959,63537
train,hcp,211,58335,63546
train,hcp,211,24980,63552
train,hcp,211,69369,63595
train,hcp,212,83147,63606
train,hcp,212,105741,63611
train,hcp,212,40231,63620
train,hcp,212,10300,63630
train,hcp,212,73481,63655
train,hcp,212,90307,63660
train,hcp,212,75070,63673
train,hcp,212,57647,63684
train,hcp,212,29979,63696
train,hcp,212,17993,63709
train,hcp,212,31566,63711
train,hcp,212,78604,63738
train,hcp,212,29719,63783
train,hcp,212,48322,63794
train,hcp,212,92149,63836
train,hcp,212,79988,63840
train,hcp,212,84438,63885
train,hcp,213,55945,63925
train,hcp,213,81590,63929
train,hcp,213,791,63935
train,hcp,213,87206,63962
train,hcp,213,50231,63982
train,hcp,213,58620,63984
train,hcp,213,89538,64014
train,hcp,213,42621,64031
train,hcp,213,73731,64036
train,hcp,213,81571,64041
train,hcp,213,22074,64043
train,hcp,213,93064,64044
train,hcp,213,27964,64054
train,hcp,213,21576,64079
train,hcp,213,62557,64111
train,hcp,213,64508,64124
train,hcp,213,37072,64140
train,hcp,213,92839,64144
train,hcp,213,97087,64173
train,hcp,213,67278,64193
train,hcp,214,11609,64214
train,hcp,214,97500,64229
train,hcp,214,97895,64241
train,hcp,214,98733,64247
train,hcp,214,70337,64252
train,hcp,214,17144,64291
train,hcp,214,39087,64308
train,hcp,214,16094,64329
train,hcp,214,94933,64338
train,hcp,214,15053,64356
train,hcp,214,34010,64375
train,hcp,214,90820,64379
train,hcp,214,59673,64382
train,hcp,214,21393,64393
train,hcp,214,9541,64396
train,hcp,214,12004,64416
train,hcp,214,42565,64443
train,hcp,214,11777,64474
train,hcp,214,86733,64476
train,hcp,215,105279,64518
train,hcp,215,101707,64543
train,hcp,215,44539,64582
train,hcp,215,77084,64584
train,hcp,215,80764,64590
train,hcp,215,101853,64598
train,hcp,215,15158,64641
train,hcp,215,17906,64647
train,hcp,215,50575,64759
train,hcp,215,42847,64767
train,hcp,217,5850,65102
train,hcp,217,57541,65183
train,hcp,217,51647,65189
train,hcp,217,78081,65194
train,hcp,217,36867,65210
train,hcp,217,44739,65277
train,hcp,217,103015,65289
train,hcp,217,11067,65295
train,hcp,217,79251,65367
train,hcp,217,53999,65373
train,hcp,217,54680,65389
train,hcp,220,97770,66006
train,hcp,220,15021,66031
train,hcp,220,58151,66042
train,hcp,220,52948,66054
train,hcp,220,34171,66102
train,hcp,220,86733,66126
train,hcp,220,30978,66135
train,hcp,220,79694,66150
train,hcp,220,71500,66155
train,hcp,220,56690,66168
train,hcp,220,88925,66202
train,hcp,220,71725,66206
train,hcp,220,10768,66217
train,hcp,220,80129,66225
train,hcp,220,89245,66265
train,hcp,220,84273,66275
train,hcp,220,21218,66280
train,hcp,220,56501,66286
train,hcp,221,2019,66323
train,hcp,221,97418,66379
train,hcp,221,15040,66412
train,hcp,221,14889,66438
train,hcp,221,67968,66449
train,hcp,221,6650,66525
train,hcp,221,35026,66587
train,hcp,221,77933,66590
train,hcp,224,4426,67201
train,hcp,224,68832,67212
train,hcp,224,63427,67246
train,hcp,224,80192,67257
train,hcp,224,99383,67270
train,hcp,224,50547,67327
train,hcp,224,55553,67401
train,hcp,224,51866,67422
train,hcp,224,12198,67424
train,hcp,224,95219,67429
train,hcp,224,42072,67449
train,hcp,224,6311,67452
train,hcp,224,64515,67456
train,hcp,224,36837,67475
train,hcp,224,58250,67485
train,hcp,224,49444,67487
train,hcp,224,21581,67497
train,hcp,224,59387,67499
train,hcp,225,77734,67509
train,hcp,225,16357,67512
train,hcp,225,44509,67518
train,hcp,225,100471,67521
train,hcp,225,27197,67568
train,hcp,225,46597,67572
train,hcp,225,76163,67595
train,hcp,225,87570,67614
train,hcp,225,54691,67636
train,hcp,225,60281,67678
train,hcp,225,43783,67706
train,hcp,225,83763,67719
train,hcp,225,2712,67735
train,hcp,225,47585,67744
train,hcp,225,54343,67769
train,hcp,225,49922,67770
train,hcp,225,36913,67789
train,hcp,226,1885,67805
train,hcp,226,37064,67870
train,hcp,226,75520,67881
train,hcp,226,40638,67884
train,hcp,226,33134,67887
train,hcp,226,54968,67919
train,hcp,226,16121,67934
train,hcp,226,24235,67948
train,hcp,226,11809,67979
train,hcp,226,86045,68022
train,hcp,226,22793,68060
train,hcp,226,92518,68070
train,hcp,226,18536,68088
train,hcp,228,273,68460
train,hcp,228,71865,68502
train,hcp,228,88656,68518
train,hcp,228,85046,68589
train,hcp,228,50048,68653
train,hcp,228,102671,68657
train,hcp,228,85496,68669
train,hcp,228,11036,68674
train,hcp,229,13835,68744
train,hcp,229,53728,68764
train,hcp,229,67680,68776
train,hcp,229,89952,68785
train,hcp,229,6531,68840
train,hcp,229,30941,68849
train,hcp,229,62760,68920
train,hcp,229,53932,68957
train,hcp,229,83509,68964
train,hcp,230,100438,69000
train,hcp,230,73708,69059
train,hcp,230,83688,69067
train,hcp,230,59423,69080
train,hcp,230,101915,69117
train,hcp,230,33736,69123
train,hcp,230,30171,69126
train,hcp,230,57226,69134
train,hcp,230,78971,69140
train,hcp,230,77614,69142
train,hcp,230,16819,69147
train,hcp,230,67649,69177
train,hcp,230,59577,69179
train,hcp,233,31798,69903
train,hcp,233,86192,69907
train,hcp,233,55285,69913
train,hcp,233,49556,69943
train,hcp,233,43978,69951
train,hcp,233,33317,69958
train,hcp,233,75775,69961
train,hcp,233,67195,70005
train,hcp,233,22240,70080
train,hcp,233,395,70086
train,hcp,233,73408,70089
train,hcp,233,6777,70119
train,hcp,233,70067,70189
train,hcp,234,34090,70205
train,hcp,234,93480,70263
train,hcp,234,60847,70291
train,hcp,234,83780,70309
train,hcp,234,81092,70351
train,hcp,234,28537,70375
train,hcp,234,34415,70377
train,hcp,234,57264,70378
train,hcp,234,93212,70429
train,hcp,234,94594,70433
train,hcp,234,32053,70434
train,hcp,234,22231,70439
train,hcp,234,21399,70458
train,hcp,234,28213,70483
train,hcp,234,40203,70496
train,hcp,236,98725,70891
train,hcp,236,46342,70894
train,hcp,236,13507,70953
train,hcp,236,22639,70970
train,hcp,236,24646,70986
train,hcp,236,34685,71020
train,hcp,236,94512,71036
train,hcp,236,97691,71060
train,hcp,236,86273,71089
train,hcp,237,66980,71102
train,hcp,237,68501,71119
train,hcp,237,7638,71180
train,hcp,237,77295,71188
train,hcp,237,32027,71200
train,hcp,237,48945,71261
train,hcp,237,81812,71264
train,hcp,237,86575,71285
train,hcp,237,80243,71335
train,hcp,237,46170,71378
train,hcp,237,92972,71389
train,hcp,239,43505,71732
train,hcp,239,80205,71744
train,hcp,239,60585,71780
train,hcp,239,31419,71807
train,hcp,239,10668,71864
train,hcp,239,38242,71872
train,hcp,239,24464,71884
train,hcp,239,52545,71888
train,hcp,239,74836,71925
train,hcp,240,38554,72036
train,hcp,240,85106,72053
train,hcp,240,51441,72060
train,hcp,240,30870,72062
train,hcp,240,90639,72125
train,hcp,240,34899,72128
train,hcp,240,59664,72153
train,hcp,240,91472,72164
train,hcp,240,56609,72166
train,hcp,240,24458,72188
train,hcp,240,48707,72198
train,hcp,240,51479,72212
train,hcp,240,17788,72222
train,hcp,240,61238,72223
train,hcp,240,50225,72233
train,hcp,240,2057,72277
train,hcp,241,93063,72338
train,hcp,241,32514,72366
train,hcp,241,45327,72374
train,hcp,241,46197,72375
train,hcp,241,61002,72381
train,hcp,241,45224,72388
train,hcp,241,24625,72390
train,hcp,241,13800,72408
train,hcp,241,9919,72446
train,hcp,241,107802,72462
train,hcp,241,71100,72463
train,hcp,241,39801,72470
train,hcp,241,17643,72529
train,hcp,241,26135,72531
train,hcp,241,16206,72537
train,hcp,241,57452,72563
train,hcp,242,58024,72638
train,hcp,242,19000,72639
train,hcp,242,84851,72647
train,hcp,242,7842,72649
train,hcp,242,12798,72682
train,hcp,242,47147,72721
train,hcp,242,6231,72778
train,hcp,242,23621,72779
train,hcp,242,10927,72804
train,hcp,242,17346,72830
train,hcp,242,88652,72854
train,hcp,242,68208,72867
train,hcp,242,71445,72878
train,hcp,242,102629,72882
train,hcp,243,30531,72919
train,hcp,243,14568,72924
train,hcp,243,18173,72928
train,hcp,243,56820,72934
train,hcp,243,15852,72972
train,hcp,243,14963,73008
train,hcp,243,22326,73010
train,hcp,243,65817,73023
train,hcp,243,73264,73135
train,hcp,243,51429,73170
train,hcp,243,28070,73181
train,hcp,243,19345,73184
train,hcp,244,15131,73227
train,hcp,244,46030,73239
train,hcp,244,34700,73270
train,hcp,244,32385,73286
train,hcp,244,17810,73348
train,hcp,244,94756,73362
train,hcp,244,34858,73374
train,hcp,244,99242,73383
train,hcp,244,63944,73384
train,hcp,244,16644,73390
train,hcp,244,93987,73396
train,hcp,244,85524,73403
train,hcp,244,30807,73405
train,hcp,244,21303,73415
train,hcp,244,36196,73442
train,hcp,244,66585,73443
train,hcp,244,74595,73447
train,hcp,244,19487,73452
train,hcp,245,2756,73502
train,hcp,245,36740,73529
train,hcp,245,44411,73536
train,hcp,245,79163,73551
train,hcp,245,941,73553
train,hcp,245,99978,73678
train,hcp,245,12543,73684
train,hcp,245,36106,73720
train,hcp,245,6637,73740
train,hcp,245,98350,73799
train,hcp,246,507,73815
train,hcp,246,89300,73848
train,hcp,246,95073,73858
train,hcp,246,92016,73889
train,hcp,246,71579,73898
train,hcp,246,17322,73911
train,hcp,246,22856,73935
train,hcp,246,23575,73942
train,hcp,246,29073,73982
train,hcp,246,104851,73986
train,hcp,246,15705,73988
train,hcp,246,64369,74031
train,hcp,246,26783,74052
train,hcp,247,57780,74108
train,hcp,247,62668,74125
train,hcp,247,24553,74131
train,hcp,247,10633,74141
train,hcp,247,55710,74164
train,hcp,247,83477,74203
train,hcp,247,85512,74209
train,hcp,247,99173,74211
train,hcp,247,1744,74248
train,hcp,247,75420,74274
train,hcp,247,101868,74297
train,hcp,247,94127,74335
train,hcp,247,7720,74355
train,hcp,247,25227,74367
train,hcp,248,10589,74451
train,hcp,248,83185,74465
train,hcp,248,6042,74466
train,hcp,248,20601,74500
train,hcp,248,17187,74504
train,hcp,248,40971,74620
train,hcp,248,98984,74646
train,hcp,248,41253,74670
train,hcp,248,83960,74671
train,hcp,248,59135,74672
train,hcp,249,64621,74709
train,hcp,249,106588,74727
train,hcp,249,38945,74801
train,hcp,249,8132,74819
train,hcp,249,58351,74847
train,hcp,249,55964,74851
train,hcp,249,36737,74887
train,hcp,249,3437,74915
train,hcp,249,52718,74925
train,hcp,249,11099,74930
train,hcp,249,38401,74968
train,hcp,249,84735,74974
train,hcp,250,105948,75013
train,hcp,250,91179,75075
train,hcp,250,13300,75093
train,hcp,250,30195,75098
train,hcp,250,11967,75130
train,hcp,250,63970,75131
train,hcp,250,45627,75137
train,hcp,250,18800,75152
train,hcp,250,104537,75153
train,hcp,250,90818,75158
train,hcp,250,73672,75177
train,hcp,250,48024,75191
train,hcp,250,58968,75242
train,hcp,250,14361,75252
train,hcp,250,107898,75281
train,hcp,251,87384,75317
train,hcp,251,44076,75326
train,hcp,251,28872,75347
train,hcp,251,634,75370
train,hcp,251,56168,75414
train,hcp,251,102598,75417
train,hcp,251,32650,75430
train,hcp,251,54106,75468
train,hcp,251,80891,75564
train,hcp,251,70363,75584
train,hcp,251,46778,75586
train,hcp,252,85803,75611
train,hcp,252,48223,75631
train,hcp,252,6359,75636
train,hcp,252,90348,75675
train,hcp,252,96708,75743
train,hcp,252,14634,75752
train,hcp,252,89319,75771
train,hcp,252,101366,75825
train,hcp,252,29834,75833
train,hcp,252,77149,75840
train,hcp,252,26659,75864
train,hcp,252,104014,75865
train,hcp,253,24868,75923
train,hcp,253,57317,75933
train,hcp,253,91513,75956
train,hcp,253,3057,75962
train,hcp,253,34538,75985
train,hcp,253,19030,76030
train,hcp,253,33205,76038
train,hcp,253,107022,76133
train,hcp,253,74323,76161
train,hcp,253,75642,76183
train,hcp,255,55963,76564
train,hcp,255,70409,76571
train,hcp,255,62727,76574
train,hcp,255,67414,76685
train,hcp,255,58234,76692
train,hcp,255,7157,76699
train,hcp,255,47905,76731
train,hcp,255,61352,76789
train,hcp,256,3758,76805
train,hcp,256,57474,76813
train,hcp,256,70347,76839
train,hcp,256,10995,76855
train,hcp,256,23427,76858
train,hcp,256,105035,76874
train,hcp,256,70857,76879
train,hcp,256,5633,76899
train,hcp,256,84550,76923
train,hcp,256,75767,76929
train,hcp,256,20878,76930
train,hcp,256,87469,76945
train,hcp,256,46135,76965
train,hcp,256,66599,77024
train,hcp,256,28702,77059
train,hcp,258,10864,77418
train,hcp,258,57504,77420
train,hcp,258,58212,77425
train,hcp,258,21514,77455
train,hcp,258,23464,77482
train,hcp,258,79174,77485
train,hcp,258,41621,77612
train,hcp,258,35543,77615
train,hcp,258,53637,77629
train,hcp,258,53140,77638
train,hcp,258,28455,77675
train,hcp,258,27711,77679
train,hcp,259,40234,77732
train,hcp,259,37901,77747
train,hcp,259,95071,77765
train,hcp,259,98964,77773
train,hcp,259,21347,77777
train,hcp,259,69374,77795
train,hcp,259,95941,77836
train,hcp,259,4494,77863
train,hcp,259,53784,77926
train,hcp,259,41794,77947
train,hcp,259,674,77948
train,hcp,260,72718,78000
train,hcp,260,22807,78025
train,hcp,260,44131,78028
train,hcp,260,68033,78049
train,hcp,260,61109,78104
train,hcp,260,93078,78116
train,hcp,260,85061,78183
train,hcp,260,93466,78205
train,hcp,260,89488,78218
train,hcp,260,39632,78233
train,hcp,260,32219,78248
train,hcp,260,89754,78278
train,hcp,260,49824,78283
train,hcp,262,26335,78604
train,hcp,262,16516,78621
train,hcp,262,44803,78640
train,hcp,262,63229,78646
train,hcp,262,3000,78656
train,hcp,262,101700,78672
train,hcp,262,82729,78701
train,hcp,262,79223,78715
train,hcp,262,40272,78774
train,hcp,262,51036,78783
train,hcp,262,42307,78790
train,hcp,262,66948,78820
train,hcp,262,7470,78840
train,hcp,262,70175,78848
train,hcp,262,90650,78885
train,hcp,265,88784,79506
train,hcp,265,87088,79524
train,hcp,265,15893,79544
train,hcp,265,56780,79550
train,hcp,265,47167,79579
train,hcp,265,55328,79586
train,hcp,265,14539,79610
train,hcp,265,18536,79634
train,hcp,265,18031,79656
train,hcp,265,54756,79662
train,hcp,265,89081,79682
train,hcp,265,23857,79760
train,hcp,265,84280,79767
train,hcp,265,28588,79775
train,hcp,265,27688,79792
train,hcp,265,66296,79795
train,hcp,267,58817,80103
train,hcp,267,47525,80109
train,hcp,267,103483,80122
train,hcp,267,107032,80141
train,hcp,267,47707,80177
train,hcp,267,4445,80193
train,hcp,267,54624,80197
train,hcp,267,33726,80227
train,hcp,267,103936,80229
train,hcp,267,36103,80230
train,hcp,267,14710,80248
train,hcp,267,99769,80286
train,hcp,267,5474,80329
train,hcp,267,32210,80344
train,hcp,267,103757,80346
train,hcp,267,87788,80364
train,hcp,267,91060,80365
train,hcp,267,96509,80374
train,hcp,268,49393,80415
train,hcp,268,100073,80425
train,hcp,268,71331,80432
train,hcp,268,58206,80467
train,hcp,268,27757,80471
train,hcp,268,89650,80477
train,hcp,268,14418,80546
train,hcp,268,86708,80608
train,hcp,268,22036,80609
train,hcp,268,65693,80621
train,hcp,268,95326,80648
train,hcp,268,85092,80649
train,hcp,268,29571,80678
train,hcp,269,85772,80707
train,hcp,269,35161,80745
train,hcp,269,52363,80763
train,hcp,269,83329,80816
train,hcp,269,71431,80834
train,hcp,269,98144,80855
train,hcp,269,33976,80858
train,hcp,269,17676,80879
train,hcp,269,93825,80919
train,hcp,269,106049,80962
train,hcp,269,28194,80982
train,hcp,269,45581,80993
train,hcp,270,104975,81007
train,hcp,270,17736,81020
train,hcp,270,31811,81021
train,hcp,270,22419,81047
train,hcp,270,13875,81054
train,hcp,270,45402,81085
train,hcp,270,64660,81095
train,hcp,270,43129,81100
train,hcp,270,52395,81161
train,hcp,270,20026,81194
train,hcp,270,57006,81242
train,hcp,270,59269,81266
train,hcp,270,100744,81270
train,hcp,271,79882,81325
train,hcp,271,89316,81326
train,hcp,271,65562,81348
train,hcp,271,87026,81349
train,hcp,271,77452,81363
train,hcp,271,95783,81373
train,hcp,271,19715,81374
train,hcp,271,105236,81381
train,hcp,271,105532,81397
train,hcp,271,45367,81403
train,hcp,271,35873,81422
train,hcp,271,20132,81441
train,hcp,271,63619,81486
train,hcp,271,96359,81491
train,hcp,271,27994,81551
train,hcp,271,24799,81566
train,hcp,271,56687,81583
train,hcp,271,41628,81589
train,hcp,271,21688,81592
train,hcp,273,85445,81902
train,hcp,273,31592,81908
train,hcp,273,105829,82027
train,hcp,273,32527,82051
train,hcp,273,103064,82059
train,hcp,273,78268,82081
train,hcp,273,44495,82092
train,hcp,273,78642,82094
train,hcp,273,19823,82111
train,hcp,273,28845,82129
train,hcp,273,89781,82150
train,hcp,273,8819,82152
train,hcp,273,3297,82160
train,hcp,273,62229,82178
train,hcp,277,103465,83124
train,hcp,277,40833,83174
train,hcp,277,5182,83185
train,hcp,277,103505,83232
train,hcp,277,12615,83235
train,hcp,277,61688,83251
train,hcp,277,102516,83276
train,hcp,277,88457,83289
train,hcp,277,33059,83292
train,hcp,277,59549,83316
train,hcp,277,96527,83327
train,hcp,277,75332,83332
train,hcp,277,73504,83350
train,hcp,277,38387,83361
train,hcp,277,68054,83383
train,hcp,277,77032,83393
train,hcp,277,28747,83399
train,hcp,278,77842,83404
train,hcp,278,46583,83423
train,hcp,278,99140,83424
train,hcp,278,85936,83432
train,hcp,278,24385,83444
train,hcp,278,17782,83445
train,hcp,278,105613,83495
train,hcp,278,107807,83502
train,hcp,278,16615,83510
train,hcp,278,6178,83524
train,hcp,278,544,83547
train,hcp,278,11625,83551
train,hcp,278,51084,83648
train,hcp,278,19040,83651
train,hcp,278,65496,83663
train,hcp,278,71726,83672
train,hcp,278,94134,83690
train,hcp,278,98209,83699
train,hcp,281,10377,84319
train,hcp,281,81508,84342
train,hcp,281,71627,84350
train,hcp,281,43564,84353
train,hcp,281,69357,84355
train,hcp,281,32042,84361
train,hcp,281,66433,84397
train,hcp,281,46208,84411
train,hcp,281,55701,84423
train,hcp,281,12128,84438
train,hcp,281,57581,84451
train,hcp,281,82844,84454
train,hcp,281,39997,84478
train,hcp,281,76607,84481
train,hcp,281,102516,84518
train,hcp,281,25537,84558
train,hcp,281,100209,84583
train,hcp,282,70725,84619
train,hcp,282,101969,84657
train,hcp,282,66910,84680
train,hcp,282,22813,84689
train,hcp,282,12393,84704
train,hcp,282,106456,84716
train,hcp,282,29798,84731
train,hcp,282,75055,84736
train,hcp,282,32264,84759
train,hcp,282,95753,84762
train,hcp,282,47090,84786
train,hcp,282,86551,84812
train,hcp,282,31412,84830
train,hcp,282,31841,84847
train,hcp,282,58387,84856
train,hcp,282,19075,84876
train,hcp,283,68238,84995
train,hcp,283,77000,85011
train,hcp,283,95337,85030
train,hcp,283,47163,85112
train,hcp,283,10702,85122
train,hcp,283,59045,85138
train,hcp,283,86545,85142
train,hcp,283,73619,85164
train,hcp,283,106434,85188
train,hcp,283,33479,85190
train,hcp,284,10361,85208
train,hcp,284,107330,85228
train,hcp,284,80954,85237
train,hcp,284,20545,85265
train,hcp,284,38022,85282
train,hcp,284,6820,85296
train,hcp,284,96637,85304
train,hcp,284,71825,85328
train,hcp,284,36974,85340
train,hcp,284,63791,85374
train,hcp,284,1613,85375
train,hcp,284,33970,85392
train,hcp,284,75510,85413
train,hcp,284,106278,85433
train,hcp,284,11271,85437
train,hcp,284,104437,85456
train,hcp,284,91508,85494
train,hcp,285,54136,85523
train,hcp,285,12376,85551
train,hcp,285,34714,85563
train,hcp,285,65161,85608
train,hcp,285,65501,85630
train,hcp,285,84060,85657
train,hcp,285,65403,85681
train,hcp,285,28442,85687
train,hcp,285,89820,85740
train,hcp,285,92236,85741
train,hcp,285,71724,85770
train,hcp,285,81788,85771
train,hcp,285,87945,85786
train,hcp,286,12351,85815
train,hcp,286,66091,85824
train,hcp,286,17390,85839
train,hcp,286,55047,85842
train,hcp,286,79880,85868
train,hcp,286,19725,85896
train,hcp,286,31051,85902
train,hcp,286,25673,85906
train,hcp,286,88460,85908
train,hcp,286,95242,85941
train,hcp,286,54635,85973
train,hcp,286,47012,85976
train,hcp,286,38068,85994
train,hcp,286,75991,86010
train,hcp,286,84836,86011
train,hcp,286,91656,86014
train,hcp,289,96695,86714
train,hcp,289,85713,86717
train,hcp,289,79957,86719
train,hcp,289,26363,86723
train,hcp,289,27643,86730
train,hcp,289,101670,86740
train,hcp,289,50097,86753
train,hcp,289,39232,86805
train,hcp,289,95594,86848
train,hcp,289,61193,86872
train,hcp,289,106496,86874
train,hcp,289,22109,86887
train,hcp,289,12024,86907
train,hcp,289,47606,86912
train,hcp,289,8903,86932
train,hcp,290,80186,87008
train,hcp,290,42292,87036
train,hcp,290,70712,87041
train,hcp,290,23500,87127
train,hcp,290,99376,87169
train,hcp,290,8769,87178
train,hcp,290,103187,87188
train,hcp,290,78007,87258
train,hcp,290,1968,87298
train,hcp,291,23430,87307
train,hcp,291,45706,87369
train,hcp,291,95742,87423
train,hcp,291,5523,87447
train,hcp,291,81887,87466
train,hcp,291,42546,87477
train,hcp,291,9911,87485
train,hcp,291,68511,87492
train,hcp,291,31461,87498
train,hcp,291,19419,87500
train,hcp,291,17962,87504
train,hcp,291,105019,87508
train,hcp,291,32366,87524
train,hcp,291,15778,87557
train,hcp,291,107630,87588
train,hcp,292,94866,87630
train,hcp,292,85920,87634
train,hcp,292,36366,87658
train,hcp,292,73608,87706
train,hcp,292,3525,87744
train,hcp,292,35746,87801
train,hcp,292,26149,87816
train,hcp,292,23433,87844
train,hcp,292,56332,87847
train,hcp,292,79874,87889
train,hcp,294,17567,88233
train,hcp,294,45815,88314
train,hcp,294,55345,88331
train,hcp,294,91351,88342
train,hcp,294,1172,88353
train,hcp,294,28523,88387
train,hcp,294,28017,88392
train,hcp,294,80138,88403
train,hcp,294,24042,88414
train,hcp,294,9392,88419
train,hcp,294,57552,88420
train,hcp,294,99822,88429
train,hcp,294,10149,88443
train,hcp,294,59606,88475
train,hcp,295,14649,88512
train,hcp,295,28230,88522
train,hcp,295,77151,88535
train,hcp,295,61772,88543
train,hcp,295,49280,88546
train,hcp,295,86129,88566
train,hcp,295,22261,88575
train,hcp,295,46709,88596
train,hcp,295,71020,88598
train,hcp,295,18963,88608
train,hcp,295,51441,88617
train,hcp,295,51644,88695
train,hcp,295,97696,88711
train,hcp,295,74478,88713
train,hcp,295,91657,88720
train,hcp,295,96738,88722
train,hcp,295,28169,88753
train,hcp,295,31528,88769
train,hcp,295,2504,88783
train,hcp,295,56554,88799
train,hcp,297,23978,89114
train,hcp,297,105257,89127
train,hcp,297,17382,89128
train,hcp,297,27573,89161
train,hcp,297,59898,89163
train,hcp,297,25692,89164
train,hcp,297,7329,89182
train,hcp,297,88987,89186
train,hcp,297,92213,89191
train,hcp,297,79741,89192
train,hcp,297,38387,89255
train,hcp,297,77655,89264
train,hcp,297,32150,89291
train,hcp,297,45375,89351
train,hcp,298,90969,89457
train,hcp,298,32892,89536
train,hcp,298,18036,89561
train,hcp,298,49763,89566
train,hcp,298,10859,89606
train,hcp,298,5012,89610
train,hcp,298,65729,89614
train,hcp,298,48015,89655
train,hcp,298,26447,89656
train,hcp,298,39041,89657
train,hcp,298,43939,89675
train,hcp,298,84019,89679
train,hcp,299,59638,89708
train,hcp,299,74203,89758
train,hcp,299,98323,89769
train,hcp,299,103653,89801
train,hcp,299,54529,89817
train,hcp,299,2294,89833
train,hcp,299,72841,89836
train,hcp,299,14518,89874
train,hcp,299,38877,89888
train,hcp,299,106602,89893
train,hcp,299,35235,89907
train,hcp,299,2152,89910
train,hcp,299,92128,89926
train,hcp,299,82946,89964
train,hcp,299,86429,89968
train,hcp,299,9909,89977
train,hcp,299,51601,89984
train,hcp,299,25439,89990
train,hcp,299,98529,89991
train,hcp,300,92570,90001
train,hcp,300,104350,90012
train,hcp,300,34487,90020
train,hcp,300,18214,90060
train,hcp,300,66636,90061
train,hcp,300,32909,90165
train,hcp,300,73705,90173
train,hcp,300,25711,90236
train,hcp,300,50067,90263
train,hcp,300,63994,90292
train,hcp,301,23441,90301
train,hcp,301,64636,90303
train,hcp,301,97179,90316
train,hcp,301,58509,90332
train,hcp,301,4293,90334
train,hcp,301,22321,90375
train,hcp,301,80323,90400
train,hcp,301,34784,90401
train,hcp,301,24515,90410
train,hcp,301,74271,90413
train,hcp,301,105538,90424
train,hcp,301,36862,90454
train,hcp,301,93034,90462
train,hcp,301,98781,90468
train,hcp,301,27691,90469
train,hcp,301,23777,90483
train,hcp,301,54196,90486
train,hcp,301,2357,90490
train,hcp,301,25448,90496
train,hcp,301,31351,90516
train,hcp,301,54931,90517
train,hcp,301,26281,90519
train,hcp,301,73190,90521
train,hcp,301,62345,90580
train,hcp,302,105366,90623
train,hcp,302,45801,90670
train,hcp,302,9796,90694
train,hcp,302,78026,90700
train,hcp,302,77720,90713
train,hcp,302,87786,90744
train,hcp,302,62596,90755
train,hcp,302,27766,90790
train,hcp,302,70732,90791
train,hcp,302,60847,90819
train,hcp,302,60266,90876
train,hcp,302,12114,90890
train,hcp,302,22514,90898
train,hcp,303,102430,90933
train,hcp,303,70900,90939
train,hcp,303,11160,90950
train,hcp,303,48040,90954
train,hcp,303,48834,90955
train,hcp,303,35437,90996
train,hcp,303,75738,90999
train,hcp,303,73822,91032
train,hcp,303,53484,91078
train,hcp,303,25049,91102
train,hcp,303,462,91112
train,hcp,303,24760,91115
train,hcp,303,92892,91123
train,hcp,303,30337,91125
train,hcp,303,25829,91135
train,hcp,303,29770,91179
train,hcp,303,27816,91186
train,hcp,304,38040,91210
train,hcp,304,14066,91215
train,hcp,304,32073,91217
train,hcp,304,43357,91225
train,hcp,304,60380,91229
train,hcp,304,76758,91251
train,hcp,304,33144,91252
train,hcp,304,95504,91283
train,hcp,304,102534,91306
train,hcp,304,19941,91426
train,hcp,304,46561,91430
train,hcp,304,79786,91462
train,hcp,304,99396,91472
train,hcp,305,13670,91512
train,hcp,305,23653,91530
train,hcp,305,99810,91564
train,hcp,305,7428,91612
train,hcp,305,8650,91625
train,hcp,305,19502,91639
train,hcp,305,26872,91641
train,hcp,305,42304,91645
train,hcp,305,68125,91670
train,hcp,305,8241,91689
train,hcp,305,1720,91696
train,hcp,305,96612,91718
train,hcp,305,10224,91721
train,hcp,305,76895,91781
train,hcp,306,71378,91830
train,hcp,306,53912,91831
train,hcp,306,7297,91871
train,hcp,306,77938,91873
train,hcp,306,44999,91888
train,hcp,306,28858,91914
train,hcp,306,41502,91918
train,hcp,306,36332,91931
train,hcp,306,82605,91952
train,hcp,306,103555,91984
train,hcp,306,14254,91989
train,hcp,306,28741,92004
train,hcp,306,70507,92023
train,hcp,306,12275,92049
train,hcp,306,41214,92068
train,hcp,306,20777,92072
train,hcp,306,87789,92083
train,hcp,306,88061,92093
train,hcp,307,42030,92127
train,hcp,307,30639,92151
train,hcp,307,17111,92159
train,hcp,307,100061,92163
train,hcp,307,15788,92180
train,hcp,307,25561,92190
train,hcp,307,23830,92191
train,hcp,307,76125,92205
train,hcp,307,45714,92220
train,hcp,307,51673,92253
train,hcp,307,102843,92259
train,hcp,307,50836,92275
train,hcp,307,87642,92284
train,hcp,307,106700,92352
train,hcp,307,69080,92361
train,hcp,307,15480,92371
train,hcp,310,57370,93016
train,hcp,310,86202,93020
train,hcp,310,10952,93023
train,hcp,310,13830,93033
train,hcp,310,95580,93086
train,hcp,310,81349,93089
train,hcp,310,97715,93109
train,hcp,310,91199,93133
train,hcp,310,79862,93141
train,hcp,310,55398,93169
train,hcp,310,83200,93176
train,hcp,310,54396,93182
train,hcp,310,15482,93184
train,hcp,310,75714,93227
train,hcp,310,43252,93231
train,hcp,310,73085,93236
train,hcp,310,31492,93238
train,hcp,310,98470,93269
train,hcp,310,42598,93293
train,hcp,311,73823,93327
train,hcp,311,76002,93328
train,hcp,311,55077,93331
train,hcp,311,39300,93336
train,hcp,311,7074,93342
train,hcp,311,41134,93346
train,hcp,311,11292,93380
train,hcp,311,79482,93405
train,hcp,311,97463,93420
train,hcp,311,96495,93428
train,hcp,311,32702,93438
train,hcp,311,17812,93442
train,hcp,311,20841,93449
train,hcp,311,52679,93457
train,hcp,311,102511,93478
train,hcp,311,105140,93488
train,hcp,311,58087,93513
train,hcp,311,103836,93533
train,hcp,311,20602,93554
train,hcp,311,36731,93559
train,hcp,311,51462,93575
train,hcp,311,85392,93576
train,hcp,311,98340,93597
train,hcp,312,22532,93609
train,hcp,312,27053,93618
train,hcp,312,102859,93636
train,hcp,312,13652,93642
train,hcp,312,40017,93689
train,hcp,312,31330,93709
train,hcp,312,44520,93729
train,hcp,312,89913,93746
train,hcp,312,44172,93781
train,hcp,312,9828,93802
train,hcp,312,94835,93812
train,hcp,312,36161,93829
train,hcp,312,17237,93832
train,hcp,312,41224,93850
train,hcp,312,19775,93854
train,hcp,312,21457,93896
train,hcp,312,64422,93897
train,hcp,314,103192,94229
train,hcp,314,30684,94295
train,hcp,314,19898,94313
train,hcp,314,81478,94355
train,hcp,314,15067,94372
train,hcp,314,99115,94388
train,hcp,314,8196,94444
train,hcp,314,89928,94454
train,hcp,314,47055,94478
train,hcp,315,51455,94508
train,hcp,315,90908,94536
train,hcp,315,63847,94572
train,hcp,315,63487,94623
train,hcp,315,20666,94625
train,hcp,315,91149,94658
train,hcp,315,104984,94659
train,hcp,315,26909,94720
train,hcp,315,101039,94730
train,hcp,315,87123,94753
train,hcp,315,58315,94785
train,hcp,317,40701,95112
train,hcp,317,12832,95144
train,hcp,317,24013,95152
train,hcp,317,37407,95163
train,hcp,317,53936,95195
train,hcp,317,91981,95237
train,hcp,317,76287,95275
train,hcp,317,14061,95282
train,hcp,317,46021,95292
train,hcp,317,106814,95293
train,hcp,317,86654,95297
train,hcp,317,94428,95312
train,hcp,317,52364,95338
train,hcp,317,77899,95344
train,hcp,317,32499,95350
train,hcp,318,86765,95411
train,hcp,318,96017,95426
train,hcp,318,10854,95460
train,hcp,318,76588,95486
train,hcp,318,96564,95520
train,hcp,318,62101,95522
train,hcp,318,549,95531
train,hcp,318,83244,95541
train,hcp,318,79274,95586
train,hcp,318,22204,95590
train,hcp,318,77741,95601
train,hcp,318,56313,95619
train,hcp,318,46141,95659
train,hcp,318,37818,95687
train,hcp,318,63744,95689
train,hcp,318,145,95696
train,hcp,319,96253,95709
train,hcp,319,73393,95755
train,hcp,319,75750,95777
train,hcp,319,38410,95783
train,hcp,319,89712,95838
train,hcp,319,34226,95840
train,hcp,319,54051,95843
train,hcp,319,57546,95865
train,hcp,319,94627,95868
train,hcp,319,82768,95879
train,hcp,319,6121,95898
train,hcp,319,70159,95969
train,hcp,319,11233,95979
train,hcp,319,19830,95984
train,hcp,319,97630,95991
train,hcp,322,81024,96617
train,hcp,322,87143,96636
train,hcp,322,24481,96652
train,hcp,322,89117,96673
train,hcp,322,47757,96699
train,hcp,322,60302,96701
train,hcp,322,4824,96732
train,hcp,322,68088,96795
train,hcp,322,34607,96814
train,hcp,322,20815,96819
train,hcp,322,62214,96832
train,hcp,322,103449,96850
train,hcp,322,104761,96897
train,hcp,323,80161,96931
train,hcp,323,60793,96936
train,hcp,323,100612,96943
train,hcp,323,5448,96989
train,hcp,323,16843,97023
train,hcp,323,9984,97062
train,hcp,323,19477,97098
train,hcp,323,96749,97105
train,hcp,323,107979,97109
train,hcp,323,33557,97122
train,hcp,323,86273,97145
train,hcp,323,72334,97188
train,hcp,323,105682,97190
train,hcp,323,104429,97199
train,hcp,324,12519,97285
train,hcp,324,107768,97297
train,hcp,324,90684,97303
train,hcp,324,24616,97317
train,hcp,324,3654,97339
train,hcp,324,29120,97377
train,hcp,324,54189,97388
train,hcp,324,100376,97406
train,hcp,324,52689,97454
train,hcp,324,890,97456
train,hcp,324,28011,97461
train,hcp,324,33737,97472
train,hcp,324,82949,97490
train,hcp,324,11128,97495
train,hcp,325,74894,97570
train,hcp,325,79060,97595
train,hcp,325,8820,97598
train,hcp,325,79640,97615
train,hcp,325,10596,97628
train,hcp,325,33509,97675
train,hcp,325,5291,97678
train,hcp,325,64879,97687
train,hcp,325,97340,97702
train,hcp,325,55393,97704
train,hcp,325,104468,97732
train,hcp,325,95006,97794
train,hcp,326,9600,97812
train,hcp,326,46417,97832
train,hcp,326,1663,97869
train,hcp,326,88516,97880
train,hcp,326,46877,97882
train,hcp,326,36539,97899
train,hcp,326,62466,97912
train,hcp,326,4688,97916
train,hcp,326,38929,97971
train,hcp,326,63850,97999
train,hcp,326,84944,98017
train,hcp,326,67862,98026
train,hcp,326,11545,98040
train,hcp,326,95480,98057
train,hcp,326,56862,98076
train,hcp,326,26633,98094
train,hcp,327,20000,98107
train,hcp,327,70675,98121
train,hcp,327,99497,98141
train,hcp,327,68634,98152
train,hcp,327,3601,98158
train,hcp,327,63521,98160
train,hcp,327,63701,98173
train,hcp,327,37123,98183
train,hcp,327,81778,98201
train,hcp,327,53425,98233
train,hcp,327,106207,98234
train,hcp,327,37223,98236
train,hcp,327,99853,98302
train,hcp,327,57145,98328
train,hcp,327,21021,98350
train,hcp,327,2980,98352
train,hcp,328,61510,98412
train,hcp,328,60096,98432
train,hcp,328,90754,98438
train,hcp,328,4478,98442
train,hcp,328,19549,98447
train,hcp,328,95152,98465
train,hcp,328,31802,98562
train,hcp,328,47399,98574
train,hcp,328,52644,98629
train,hcp,328,9642,98660
train,hcp,329,61157,98710
train,hcp,329,93979,98727
train,hcp,329,17087,98733
train,hcp,329,10213,98749
train,hcp,329,100972,98759
train,hcp,329,98727,98791
train,hcp,329,95656,98793
train,hcp,329,71481,98795
train,hcp,329,26377,98799
train,hcp,329,46638,98877
train,hcp,329,45694,98889
train,hcp,329,22689,98929
train,hcp,329,53140,98939
train,hcp,329,44882,98943
train,hcp,329,61540,98955
train,hcp,329,15231,98959
train,hcp,329,41968,98967
train,hcp,330,24362,99013
train,hcp,330,217,99024
train,hcp,330,99064,99038
train,hcp,330,15049,99043
train,hcp,330,77708,99073
train,hcp,330,58473,99077
train,hcp,330,69730,99084
train,hcp,330,48036,99133
train,hcp,330,97031,99175
train,hcp,330,101335,99232
train,hcp,330,66383,99246
train,hcp,330,25837,99273
train,hcp,330,102394,99284
train,hcp,331,97003,99340
train,hcp,331,26584,99342
train,hcp,331,13132,99349
train,hcp,331,63472,99366
train,hcp,331,8092,99380
train,hcp,331,42565,99383
train,hcp,331,89230,99438
train,hcp,331,65957,99489
train,hcp,331,8292,99491
train,hcp,331,19946,99512
train,hcp,331,7348,99527
train,hcp,331,101952,99538
train,hcp,331,72318,99541
train,hcp,331,78819,99561
train,hcp,331,22902,99598
train,hcp,332,9650,99609
train,hcp,332,42210,99611
train,hcp,332,57043,99633
train,hcp,332,105970,99639
train,hcp,332,72847,99649
train,hcp,332,47933,99669
train,hcp,332,92195,99675
train,hcp,332,32621,99739
train,hcp,332,31716,99751
train,hcp,332,32484,99762
train,hcp,332,44242,99775
train,hcp,332,30543,99793
train,hcp,332,19981,99805
train,hcp,332,12761,99816
train,hcp,332,54954,99822
train,hcp,332,69686,99831
train,hcp,332,25421,99870
train,hcp,332,96586,99879
train,hcp,332,19842,99884
train,hcp,332,20131,99893
train,hcp,333,60341,99901
train,hcp,333,95652,99917
train,hcp,333,7576,99952
train,hcp,333,51151,99984
train,hcp,333,874,100008
train,hcp,333,81660,100011
train,hcp,333,79431,100018
train,hcp,333,90432,100035
train,hcp,333,11627,100066
train,hcp,333,84045,100093
train,hcp,333,56069,100097
train,hcp,333,11982,100102
train,hcp,333,26125,100117
train,hcp,333,2609,100174
train,hcp,334,73380,100218
train,hcp,334,16790,100237
train,hcp,334,86786,100294
train,hcp,334,38308,100306
train,hcp,334,36302,100309
train,hcp,334,40025,100326
train,hcp,334,70394,100387
train,hcp,334,90098,100396
train,hcp,334,26369,100412
train,hcp,334,95545,100457
train,hcp,335,26711,100530
train,hcp,335,42266,100574
train,hcp,335,60879,100668
train,hcp,335,37013,100718
train,hcp,335,32468,100730
train,hcp,335,47678,100771
train,hcp,335,9881,100781
train,hcp,335,82856,100782
train,hcp,337,73789,101124
train,hcp,337,6144,101140
train,hcp,337,72098,101160
train,hcp,337,87943,101186
train,hcp,337,67810,101196
train,hcp,337,101600,101211
train,hcp,337,13197,101245
train,hcp,337,75562,101326
train,hcp,337,70201,101330
train,hcp,337,5692,101344
train,hcp,337,15800,101375
train,hcp,339,18357,101751
train,hcp,339,65406,101759
train,hcp,339,19208,101764
train,hcp,339,33562,101782
train,hcp,339,105706,101876
train,hcp,339,45545,101901
train,hcp,339,92549,101911
train,hcp,339,45305,101914
train,hcp,339,74427,101922
train,hcp,339,101134,101933
train,hcp,339,36581,101995
train,hcp,340,18154,102051
train,hcp,340,5973,102059
train,hcp,340,19390,102064
train,hcp,340,11328,102079
train,hcp,340,30464,102108
train,hcp,340,36866,102122
train,hcp,340,75688,102139
train,hcp,340,55665,102151
train,hcp,340,96037,102182
train,hcp,340,93683,102221
train,hcp,340,42867,102261
train,hcp,340,47093,102272
train,hcp,340,58736,102273
train,hcp,340,86768,102282
train,hcp,341,71397,102358
train,hcp,341,73017,102394
train,hcp,341,83628,102408
train,hcp,341,93615,102424
train,hcp,341,103665,102425
train,hcp,341,106578,102430
train,hcp,341,86164,102450
train,hcp,341,23755,102501
train,hcp,341,44836,102505
train,hcp,341,32009,102508
train,hcp,341,66833,102552
train,hcp,341,32779,102572
train,hcp,341,23857,102585
train,hcp,341,33053,102587
train,hcp,341,44980,102591
train,hcp,342,17390,102626
train,hcp,342,29828,102673
train,hcp,342,4046,102684
train,hcp,342,88992,102722
train,hcp,342,13370,102729
train,hcp,342,4499,102737
train,hcp,342,31475,102755
train,hcp,342,57299,102857
train,hcp,342,2727,102882
train,hcp,343,65501,102902
train,hcp,343,49127,102910
train,hcp,343,91493,102946
train,hcp,343,72228,102993
train,hcp,343,1575,103019
train,hcp,343,107599,103025
train,hcp,343,28803,103093
train,hcp,343,87302,103095
train,hcp,343,35103,103110
train,hcp,343,17549,103140
train,hcp,343,46081,103152
train,hcp,343,78844,103160
train,hcp,343,102244,103161
train,hcp,343,7110,103166
train,hcp,343,9769,103192
train,hcp,345,42533,103513
train,hcp,345,31200,103532
train,hcp,345,73186,103555
train,hcp,345,87888,103581
train,hcp,345,89824,103586
train,hcp,345,96109,103588
train,hcp,345,53271,103598
train,hcp,345,82287,103607
train,hcp,345,41671,103626
train,hcp,345,8941,103656
train,hcp,345,81160,103669
train,hcp,345,95932,103687
train,hcp,345,107525,103695
train,hcp,345,19397,103711
train,hcp,345,89049,103773
train,hcp,345,7275,103784
train,hcp,345,66562,103786
train,hcp,345,92080,103797
train,hcp,347,98256,104187
train,hcp,347,7296,104188
train,hcp,347,26905,104196
train,hcp,347,15576,104206
train,hcp,347,37793,104213
train,hcp,347,86562,104259
train,hcp,347,32906,104264
train,hcp,347,88865,104288
train,hcp,347,8976,104345
train,hcp,347,67910,104363
train,hcp,347,50344,104366
train,hcp,347,43983,104376
train,hcp,348,50487,104405
train,hcp,348,73458,104408
train,hcp,348,30895,104427
train,hcp,348,994,104464
train,hcp,348,78307,104558
train,hcp,348,100940,104569
train,hcp,348,91083,104571
train,hcp,348,107023,104592
train,hcp,348,62550,104605
train,hcp,348,105901,104614
train,hcp,348,20503,104624
train,hcp,348,98117,104634
train,hcp,348,55500,104658
train,hcp,348,27863,104666
train,hcp,348,39338,104684
train,hcp,348,16968,104688
train,hcp,349,103498,104704
train,hcp,349,45163,104706
train,hcp,349,45244,104711
train,hcp,349,90496,104712
train,hcp,349,29683,104720
train,hcp,349,40986,104739
train,hcp,349,81307,104753
train,hcp,349,79795,104796
train,hcp,349,9297,104815
train,hcp,349,12305,104826
train,hcp,349,76735,104830
train,hcp,349,102082,104877
train,hcp,349,27160,104878
train,hcp,349,96451,104886
train,hcp,349,104479,104900
train,hcp,349,97485,104902
train,hcp,349,92523,104986
train,hcp,352,70104,105602
train,hcp,352,28395,105610
train,hcp,352,71103,105641
train,hcp,352,2122,105683
train,hcp,352,62805,105688
train,hcp,352,103354,105713
train,hcp,352,50073,105716
train,hcp,352,104171,105747
train,hcp,352,58269,105749
train,hcp,352,92973,105762
train,hcp,352,30518,105784
train,hcp,352,98294,105792
train,hcp,352,23922,105876
train,hcp,352,72751,105895
train,hcp,352,87380,105896
train,hcp,354,92073,106219
train,hcp,354,30558,106223
train,hcp,354,107545,106226
train,hcp,354,105245,106227
train,hcp,354,99714,106261
train,hcp,354,39249,106266
train,hcp,354,81393,106289
train,hcp,354,84513,106302
train,hcp,354,15657,106308
train,hcp,354,82267,106310
train,hcp,354,6034,106333
train,hcp,354,73819,106340
train,hcp,354,45835,106348
train,hcp,354,76568,106353
train,hcp,354,88869,106392
train,hcp,354,106269,106397
train,hcp,354,105397,106419
train,hcp,354,50765,106431
train,hcp,354,3561,106440
train,hcp,354,58085,106480
train,hcp,354,60957,106490
train,hcp,354,30721,106491
train,hcp,355,48664,106501
train,hcp,355,37692,106508
train,hcp,355,104254,106539
train,hcp,355,830,106569
train,hcp,355,9772,106571
train,hcp,355,1782,106574
train,hcp,355,97622,106582
train,hcp,355,88266,106623
train,hcp,355,107219,106633
train,hcp,355,17244,106640
train,hcp,355,64971,106655
train,hcp,355,73871,106662
train,hcp,355,98758,106675
train,hcp,355,84386,106740
train,hcp,355,6178,106757
train,hcp,355,45460,106758
train,hcp,355,32856,106776
train,hcp,355,65479,106785
train,hcp,356,12530,106802
train,hcp,356,71639,106803
train,hcp,356,46675,106881
train,hcp,356,98609,106916
train,hcp,356,69623,106917
train,hcp,356,48549,106945
train,hcp,356,44454,106967
train,hcp,356,66736,106989
train,hcp,356,99428,106992
train,hcp,356,6990,107046
train,hcp,356,83957,107063
train,hcp,357,82603,107161
train,hcp,357,2158,107172
train,hcp,357,55404,107185
train,hcp,357,34400,107197
train,hcp,357,30870,107243
train,hcp,357,96400,107246
train,hcp,357,55036,107250
train,hcp,357,49397,107256
train,hcp,357,58089,107292
train,hcp,357,47593,107308
train,hcp,357,75965,107312
train,hcp,358,30418,107419
train,hcp,358,3486,107438
train,hcp,358,5427,107442
train,hcp,358,59118,107492
train,hcp,358,13215,107497
train,hcp,358,11392,107514
train,hcp,358,59385,107515
train,hcp,358,78776,107560
train,hcp,358,27123,107562
train,hcp,358,34183,107589
train,hcp,358,15470,107621
train,hcp,358,75494,107624
train,hcp,358,52525,107670
train,hcp,359,37608,107714
train,hcp,359,8103,107728
train,hcp,359,37348,107734
train,hcp,359,102813,107740
train,hcp,359,24655,107766
train,hcp,359,24689,107809
train,hcp,359,77376,107824
train,hcp,359,60642,107836
train,hcp,359,19058,107896
train,hcp,359,59627,107958
train,hcp,359,69790,107984
train,hcp,359,62298,107987
train,hcp,360,90223,108021
train,hcp,360,2145,108031
train,hcp,360,8879,108045
train,hcp,360,41704,108049
train,hcp,360,37790,108067
train,hcp,360,28427,108114
train,hcp,360,102736,108120
train,hcp,360,50698,108135
train,hcp,360,96519,108139
train,hcp,360,22685,108144
train,hcp,360,77005,108191
train,hcp,360,46757,108231
train,hcp,360,68517,108268
train,hcp,360,70301,108269
train,hcp,360,47653,108275
train,hcp,360,51877,108277
train,hcp,360,28343,108296
train,hcp,361,16871,108316
train,hcp,361,10415,108318
train,hcp,361,96536,108326
train,hcp,361,23403,108331
train,hcp,361,39692,108340
train,hcp,361,81725,108341
train,hcp,361,70300,108377
train,hcp,361,74916,108383
train,hcp,361,102180,108396
train,hcp,361,94784,108421
train,hcp,361,3437,108428
train,hcp,361,20950,108431
train,hcp,361,4320,108456
train,hcp,361,78011,108478
train,hcp,361,28333,108481
train,hcp,361,78393,108524
train,hcp,361,19440,108530
train,hcp,361,60741,108573
train,hcp,363,52389,108911
train,hcp,363,18949,108937
train,hcp,363,59027,108951
train,hcp,363,71916,109050
train,hcp,363,59429,109061
train,hcp,363,53249,109139
train,hcp,363,19753,109143
train,hcp,363,29280,109150
train,hcp,363,2752,109155
train,hcp,363,7924,109179
train,hcp,363,17424,109187
train,hcp,364,81564,109224
train,hcp,364,25865,109232
train,hcp,364,52851,109243
train,hcp,364,22285,109253
train,hcp,364,32290,109297
train,hcp,364,34243,109320
train,hcp,364,50684,109369
train,hcp,364,104496,109384
train,hcp,364,90572,109445
train,hcp,364,25452,109458
train,hcp,364,9082,109459
train,hcp,364,105226,109463
train,hcp,364,32598,109473
train,hcp,364,95485,109486
train,hcp,364,98471,109494
train,hcp,366,24702,109815
train,hcp,366,21688,109816
train,hcp,366,16709,109817
train,hcp,366,106656,109864
train,hcp,366,48945,109873
train,hcp,366,51972,109917
train,hcp,366,32523,109920
train,hcp,366,21364,109953
train,hcp,366,5513,109980
train,hcp,366,86978,110005
train,hcp,366,25605,110008
train,hcp,366,28661,110013
train,hcp,366,15086,110026
train,hcp,366,7974,110034
train,hcp,366,46929,110057
train,hcp,366,12065,110094
train,hcp,367,27685,110105
train,hcp,367,72843,110141
train,hcp,367,42566,110163
train,hcp,367,34059,110178
train,hcp,367,90397,110196
train,hcp,367,98258,110199
train,hcp,367,1509,110242
train,hcp,367,36540,110251
train,hcp,367,9061,110252
train,hcp,367,9396,110285
train,hcp,367,13434,110298
train,hcp,367,61242,110344
train,hcp,367,17560,110378
train,hcp,367,58179,110397
train,hcp,368,4858,110410
train,hcp,368,12564,110414
train,hcp,368,49637,110457
train,hcp,368,22327,110472
train,hcp,368,81981,110546
train,hcp,368,10988,110582
train,hcp,368,32278,110583
train,hcp,368,37898,110593
train,hcp,368,90710,110604
train,hcp,368,66923,110606
train,hcp,368,94044,110615
train,hcp,368,99328,110616
train,hcp,370,95023,111013
train,hcp,370,39301,111021
train,hcp,370,78236,111029
train,hcp,370,81142,111052
train,hcp,370,101375,111082
train,hcp,370,103198,111102
train,hcp,370,39573,111119
train,hcp,370,93438,111123
train,hcp,370,7125,111195
train,hcp,370,31356,111196
train,hcp,370,43268,111236
train,hcp,370,29797,111238
train,hcp,370,10596,111263
train,hcp,370,36414,111281
train,hcp,370,58406,111289
train,hcp,373,14132,111906
train,hcp,373,94224,111927
train,hcp,373,41863,111932
train,hcp,373,48625,111943
train,hcp,373,35533,111956
train,hcp,373,73331,111962
train,hcp,373,103645,111986
train,hcp,373,53355,112014
train,hcp,373,14498,112030
train,hcp,373,88914,112061
train,hcp,373,12632,112070
train,hcp,373,91572,112123
train,hcp,373,5994,112130
train,hcp,373,82704,112144
train,hcp,373,18571,112153
train,hcp,373,72034,112157
train,hcp,376,107921,112860
train,hcp,376,84618,112864
train,hcp,376,89431,112886
train,hcp,376,66716,112985
train,hcp,376,18615,113024
train,hcp,376,38127,113037
train,hcp,376,28797,113072
train,hcp,377,102140,113123
train,hcp,377,92466,113134
train,hcp,377,33252,113152
train,hcp,377,58030,113175
train,hcp,377,8653,113176
train,hcp,377,6585,113227
train,hcp,377,43130,113230
train,hcp,377,100040,113254
train,hcp,377,61939,113304
train,hcp,377,91736,113332
train,hcp,377,7909,113354
train,hcp,377,102858,113358
train,hcp,377,38531,113366
train,hcp,378,87624,113410
train,hcp,378,40562,113430
train,hcp,378,105852,113484
train,hcp,378,91045,113487
train,hcp,378,46959,113517
train,hcp,378,83947,113570
train,hcp,378,73914,113590
train,hcp,378,94358,113593
train,hcp,378,76084,113612
train,hcp,378,37068,113638
train,hcp,378,81827,113680
train,hcp,379,32574,113732
train,hcp,379,38249,113748
train,hcp,379,87160,113749
train,hcp,379,58817,113757
train,hcp,379,51972,113768
train,hcp,379,88261,113771
train,hcp,379,96907,113787
train,hcp,379,89911,113819
train,hcp,379,102422,113829
train,hcp,379,67099,113862
train,hcp,379,1038,113916
train,hcp,379,94254,113943
train,hcp,379,45125,113960
train,hcp,379,40178,113987
train,hcp,379,76539,113992
train,hcp,380,62932,114006
train,hcp,380,36059,114050
train,hcp,380,78860,114067
train,hcp,380,88279,114078
train,hcp,380,15938,114082
train,hcp,380,103488,114110
train,hcp,380,957,114121
train,hcp,380,56007,114124
train,hcp,380,102408,114141
train,hcp,380,11651,114145
train,hcp,380,60687,114162
train,hcp,380,66573,114182
train,hcp,380,96645,114186
train,hcp,380,8869,114218
train,hcp,381,81323,114367
train,hcp,381,53142,114389
train,hcp,381,10514,114393
train,hcp,381,58575,114398
train,hcp,381,65996,114415
train,hcp,381,63252,114462
train,hcp,381,22275,114466
train,hcp,381,107418,114483
train,hcp,381,35329,114518
train,hcp,382,52736,114607
train,hcp,382,60255,114618
train,hcp,382,101860,114624
train,hcp,382,87250,114635
train,hcp,382,67633,114638
train,hcp,382,59639,114708
train,hcp,382,72281,114733
train,hcp,382,83695,114749
train,hcp,382,4208,114776
train,hcp,382,77927,114796
train,hcp,382,82677,114848
train,hcp,382,27846,114864
train,hcp,382,97553,114870
train,hcp,382,49939,114873
train,hcp,382,89217,114893
train,hcp,384,56557,115203
train,hcp,384,3866,115231
train,hcp,384,45778,115233
train,hcp,384,21510,115359
train,hcp,384,95562,115424
train,hcp,384,25728,115436
train,hcp,384,98407,115474
train,hcp,386,7115,115801
train,hcp,386,92309,115806
train,hcp,386,18673,115807
train,hcp,386,85081,115808
train,hcp,386,4147,115834
train,hcp,386,65485,115842
train,hcp,386,76105,115848
train,hcp,386,34722,115862
train,hcp,386,35585,115868
train,hcp,386,5238,115873
train,hcp,386,49884,115932
train,hcp,386,23120,115949
train,hcp,386,55103,116031
train,hcp,386,55348,116038
train,hcp,387,28997,116101
train,hcp,387,91710,116114
train,hcp,387,34445,116134
train,hcp,387,62866,116221
train,hcp,387,34788,116225
train,hcp,387,16805,116235
train,hcp,387,40526,116259
train,hcp,387,66769,116269
train,hcp,387,15326,116281
train,hcp,388,87796,116430
train,hcp,388,46448,116442
train,hcp,388,1317,116455
train,hcp,388,3759,116456
train,hcp,388,73239,116475
train,hcp,388,53332,116477
train,hcp,388,82123,116485
train,hcp,388,57486,116495
train,hcp,388,46838,116500
train,hcp,388,22961,116502
train,hcp,388,20594,116513
train,hcp,388,3305,116543
train,hcp,388,42128,116553
train,hcp,388,40950,116598
train,hcp,388,53117,116651
train,hcp,388,53913,116652
train,hcp,388,57814,116670
train,hcp,388,96069,116684
train,hcp,389,93571,116707
train,hcp,389,32530,116711
train,hcp,389,96132,116728
train,hcp,389,75077,116748
train,hcp,389,49874,116749
train,hcp,389,74204,116772
train,hcp,389,91782,116796
train,hcp,389,103040,116812
train,hcp,389,46982,116818
train,hcp,389,2709,116841
train,hcp,389,65054,116847
train,hcp,389,105231,116850
train,hcp,389,7571,116851
train,hcp,389,13845,116876
train,hcp,389,24238,116880
train,hcp,389,22501,116928
train,hcp,389,86897,116936
train,hcp,389,9829,116961
train,hcp,389,80198,116993
train,hcp,392,6679,117609
train,hcp,392,78431,117691
train,hcp,392,105743,117720
train,hcp,392,53741,117731
train,hcp,392,52848,117801
train,hcp,392,78743,117803
train,hcp,392,106043,117813
train,hcp,392,104267,117814
train,hcp,392,72270,117839
train,hcp,392,104425,117858
train,hcp,392,13065,117878
train,hcp,392,36156,117895
train,hcp,394,12979,118245
train,hcp,394,73219,118247
train,hcp,394,6812,118262
train,hcp,394,78848,118272
train,hcp,394,83683,118292
train,hcp,394,21977,118330
train,hcp,394,76857,118340
train,hcp,394,81279,118374
train,hcp,394,69416,118392
train,hcp,394,20492,118401
train,hcp,394,65445,118456
train,hcp,395,30657,118504
train,hcp,395,21789,118522
train,hcp,395,17025,118525
train,hcp,395,98546,118531
train,hcp,395,83364,118537
train,hcp,395,95704,118548
train,hcp,395,73829,118559
train,hcp,395,76963,118591
train,hcp,395,175,118655
train,hcp,395,5358,118658
train,hcp,395,31785,118696
train,hcp,395,91148,118701
train,hcp,395,70187,118749
train,hcp,395,8547,118761
train,hcp,396,70900,118801
train,hcp,396,76293,118810
train,hcp,396,91349,118829
train,hcp,396,15935,118837
train,hcp,396,79614,118840
train,hcp,396,82744,118842
train,hcp,396,86253,118850
train,hcp,396,44389,118901
train,hcp,396,56257,118908
train,hcp,396,97531,118916
train,hcp,396,5089,118931
train,hcp,396,92081,118938
train,hcp,396,75183,118950
train,hcp,396,36644,118961
train,hcp,396,57335,118962
train,hcp,396,99778,118979
train,hcp,396,82016,119036
train,hcp,396,33040,119039
train,hcp,396,84817,119053
train,hcp,398,77590,119401
train,hcp,398,24985,119427
train,hcp,398,51977,119451
train,hcp,398,30770,119517
train,hcp,398,65428,119577
train,hcp,398,69719,119581
train,hcp,398,9343,119621
train,hcp,398,95694,119627
train,hcp,398,5722,119657
train,hcp,400,62559,120118
train,hcp,400,42713,120164
train,hcp,400,20821,120176
train,hcp,400,99423,120203
train,hcp,400,12244,120215
train,hcp,400,72043,120233
train,hcp,400,67762,120260
train,hcp,400,85432,120295
train,hcp,401,17931,120317
train,hcp,401,103149,120322
train,hcp,401,55777,120355
train,hcp,401,44940,120391
train,hcp,401,105825,120449
train,hcp,401,11500,120481
train,hcp,401,28233,120496
train,hcp,401,43428,120532
train,hcp,401,83752,120548
train,hcp,401,102392,120568
train,hcp,401,43205,120577
train,hcp,401,55562,120595
train,hcp,402,26827,120600
train,hcp,402,54231,120605
train,hcp,402,22822,120628
train,hcp,402,94768,120679
train,hcp,402,5149,120701
train,hcp,402,100159,120702
train,hcp,402,22513,120704
train,hcp,402,29532,120720
train,hcp,402,76283,120793
train,hcp,402,22801,120796
train,hcp,402,97349,120814
train,hcp,402,98377,120829
train,hcp,402,65507,120848
train,hcp,402,6903,120891
train,hcp,402,28250,120894
train,hcp,403,79547,120921
train,hcp,403,91877,120934
train,hcp,403,15577,120985
train,hcp,403,92231,121001
train,hcp,403,67933,121026
train,hcp,403,5934,121047
train,hcp,403,84996,121057
train,hcp,403,64102,121065
train,hcp,403,17558,121081
train,hcp,403,107350,121087
train,hcp,403,22311,121099
train,hcp,403,69598,121100
train,hcp,403,2133,121117
train,hcp,403,43139,121125
train,hcp,403,41201,121149
train,hcp,403,2421,121150
train,hcp,403,16462,121178
train,hcp,404,18684,121223
train,hcp,404,33081,121244
train,hcp,404,32022,121271
train,hcp,404,86414,121296
train,hcp,404,91685,121299
train,hcp,404,94307,121315
train,hcp,404,18880,121370
train,hcp,404,60666,121382
train,hcp,404,42519,121420
train,hcp,404,66338,121465
train,hcp,404,37842,121487
train,hcp,405,86431,121501
train,hcp,405,21829,121503
train,hcp,405,9144,121504
train,hcp,405,33447,121526
train,hcp,405,87725,121538
train,hcp,405,48251,121545
train,hcp,405,58165,121569
train,hcp,405,9903,121579
train,hcp,405,45325,121610
train,hcp,405,18291,121614
train,hcp,405,86778,121626
train,hcp,405,37146,121639
train,hcp,405,40355,121672
train,hcp,405,14264,121697
train,hcp,405,89837,121701
train,hcp,405,90449,121716
train,hcp,405,47283,121780
train,hcp,405,8128,121784
train,hcp,405,69892,121797
train,hcp,406,52304,121842
train,hcp,406,44957,121891
train,hcp,406,49845,121913
train,hcp,406,102204,121920
train,hcp,406,72614,121924
train,hcp,406,22175,121929
train,hcp,406,97078,121930
train,hcp,406,12764,121957
train,hcp,406,98082,121969
train,hcp,406,92075,121972
train,hcp,406,82439,121985
train,hcp,406,17976,122009
train,hcp,406,86095,122013
train,hcp,406,26020,122036
train,hcp,406,3409,122056
train,hcp,408,32576,122426
train,hcp,408,2054,122438
train,hcp,408,44752,122446
train,hcp,408,62121,122473
train,hcp,408,71279,122500
train,hcp,408,22462,122516
train,hcp,408,8832,122542
train,hcp,408,53825,122593
train,hcp,408,82074,122636
train,hcp,408,86646,122673
train,hcp,408,466,122687
train,hcp,410,47738,123016
train,hcp,410,55757,123035
train,hcp,410,39805,123036
train,hcp,410,56719,123083
train,hcp,410,21404,123091
train,hcp,410,75541,123134
train,hcp,410,9069,123143
train,hcp,410,16761,123192
train,hcp,410,84539,123196
train,hcp,410,33731,123209
train,hcp,410,29326,123221
train,hcp,410,80335,123282
train,hcp,410,77857,123283
train,hcp,411,31693,123363
train,hcp,411,3803,123364
train,hcp,411,18896,123373
train,hcp,411,43941,123378
train,hcp,411,102097,123432
train,hcp,411,84287,123447
train,hcp,411,5279,123465
train,hcp,411,84735,123497
train,hcp,411,26943,123509
train,hcp,411,21080,123518
train,hcp,411,60969,123523
train,hcp,411,13862,123535
train,hcp,411,62142,123543
train,hcp,411,45547,123550
train,hcp,411,74988,123568
train,hcp,411,24332,123586
train,hcp,414,35954,124217
train,hcp,414,54409,124218
train,hcp,414,3670,124319
train,hcp,414,2566,124324
train,hcp,414,37797,124326
train,hcp,414,49658,124345
train,hcp,414,60916,124355
train,hcp,414,107634,124358
train,hcp,414,59920,124362
train,hcp,414,35378,124369
train,hcp,414,88625,124408
train,hcp,414,56830,124440
train,hcp,417,55865,125120
train,hcp,417,23112,125123
train,hcp,417,42634,125130
train,hcp,417,68774,125154
train,hcp,417,37994,125155
train,hcp,417,50668,125199
train,hcp,417,4821,125221
train,hcp,417,97515,125241
train,hcp,417,68335,125302
train,hcp,417,74817,125307
train,hcp,417,58557,125322
train,hcp,417,2121,125345
train,hcp,418,66758,125407
train,hcp,418,101176,125413
train,hcp,418,51454,125436
train,hcp,418,30833,125461
train,hcp,418,51649,125477
train,hcp,418,32616,125488
train,hcp,418,20457,125497
train,hcp,418,95351,125501
train,hcp,418,95877,125516
train,hcp,418,65173,125517
train,hcp,418,69832,125520
train,hcp,418,46362,125523
train,hcp,418,11051,125529
train,hcp,418,48430,125530
train,hcp,418,99549,125585
train,hcp,418,33125,125588
train,hcp,418,13400,125591
train,hcp,418,4085,125593
train,hcp,418,29086,125656
train,hcp,418,39470,125669
train,hcp,421,93719,126333
train,hcp,421,27111,126345
train,hcp,421,104895,126349
train,hcp,421,35697,126353
train,hcp,421,69851,126391
train,hcp,421,10664,126395
train,hcp,421,94237,126398
train,hcp,421,81879,126410
train,hcp,421,81905,126426
train,hcp,421,5633,126448
train,hcp,421,85131,126465
train,hcp,421,107323,126479
train,hcp,421,37821,126502
train,hcp,421,65574,126510
train,hcp,421,92213,126533
train,hcp,422,46039,126600
train,hcp,422,85401,126625
train,hcp,422,99308,126634
train,hcp,422,48354,126660
train,hcp,422,48137,126683
train,hcp,422,95039,126734
train,hcp,422,38656,126753
train,hcp,422,19268,126765
train,hcp,422,66548,126771
train,hcp,422,67292,126807
train,hcp,422,20694,126833
train,hcp,424,42933,127239
train,hcp,424,34065,127252
train,hcp,424,86103,127277
train,hcp,424,36703,127282
train,hcp,424,102641,127288
train,hcp,424,89490,127297
train,hcp,424,4743,127303
train,hcp,424,95695,127321
train,hcp,424,32773,127336
train,hcp,424,76763,127348
train,hcp,424,47049,127391
train,hcp,424,102927,127392
train,hcp,424,2469,127416
train,hcp,424,93598,127490
train,hcp,427,80787,128100
train,hcp,427,76206,128184
train,hcp,427,45489,128200
train,hcp,427,49503,128211
train,hcp,427,33222,128216
train,hcp,427,206,128240
train,hcp,427,94602,128251
train,hcp,427,27182,128254
train,hcp,427,3802,128266
train,hcp,427,21146,128279
train,hcp,427,50037,128287
train,hcp,427,75499,128288
train,hcp,427,16830,128334
train,hcp,427,52554,128336
train,hcp,428,31781,128419
train,hcp,428,103776,128443
train,hcp,428,86981,128466
train,hcp,428,65468,128502
train,hcp,428,100629,128515
train,hcp,428,90485,128525
train,hcp,428,4518,128535
train,hcp,428,82738,128540
train,hcp,428,96637,128546
train,hcp,428,26844,128575
train,hcp,428,88570,128589
train,hcp,428,102842,128600
train,hcp,428,45723,128636
train,hcp,430,86581,129070
train,hcp,430,67207,129082
train,hcp,430,10138,129089
train,hcp,430,101902,129097
train,hcp,430,1125,129105
train,hcp,430,76410,129145
train,hcp,430,20205,129174
train,hcp,430,14206,129176
train,hcp,430,82894,129192
train,hcp,430,2139,129194
train,hcp,430,50011,129199
train,hcp,430,21057,129202
train,hcp,430,94971,129206
train,hcp,430,97638,129233
train,hcp,430,41012,129249
train,hcp,430,2311,129279
train,hcp,430,46998,129285
train,hcp,430,64619,129289
train,hcp,430,7409,129290
train,hcp,431,80690,129338
train,hcp,431,25359,129372
train,hcp,431,20675,129375
train,hcp,431,92260,129440
train,hcp,431,107975,129475
train,hcp,431,106833,129478
train,hcp,431,88897,129495
train,hcp,431,62558,129497
train,hcp,431,32385,129510
train,hcp,431,63370,129524
train,hcp,431,66459,129526
train,hcp,431,107828,129542
train,hcp,431,95642,129551
train,hcp,431,53348,129556
train,hcp,431,62857,129561
train,hcp,431,32834,129584
train,hcp,431,10254,129596
train,hcp,433,61392,129914
train,hcp,433,34405,129929
train,hcp,433,39904,129937
train,hcp,433,18080,129949
train,hcp,433,79798,129957
train,hcp,433,94293,129965
train,hcp,433,48475,129974
train,hcp,433,93139,129983
train,hcp,433,92511,129989
train,hcp,433,73982,130031
train,hcp,433,57602,130038
train,hcp,433,33784,130050
train,hcp,433,27221,130094
train,hcp,433,50650,130104
train,hcp,433,771,130119
train,hcp,433,13700,130149
train,hcp,435,94350,130576
train,hcp,435,34559,130632
train,hcp,435,55124,130657
train,hcp,435,79169,130674
train,hcp,435,81608,130683
train,hcp,435,6408,130708
train,hcp,435,66040,130709
train,hcp,435,19426,130748
train,hcp,435,44745,130750
train,hcp,436,92766,130832
train,hcp,436,79782,130839
train,hcp,436,28014,130853
train,hcp,436,50051,130859
train,hcp,436,12655,130863
train,hcp,436,8480,130885
train,hcp,436,60988,130948
train,hcp,436,13270,130968
train,hcp,436,29750,130969
train,hcp,436,67089,130980
train,hcp,436,2228,130992
train,hcp,436,42408,130993
train,hcp,436,85866,131016
train,hcp,436,7602,131030
train,hcp,436,72690,131039
train,hcp,436,38019,131040
train,hcp,436,48715,131050
train,hcp,436,52308,131061
train,hcp,436,25559,131066
train,hcp,436,68205,131095
train,hcp,437,100183,131100
train,hcp,437,100882,131111
train,hcp,437,27767,131136
train,hcp,437,98239,131138
train,hcp,437,72181,131188
train,hcp,437,66615,131223
train,hcp,437,42365,131301
train,hcp,437,97154,131308
train,hcp,437,41545,131334
train,hcp,437,15284,131387
train,hcp,437,7732,131389
train,hcp,438,65377,131406
train,hcp,438,100964,131414
train,hcp,438,63888,131420
train,hcp,438,11462,131444
train,hcp,438,11880,131494
train,hcp,438,78326,131534
train,hcp,438,15586,131541
train,hcp,438,106376,131544
train,hcp,438,85814,131549
train,hcp,438,76348,131561
train,hcp,438,54690,131569
train,hcp,438,56483,131632
train,hcp,438,44733,131648
train,hcp,438,66139,131657
train,hcp,438,30498,131661
train,hcp,439,92736,131716
train,hcp,439,31541,131728
train,hcp,439,27942,131729
train,hcp,439,46595,131779
train,hcp,439,107643,131798
train,hcp,439,99352,131810
train,hcp,439,81027,131812
train,hcp,439,83940,131815
train,hcp,439,92917,131817
train,hcp,439,23269,131846
train,hcp,439,94539,131865
train,hcp,439,64954,131890
train,hcp,439,35947,131923
train,hcp,439,50597,131940
train,hcp,439,25068,131941
train,hcp,439,27740,131955
train,hcp,439,18593,131957
train,hcp,439,73839,131991
train,hcp,442,20303,132626
train,hcp,442,1636,132677
train,hcp,442,94786,132714
train,hcp,442,75118,132748
train,hcp,442,28573,132753
train,hcp,442,80835,132760
train,hcp,442,73572,132767
train,hcp,442,63994,132779
train,hcp,442,79706,132810
train,hcp,442,72009,132816
train,hcp,442,97955,132820
train,hcp,442,56531,132852
train,hcp,443,78555,132913
train,hcp,443,69528,132947
train,hcp,443,65116,132974
train,hcp,443,39833,132985
train,hcp,443,2733,133016
train,hcp,443,98670,133030
train,hcp,443,4604,133034
train,hcp,443,536,133047
train,hcp,443,39001,133055
train,hcp,443,57743,133063
train,hcp,443,89700,133068
train,hcp,443,76781,133088
train,hcp,443,104831,133089
train,hcp,443,106236,133091
train,hcp,443,46539,133099
train,hcp,443,66695,133101
train,hcp,443,17576,133126
train,hcp,443,103978,133133
train,hcp,443,59742,133171
train,hcp,444,98002,133245
train,hcp,444,86233,133254
train,hcp,444,104046,133279
train,hcp,444,92050,133281
train,hcp,444,106202,133299
train,hcp,444,4503,133331
train,hcp,444,54199,133335
train,hcp,444,40385,133368
train,hcp,444,57846,133369
train,hcp,444,11943,133376
train,hcp,444,94545,133378
train,hcp,444,36196,133390
train,hcp,444,50512,133474
train,hcp,446,22947,133830
train,hcp,446,32368,133837
train,hcp,446,2600,133847
train,hcp,446,16902,133868
train,hcp,446,35302,133877
train,hcp,446,104890,133883
train,hcp,446,66782,133930
train,hcp,446,47559,133975
train,hcp,446,6616,134053
train,hcp,446,67252,134073
train,hcp,446,60249,134091
train,hcp,447,41372,134151
train,hcp,447,75904,134167
train,hcp,447,45837,134217
train,hcp,447,25490,134260
train,hcp,447,4625,134263
train,hcp,447,35048,134265
train,hcp,447,77257,134270
train,hcp,447,44020,134299
train,hcp,447,1303,134302
train,hcp,447,62392,134322
train,hcp,447,410,134325
train,hcp,447,62235,134377
train,hcp,447,60369,134378
train,hcp,448,2246,134408
train,hcp,448,90832,134429
train,hcp,448,70622,134447
train,hcp,448,7616,134453
train,hcp,448,25594,134457
train,hcp,448,31703,134477
train,hcp,448,105388,134502
train,hcp,448,75633,134533
train,hcp,448,12536,134560
train,hcp,448,97631,134589
train,hcp,448,61398,134596
train,hcp,448,81455,134673
train,hcp,448,91915,134677
train,hcp,448,77347,134679
train,hcp,448,2538,134688
train,hcp,451,76606,135301
train,hcp,451,96744,135356
train,hcp,451,24832,135376
train,hcp,451,4508,135396
train,hcp,451,16218,135398
train,hcp,451,6526,135490
train,hcp,451,95102,135510
train,hcp,451,33939,135512
train,hcp,451,97185,135529
train,hcp,451,38308,135553
train,hcp,451,37383,135563
train,hcp,451,102142,135571
train,hcp,452,103918,135604
train,hcp,452,24970,135608
train,hcp,452,38290,135646
train,hcp,452,68402,135676
train,hcp,452,67353,135702
train,hcp,452,81298,135706
train,hcp,452,60681,135708
train,hcp,452,102167,135713
train,hcp,452,100860,135766
train,hcp,452,11060,135768
train,hcp,452,36895,135770
train,hcp,452,34478,135826
train,hcp,452,39040,135832
train,hcp,452,32892,135839
train,hcp,453,72792,135911
train,hcp,453,30226,135951
train,hcp,453,32981,135967
train,hcp,453,87084,135997
train,hcp,453,19194,136098
train,hcp,453,102874,136111
train,hcp,453,100518,136122
train,hcp,453,91048,136135
train,hcp,453,38400,136143
train,hcp,453,42949,136154
train,hcp,453,40537,136155
train,hcp,454,78994,136211
train,hcp,454,102111,136216
train,hcp,454,20737,136230
train,hcp,454,43603,136236
train,hcp,454,55164,136279
train,hcp,454,19979,136281
train,hcp,454,105002,136327
train,hcp,454,17469,136333
train,hcp,454,5557,136338
train,hcp,454,62757,136383
train,hcp,454,28471,136398
train,hcp,454,32565,136411
train,hcp,454,81468,136414
train,hcp,454,100680,136456
train,hcp,454,10025,136457
train,hcp,454,92149,136497
train,hcp,455,72553,136529
train,hcp,455,26069,136540
train,hcp,455,71768,136548
train,hcp,455,19287,136554
train,hcp,455,92576,136557
train,hcp,455,18942,136563
train,hcp,455,60694,136589
train,hcp,455,25919,136590
train,hcp,455,94234,136591
train,hcp,455,27982,136594
train,hcp,455,65636,136597
train,hcp,455,50910,136615
train,hcp,455,98164,136647
train,hcp,455,7256,136658
train,hcp,455,4973,136662
train,hcp,455,12691,136667
train,hcp,455,44296,136685
train,hcp,455,70412,136706
train,hcp,455,81487,136734
train,hcp,455,93020,136739
train,hcp,455,97417,136751
train,hcp,456,7087,136810
train,hcp,456,67486,136812
train,hcp,456,94648,136818
train,hcp,456,28161,136837
train,hcp,456,26652,136882
train,hcp,456,100807,136904
train,hcp,456,64690,136965
train,hcp,456,54192,136988
train,hcp,456,68065,137007
train,hcp,456,73525,137043
train,hcp,456,63767,137051
train,hcp,456,103242,137090
train,hcp,457,78811,137106
train,hcp,457,93899,137123
train,hcp,457,17724,137129
train,hcp,457,16031,137164
train,hcp,457,23935,137227
train,hcp,457,48817,137237
train,hcp,457,88576,137239
train,hcp,457,1611,137246
train,hcp,457,40566,137325
train,hcp,457,13705,137329
train,hcp,457,25240,137344
train,hcp,458,38787,137433
train,hcp,458,71528,137444
train,hcp,458,58654,137456
train,hcp,458,99760,137494
train,hcp,458,28716,137535
train,hcp,458,80991,137550
train,hcp,458,67042,137555
train,hcp,458,70345,137628
train,hcp,458,35608,137656
train,hcp,458,23930,137661
train,hcp,458,21161,137666
train,hcp,458,89593,137674
train,hcp,461,96468,138322
train,hcp,461,11332,138324
train,hcp,461,96783,138352
train,hcp,461,53655,138361
train,hcp,461,28976,138367
train,hcp,461,61038,138403
train,hcp,461,9643,138405
train,hcp,461,49737,138431
train,hcp,461,53476,138439
train,hcp,461,68445,138446
train,hcp,461,75696,138456
train,hcp,461,6330,138481
train,hcp,461,79007,138518
train,hcp,461,98079,138521
train,hcp,461,99187,138536
train,hcp,461,27661,138547
train,hcp,461,64709,138557
train,hcp,461,95070,138592
train,hcp,462,55137,138601
train,hcp,462,94365,138608
train,hcp,462,9514,138617
train,hcp,462,29150,138632
train,hcp,462,102609,138633
train,hcp,462,40063,138665
train,hcp,462,27167,138681
train,hcp,462,26772,138685
train,hcp,462,71977,138713
train,hcp,462,50115,138726
train,hcp,462,98831,138789
train,hcp,462,102498,138792
train,hcp,462,37426,138793
train,hcp,462,69025,138842
train,hcp,462,78521,138849
train,hcp,462,61111,138875
train,hcp,462,25761,138882
train,hcp,463,105372,138902
train,hcp,463,104309,138904
train,hcp,463,5975,138917
train,hcp,463,25607,138927
train,hcp,463,48770,138929
train,hcp,463,92748,138964
train,hcp,463,71807,138972
train,hcp,463,35366,138976
train,hcp,463,87259,138990
train,hcp,463,100511,139060
train,hcp,463,89785,139111
train,hcp,463,100836,139191
train,hcp,463,38765,139196
train,hcp,465,52422,139632
train,hcp,465,44727,139633
train,hcp,465,1032,139651
train,hcp,465,11773,139654
train,hcp,465,66883,139692
train,hcp,465,60532,139736
train,hcp,466,93889,139814
train,hcp,466,76364,139861
train,hcp,466,30109,139909
train,hcp,466,5976,139913
train,hcp,466,67684,139921
train,hcp,466,96054,139924
train,hcp,466,13144,139939
train,hcp,466,26554,139953
train,hcp,466,84358,139974
train,hcp,466,52721,140034
train,hcp,466,2955,140036
train,hcp,466,49054,140038
train,hcp,466,106700,140043
train,hcp,466,41420,140068
train,hcp,468,82630,140410
train,hcp,468,88734,140465
train,hcp,468,32864,140511
train,hcp,468,75522,140529
train,hcp,468,103599,140573
train,hcp,468,106729,140589
train,hcp,468,27273,140617
train,hcp,468,106883,140626
train,hcp,468,11491,140634
train,hcp,468,51276,140640
train,hcp,468,28996,140666
train,hcp,468,97017,140684
train,hcp,469,23185,140724
train,hcp,469,68867,140731
train,hcp,469,44524,140733
train,hcp,469,91105,140760
train,hcp,469,68703,140768
train,hcp,469,91927,140779
train,hcp,469,64931,140864
train,hcp,469,56408,140870
train,hcp,469,105255,140880
train,hcp,469,105574,140917
train,hcp,469,77130,140943
train,hcp,469,30037,140944
train,hcp,469,33552,140983
train,hcp,472,69678,141641
train,hcp,472,15316,141658
train,hcp,472,77234,141671
train,hcp,472,49038,141676
train,hcp,472,20527,141686
train,hcp,472,39072,141693
train,hcp,472,99528,141697
train,hcp,472,1112,141718
train,hcp,472,18497,141720
train,hcp,472,107528,141737
train,hcp,472,54770,141751
train,hcp,472,92118,141768
train,hcp,472,71856,141772
train,hcp,472,22309,141799
train,hcp,472,64999,141853
train,hcp,473,3382,141933
train,hcp,473,11053,141955
train,hcp,473,33941,141975
train,hcp,473,15736,141978
train,hcp,473,61037,142000
train,hcp,473,801,142020
train,hcp,473,52612,142024
train,hcp,473,81316,142033
train,hcp,473,56639,142071
train,hcp,473,61185,142125
train,hcp,473,35685,142169
train,hcp,474,52055,142203
train,hcp,474,30006,142219
train,hcp,474,100622,142227
train,hcp,474,84406,142234
train,hcp,474,3781,142270
train,hcp,474,50617,142342
train,hcp,474,78480,142347
train,hcp,474,12400,142363
train,hcp,474,59916,142369
train,hcp,474,83979,142406
train,hcp,474,76952,142443
train,hcp,474,14145,142472
train,hcp,474,77030,142497
train,hcp,475,52110,142554
train,hcp,475,19847,142689
train,hcp,475,18016,142690
train,hcp,475,45696,142716
train,hcp,475,45797,142778
train,hcp,476,32189,142800
train,hcp,476,84095,142803
train,hcp,476,89971,142810
train,hcp,476,11962,142823
train,hcp,476,6833,142827
train,hcp,476,62034,142853
train,hcp,476,96305,142872
train,hcp,476,62474,142888
train,hcp,476,36137,142927
train,hcp,476,14001,142931
train,hcp,476,102465,142949
train,hcp,476,27726,142951
train,hcp,476,40554,142959
train,hcp,476,98552,143008
train,hcp,476,42459,143010
train,hcp,476,8485,143037
train,hcp,476,96930,143047
train,hcp,476,42150,143049
train,hcp,476,28237,143052
train,hcp,476,17466,143054
train,hcp,476,44696,143077
train,hcp,477,9374,143162
train,hcp,477,10331,143206
train,hcp,477,65382,143211
train,hcp,477,26648,143234
train,hcp,477,49708,143246
train,hcp,477,91423,143253
train,hcp,477,21570,143267
train,hcp,477,62952,143293
train,hcp,477,20008,143327
train,hcp,477,99139,143346
train,hcp,477,32060,143370
train,hcp,478,92620,143414
train,hcp,478,100908,143451
train,hcp,478,65160,143545
train,hcp,478,9444,143585
train,hcp,478,100567,143611
train,hcp,478,29409,143672
train,hcp,478,107464,143688
train,hcp,479,72517,143745
train,hcp,479,24473,143761
train,hcp,479,106368,143765
train,hcp,479,53201,143773
train,hcp,479,32402,143818
train,hcp,479,104877,143836
train,hcp,479,96718,143853
train,hcp,479,101186,143941
train,hcp,479,69425,143997
train,hcp,481,86160,144319
train,hcp,481,72187,144332
train,hcp,481,74919,144334
train,hcp,481,16307,144335
train,hcp,481,86554,144341
train,hcp,481,91426,144366
train,hcp,481,29301,144427
train,hcp,481,40667,144467
train,hcp,481,73848,144471
train,hcp,481,90356,144475
train,hcp,481,74159,144476
train,hcp,481,69805,144482
train,hcp,481,81092,144517
train,hcp,481,17833,144521
train,hcp,481,101398,144537
train,hcp,481,39018,144558
train,hcp,481,27371,144576
train,hcp,481,12941,144593
train,hcp,482,86746,144622
train,hcp,482,94403,144625
train,hcp,482,33542,144642
train,hcp,482,54002,144686
train,hcp,482,2713,144690
train,hcp,482,81560,144692
train,hcp,482,38722,144764
train,hcp,482,47372,144778
train,hcp,482,60202,144787
train,hcp,482,107078,144849
train,hcp,482,88,144850
train,hcp,482,103173,144895
train,hcp,483,78160,144903
train,hcp,483,71904,144911
train,hcp,483,28646,145044
train,hcp,483,99527,145051
train,hcp,483,31208,145068
train,hcp,483,48321,145087
train,hcp,483,40673,145098
train,hcp,483,107721,145100
train,hcp,483,47574,145104
train,hcp,483,49958,145125
train,hcp,483,27615,145151
train,hcp,483,89929,145177
train,hcp,483,24426,145183
train,hcp,483,83847,145186
train,hcp,483,88556,145187
train,hcp,484,81170,145226
train,hcp,484,32273,145263
train,hcp,484,19986,145283
train,hcp,484,18102,145288
train,hcp,484,89587,145305
train,hcp,484,40854,145324
train,hcp,484,13835,145327
train,hcp,484,60462,145346
train,hcp,484,65426,145356
train,hcp,484,79538,145360
train,hcp,484,66984,145370
train,hcp,484,24582,145388
train,hcp,484,40343,145411
train,hcp,484,2610,145434
train,hcp,484,100589,145442
train,hcp,484,71069,145459
train,hcp,484,31047,145463
train,hcp,484,1058,145472
train,hcp,484,87906,145475
train,hcp,484,82665,145481
train,hcp,484,39034,145489
train,hcp,485,2733,145512
train,hcp,485,79319,145544
train,hcp,485,33341,145546
train,hcp,485,3028,145575
train,hcp,485,65692,145612
train,hcp,485,42718,145714
train,hcp,485,6460,145724
train,hcp,485,100422,145759
train,hcp,485,93423,145771
train,hcp,485,91259,145779
train,hcp,487,42915,146142
train,hcp,487,105035,146159
train,hcp,487,13787,146206
train,hcp,487,77742,146221
train,hcp,487,34997,146226
train,hcp,487,88804,146228
train,hcp,487,4231,146244
train,hcp,487,65120,146258
train,hcp,487,53471,146261
train,hcp,487,34548,146269
train,hcp,487,21692,146279
train,hcp,487,23630,146280
train,hcp,487,3126,146286
train,hcp,487,88093,146302
train,hcp,487,33703,146332
train,hcp,487,52846,146346
train,hcp,487,97707,146356
train,hcp,487,7846,146378
train,hcp,487,76847,146391
train,hcp,488,71694,146409
train,hcp,488,43186,146435
train,hcp,488,22103,146451
train,hcp,488,58809,146454
train,hcp,488,7467,146474
train,hcp,488,47851,146503
train,hcp,488,38927,146517
train,hcp,488,46973,146528
train,hcp,488,32836,146580
train,hcp,488,32631,146588
train,hcp,488,95276,146619
train,hcp,488,10630,146620
train,hcp,488,84222,146652
train,hcp,488,11108,146687
train,hcp,489,71073,146700
train,hcp,489,104253,146706
train,hcp,489,82557,146711
train,hcp,489,80111,146722
train,hcp,489,51644,146731
train,hcp,489,27867,146733
train,hcp,489,44766,146744
train,hcp,489,72077,146752
train,hcp,489,37072,146766
train,hcp,489,41819,146785
train,hcp,489,75648,146794
train,hcp,489,67853,146834
train,hcp,489,82229,146852
train,hcp,489,99970,146884
train,hcp,490,89240,147020
train,hcp,490,18354,147026
train,hcp,490,4466,147051
train,hcp,490,19965,147091
train,hcp,490,90988,147109
train,hcp,490,17150,147131
train,hcp,490,7628,147168
train,hcp,490,69173,147172
train,hcp,490,91200,147181
train,hcp,490,16800,147188
train,hcp,490,85339,147197
train,hcp,490,24962,147199
train,hcp,490,95392,147206
train,hcp,490,38287,147239
train,hcp,490,25610,147253
train,hcp,490,29230,147254
train,hcp,490,29281,147255
train,hcp,490,40110,147259
train,hcp,490,25484,147268
train,hcp,490,25844,147281
train,hcp,490,90111,147291
train,hcp,491,62935,147324
train,hcp,491,49735,147326
train,hcp,491,44852,147329
train,hcp,491,78269,147330
train,hcp,491,11280,147403
train,hcp,491,43549,147454
train,hcp,491,25698,147503
train,hcp,491,23890,147515
train,hcp,491,37501,147518
train,hcp,491,27498,147547
train,hcp,491,78362,147583
train,hcp,491,68943,147589
train,hcp,492,11981,147612
train,hcp,492,18459,147615
train,hcp,492,69196,147618
train,hcp,492,104696,147644
train,hcp,492,9108,147650
train,hcp,492,33413,147651
train,hcp,492,34809,147657
train,hcp,492,84514,147708
train,hcp,492,21701,147769
train,hcp,492,17274,147791
train,hcp,492,23170,147794
train,hcp,492,49283,147800
train,hcp,492,83530,147828
train,hcp,492,98168,147836
train,hcp,492,103597,147865
train,hcp,493,52321,147904
train,hcp,493,28926,147924
train,hcp,493,92267,147939
train,hcp,493,64176,147947
train,hcp,493,78243,147970
train,hcp,493,65695,148061
train,hcp,493,71980,148101
train,hcp,493,19260,148170
train,hcp,493,74836,148190
train,hcp,494,40267,148204
train,hcp,494,14204,148207
train,hcp,494,83941,148210
train,hcp,494,99086,148253
train,hcp,494,95237,148271
train,hcp,494,31421,148310
train,hcp,494,8041,148317
train,hcp,494,44873,148326
train,hcp,494,56000,148334
train,hcp,494,45856,148375
train,hcp,494,67937,148385
train,hcp,494,42140,148405
train,hcp,494,101384,148407
train,hcp,494,83832,148419
train,hcp,494,16043,148450
train,hcp,494,90854,148477
train,hcp,494,4513,148481
train,hcp,495,107409,148516
train,hcp,495,50209,148518
train,hcp,495,59640,148530
train,hcp,495,77802,148533
train,hcp,495,70780,148536
train,hcp,495,56012,148540
train,hcp,495,60114,148541
train,hcp,495,70481,148569
train,hcp,495,54601,148591
train,hcp,495,92288,148676
train,hcp,495,80222,148677
train,hcp,495,68935,148683
train,hcp,495,97236,148697
train,hcp,495,46044,148790
train,hcp,495,5283,148798
train,hcp,496,92775,148802
train,hcp,496,88968,148824
train,hcp,496,100043,148842
train,hcp,496,83426,148882
train,hcp,496,23840,148922
train,hcp,496,82844,148924
train,hcp,496,107848,148928
train,hcp,496,91205,148949
train,hcp,496,60162,148990
train,hcp,496,101569,149009
train,hcp,496,50018,149026
train,hcp,497,11510,149101
train,hcp,497,66138,149138
train,hcp,497,2478,149141
train,hcp,497,32013,149165
train,hcp,497,22937,149174
train,hcp,497,84685,149194
train,hcp,497,4082,149216
train,hcp,497,54070,149236
train,hcp,497,86918,149256
train,hcp,497,15277,149285
train,hcp,497,10735,149295
train,hcp,497,23970,149311
train,hcp,497,71053,149322
train,hcp,497,103674,149337
train,hcp,497,98763,149363
train,hcp,497,69201,149387
train,hcp,500,17351,150003
train,hcp,500,91004,150076
train,hcp,500,88941,150140
train,hcp,500,68986,150160
train,hcp,500,84633,150189
train,hcp,500,59366,150212
train,hcp,500,6236,150221
train,hcp,500,42805,150285
train,hcp,501,6281,150351
train,hcp,501,51031,150352
train,hcp,501,14331,150384
train,hcp,501,97470,150419
train,hcp,501,28830,150421
train,hcp,501,41675,150454
train,hcp,501,61289,150470
train,hcp,501,47499,150558
train,hcp,501,107780,150567
train,hcp,501,52625,150585
train,hcp,501,22875,150597
train,hcp,502,28033,150645
train,hcp,502,11421,150680
train,hcp,502,64206,150712
train,hcp,502,15517,150727
train,hcp,502,82764,150734
train,hcp,502,19243,150759
train,hcp,502,40014,150762
train,hcp,502,37712,150766
train,hcp,502,14175,150777
train,hcp,502,28501,150783
train,hcp,502,86461,150854
train,hcp,502,29132,150859
train,hcp,502,96593,150883
train,hcp,502,19209,150884
train,hcp,502,52394,150889
train,hcp,504,50622,151248
train,hcp,504,48535,151253
train,hcp,504,84018,151280
train,hcp,504,63214,151282
train,hcp,504,20752,151325
train,hcp,504,75436,151336
train,hcp,504,51508,151359
train,hcp,504,55602,151441
train,hcp,504,34247,151448
train,hcp,504,62328,151468
train,hcp,504,69332,151473
train,hcp,504,91857,151474
train,hcp,504,54805,151482
train,hcp,504,40632,151487
train,hcp,504,50170,151489
train,hcp,504,107187,151494
train,hcp,504,58082,151497
train,hcp,505,84729,151524
train,hcp,505,93127,151558
train,hcp,505,11001,151659
train,hcp,505,18530,151680
train,hcp,505,71565,151687
train,hcp,505,482,151756
train,hcp,505,107170,151766
train,hcp,505,81390,151779
train,hcp,506,15370,151857
train,hcp,506,31679,151858
train,hcp,506,38719,151916
train,hcp,506,104276,151955
train,hcp,506,73075,151962
train,hcp,506,78982,151972
train,hcp,506,50752,152041
train,hcp,506,17166,152048
train,hcp,506,99684,152067
train,hcp,506,84406,152093
train,hcp,507,11239,152128
train,hcp,507,1324,152132
train,hcp,507,80999,152161
train,hcp,507,60126,152162
train,hcp,507,23672,152165
train,hcp,507,14181,152166
train,hcp,507,58859,152215
train,hcp,507,98205,152245
train,hcp,507,42611,152248
train,hcp,507,66167,152251
train,hcp,507,64765,152254
train,hcp,507,79219,152287
train,hcp,507,44196,152313
train,hcp,507,79385,152337
train,hcp,507,91711,152341
train,hcp,507,89649,152342
train,hcp,507,99123,152368
train,hcp,507,38280,152371
train,hcp,507,98973,152384
train,hcp,507,100153,152396
train,hcp,508,77744,152422
train,hcp,508,49653,152440
train,hcp,508,71768,152477
train,hcp,508,55722,152505
train,hcp,508,10412,152531
train,hcp,508,98102,152558
train,hcp,508,82729,152559
train,hcp,508,64276,152561
train,hcp,508,5769,152581
train,hcp,508,102925,152585
train,hcp,508,73769,152590
train,hcp,508,81034,152606
train,hcp,508,48201,152652
train,hcp,508,73072,152663
train,hcp,510,52661,153006
train,hcp,510,53095,153026
train,hcp,510,92504,153049
train,hcp,510,45493,153077
train,hcp,510,89026,153109
train,hcp,510,84113,153120
train,hcp,510,89905,153204
train,hcp,510,76453,153219
train,hcp,510,98416,153284
train,hcp,512,26485,153630
train,hcp,512,17244,153646
train,hcp,512,25784,153647
train,hcp,512,63994,153672
train,hcp,512,87709,153687
train,hcp,512,101518,153791
train,hcp,514,107513,154237
train,hcp,514,62171,154327
train,hcp,514,17055,154342
train,hcp,514,57414,154368
train,hcp,514,58560,154377
train,hcp,514,55412,154389
train,hcp,514,14641,154393
train,hcp,514,102588,154427
train,hcp,515,87687,154513
train,hcp,515,72152,154571
train,hcp,515,13579,154584
train,hcp,515,93177,154634
train,hcp,515,18633,154643
train,hcp,515,38026,154655
train,hcp,515,49293,154669
train,hcp,515,97866,154714
train,hcp,515,8325,154724
train,hcp,515,34589,154725
train,hcp,515,95492,154730
train,hcp,515,92147,154738
train,hcp,515,13848,154759
train,hcp,515,3114,154767
train,hcp,515,1404,154773
train,hcp,516,61769,154805
train,hcp,516,89790,154806
train,hcp,516,99896,154900
train,hcp,516,36409,154967
train,hcp,516,5756,154971
train,hcp,516,20958,154981
train,hcp,516,23832,155026
train,hcp,516,39907,155034
train,hcp,516,27160,155049
train,hcp,516,42723,155090
train,hcp,516,16254,155091
train,hcp,518,99734,155420
train,hcp,518,71912,155423
train,hcp,518,5824,155429
train,hcp,518,11541,155478
train,hcp,518,80012,155488
train,hcp,518,63630,155502
train,hcp,518,48725,155508
train,hcp,518,104767,155511
train,hcp,518,41152,155519
train,hcp,518,71036,155556
train,hcp,518,7845,155590
train,hcp,518,31084,155602
train,hcp,518,52555,155626
train,hcp,518,35549,155658
train,hcp,518,98777,155660
train,hcp,519,15586,155726
train,hcp,519,42503,155729
train,hcp,519,79272,155762
train,hcp,519,94269,155783
train,hcp,519,34651,155845
train,hcp,519,77570,155927
train,hcp,519,107205,155958
train,hcp,519,97270,155971
train,hcp,520,74777,156011
train,hcp,520,100462,156019
train,hcp,520,55997,156027
train,hcp,520,23139,156118
train,hcp,520,45845,156121
train,hcp,520,87246,156123
train,hcp,520,87744,156128
train,hcp,520,68114,156140
train,hcp,520,16314,156168
train,hcp,520,70636,156200
train,hcp,520,89399,156219
train,hcp,520,73866,156228
train,hcp,520,30454,156237
train,hcp,520,95259,156260
train,hcp,520,65385,156294
train,hcp,520,105978,156297
train,hcp,522,29978,156605
train,hcp,522,97037,156625
train,hcp,522,66695,156627
train,hcp,522,9245,156629
train,hcp,522,105021,156632
train,hcp,522,57083,156641
train,hcp,522,39497,156644
train,hcp,522,76492,156699
train,hcp,522,83483,156721
train,hcp,522,30970,156790
train,hcp,522,2965,156806
train,hcp,522,65840,156814
train,hcp,522,59717,156824
train,hcp,522,85923,156836
train,hcp,522,98460,156840
train,hcp,522,64828,156841
train,hcp,522,75387,156857
train,hcp,522,45202,156882
train,hcp,522,87621,156884
train,hcp,522,61611,156895
train,hcp,523,40332,156900
train,hcp,523,6507,156901
train,hcp,523,23162,156904
train,hcp,523,14326,156905
train,hcp,523,21701,156917
train,hcp,523,107905,156925
train,hcp,523,68526,156928
train,hcp,523,61545,156942
train,hcp,523,34225,157141
train,hcp,523,68664,157164
train,hcp,523,63601,157178
train,hcp,523,51145,157182
train,hcp,526,80134,157826
train,hcp,526,826,157831
train,hcp,526,104759,157838
train,hcp,526,14479,157839
train,hcp,526,25706,157857
train,hcp,526,52136,157874
train,hcp,526,11291,157881
train,hcp,526,107008,157889
train,hcp,526,62720,157915
train,hcp,526,63714,157959
train,hcp,526,66292,157960
train,hcp,526,20541,157973
train,hcp,526,23227,157974
train,hcp,526,24689,158055
train,hcp,526,3011,158061
train,hcp,526,74010,158062
train,hcp,526,90510,158069
train,hcp,526,42889,158095
train,hcp,527,78274,158115
train,hcp,527,34401,158119
train,hcp,527,68190,158156
train,hcp,527,60364,158158
train,hcp,527,107685,158160
train,hcp,527,107931,158175
train,hcp,527,17166,158177
train,hcp,527,92355,158187
train,hcp,527,73446,158194
train,hcp,527,55933,158209
train,hcp,527,99954,158222
train,hcp,527,88888,158245
train,hcp,527,30319,158248
train,hcp,527,49384,158264
train,hcp,527,161,158279
train,hcp,527,15189,158289
train,hcp,528,3946,158404
train,hcp,528,13662,158421
train,hcp,528,88822,158424
train,hcp,528,71518,158461
train,hcp,528,102588,158477
train,hcp,528,1097,158482
train,hcp,528,66776,158519
train,hcp,528,11287,158541
train,hcp,528,53007,158552
train,hcp,528,46973,158561
train,hcp,528,19318,158623
train,hcp,530,54491,159022
train,hcp,530,71460,159042
train,hcp,530,63155,159063
train,hcp,530,39328,159133
train,hcp,530,75804,159141
train,hcp,530,65513,159142
train,hcp,530,13169,159175
train,hcp,530,52881,159184
train,hcp,530,41069,159185
train,hcp,530,9648,159216
train,hcp,530,43009,159259
train,hcp,530,54996,159262
train,hcp,530,19245,159299
train,hcp,531,102831,159308
train,hcp,531,30163,159341
train,hcp,531,5541,159343
train,hcp,531,57340,159359
train,hcp,531,2467,159368
train,hcp,531,24692,159380
train,hcp,531,42192,159382
train,hcp,531,40279,159394
train,hcp,531,797,159413
train,hcp,531,24845,159464
train,hcp,531,68334,159475
train,hcp,531,80935,159482
train,hcp,531,42230,159489
train,hcp,531,73778,159500
train,hcp,531,73037,159547
train,hcp,531,63574,159558
train,hcp,532,3001,159623
train,hcp,532,90532,159678
train,hcp,532,30625,159719
train,hcp,532,5949,159748
train,hcp,532,104373,159763
train,hcp,532,68479,159818
train,hcp,532,71703,159827
train,hcp,532,86790,159834
train,hcp,532,8780,159840
train,hcp,532,86656,159870
train,hcp,532,89469,159876
train,hcp,532,54395,159879
train,hcp,533,98151,159906
train,hcp,533,18457,159952
train,hcp,533,13546,159982
train,hcp,533,100665,160006
train,hcp,533,106157,160019
train,hcp,533,106973,160025
train,hcp,533,68452,160030
train,hcp,533,49007,160040
train,hcp,533,45472,160051
train,hcp,533,52658,160054
train,hcp,533,12163,160055
train,hcp,533,38006,160064
train,hcp,533,23959,160066
train,hcp,533,74777,160071
train,hcp,534,54913,160203
train,hcp,534,22954,160222
train,hcp,534,87919,160242
train,hcp,534,3362,160245
train,hcp,534,87758,160264
train,hcp,534,16627,160277
train,hcp,534,45491,160283
train,hcp,534,7139,160284
train,hcp,534,31688,160345
train,hcp,534,62134,160366
train,hcp,534,13168,160367
train,hcp,534,73244,160408
train,hcp,534,34153,160419
train,hcp,534,75986,160426
train,hcp,534,28949,160435
train,hcp,534,49802,160446
train,hcp,534,40046,160448
train,hcp,534,9156,160471
train,hcp,534,104095,160477
train,hcp,534,34924,160491
train,hcp,535,5539,160556
train,hcp,535,90236,160583
train,hcp,535,61943,160609
train,hcp,535,103775,160660
train,hcp,535,88234,160666
train,hcp,535,83179,160677
train,hcp,535,55225,160690
train,hcp,535,98941,160736
train,hcp,535,95505,160738
train,hcp,535,34122,160739
train,hcp,535,23061,160745
train,hcp,535,30627,160769
train,hcp,535,61029,160771
train,hcp,536,40491,160814
train,hcp,536,76329,160864
train,hcp,536,15994,160881
train,hcp,536,98920,160887
train,hcp,536,99084,160892
train,hcp,536,106974,160899
train,hcp,536,26901,160915
train,hcp,536,47468,160938
train,hcp,536,29305,160967
train,hcp,536,96033,161002
train,hcp,536,47703,161009
train,hcp,536,13674,161014
train,hcp,536,758,161018
train,hcp,536,54630,161036
train,hcp,536,26207,161044
train,hcp,538,74641,161401
train,hcp,538,52621,161411
train,hcp,538,79382,161492
train,hcp,538,18181,161508
train,hcp,538,20799,161551
train,hcp,538,55779,161561
train,hcp,538,64993,161565
train,hcp,538,59978,161608
train,hcp,538,94840,161612
train,hcp,538,6377,161624
train,hcp,538,99739,161669
train,hcp,538,48705,161689
train,hcp,539,25189,161726
train,hcp,539,20924,161740
train,hcp,539,19478,161768
train,hcp,539,106285,161775
train,hcp,539,41081,161780
train,hcp,539,12863,161797
train,hcp,539,60534,161823
train,hcp,539,63450,161835
train,hcp,539,11536,161845
train,hcp,539,8957,161848
train,hcp,539,33443,161871
train,hcp,539,40030,161890
train,hcp,539,23501,161904
train,hcp,539,29496,161915
train,hcp,539,36226,161937
train,hcp,539,44267,161952
train,hcp,539,13657,161959
train,hcp,539,32200,161979
train,hcp,539,41002,161981
train,hcp,539,104174,161997
train,hcp,540,103033,162051
train,hcp,540,47110,162081
train,hcp,540,37930,162123
train,hcp,540,12527,162159
train,hcp,540,4142,162177
train,hcp,540,41799,162181
train,hcp,540,103123,162192
train,hcp,540,103933,162206
train,hcp,540,14288,162237
train,hcp,540,27902,162299
train,hcp,541,68033,162329
train,hcp,541,68043,162356
train,hcp,541,2180,162372
train,hcp,541,38139,162386
train,hcp,541,26424,162418
train,hcp,541,102344,162456
train,hcp,541,35110,162466
train,hcp,541,84482,162472
train,hcp,541,73969,162487
train,hcp,541,98650,162530
train,hcp,543,85780,162931
train,hcp,543,98651,162952
train,hcp,543,654,162967
train,hcp,543,18845,163037
train,hcp,543,6514,163058
train,hcp,543,90658,163104
train,hcp,543,73064,163116
train,hcp,543,17245,163125
train,hcp,543,83761,163134
train,hcp,543,105287,163155
train,hcp,543,13676,163192
train,hcp,544,10021,163296
train,hcp,544,83029,163309
train,hcp,544,32056,163310
train,hcp,544,48874,163311
train,hcp,544,49313,163316
train,hcp,544,67531,163323
train,hcp,544,8229,163325
train,hcp,544,54968,163349
train,hcp,544,91492,163386
train,hcp,544,107213,163408
train,hcp,544,35528,163410
train,hcp,544,96800,163426
train,hcp,544,19818,163447
train,hcp,544,106884,163458
train,hcp,544,100987,163471
train,hcp,549,53055,164708
train,hcp,549,26187,164744
train,hcp,549,4052,164750
train,hcp,549,97736,164815
train,hcp,549,22649,164824
train,hcp,549,66222,164835
train,hcp,549,49322,164921
train,hcp,549,98838,164928
train,hcp,549,88228,164935
train,hcp,549,91029,164938
train,hcp,549,13318,164946
train,hcp,549,88377,164974
train,hcp,550,7273,165007
train,hcp,550,96890,165060
train,hcp,550,61455,165065
train,hcp,550,91518,165100
train,hcp,550,7773,165102
train,hcp,550,74806,165163
train,hcp,550,73653,165189
train,hcp,550,29374,165218
train,hcp,550,51059,165222
train,hcp,550,15550,165237
train,hcp,550,34292,165285
train,hcp,551,103924,165320
train,hcp,551,80231,165333
train,hcp,551,90083,165343
train,hcp,551,49943,165393
train,hcp,551,19953,165407
train,hcp,551,20209,165411
train,hcp,551,69329,165418
train,hcp,551,100731,165444
train,hcp,551,22410,165446
train,hcp,551,94227,165454
train,hcp,551,55622,165486
train,hcp,551,58586,165498
train,hcp,551,40047,165535
train,hcp,551,39457,165536
train,hcp,551,8261,165541
train,hcp,551,58810,165555
train,hcp,552,7399,165613
train,hcp,552,100199,165615
train,hcp,552,11092,165626
train,hcp,552,90289,165668
train,hcp,552,105399,165683
train,hcp,552,89711,165695
train,hcp,552,85248,165703
train,hcp,552,105624,165704
train,hcp,552,51140,165721
train,hcp,552,16969,165751
train,hcp,552,1694,165767
train,hcp,552,12392,165785
train,hcp,552,7131,165796
train,hcp,552,32840,165815
train,hcp,552,79322,165821
train,hcp,552,66888,165870
train,hcp,553,106765,165913
train,hcp,553,63884,165936
train,hcp,553,3664,165972
train,hcp,553,78702,165998
train,hcp,553,12434,166003
train,hcp,553,88259,166071
train,hcp,553,91842,166092
train,hcp,553,17954,166115
train,hcp,554,44684,166206
train,hcp,554,105091,166227
train,hcp,554,60776,166232
train,hcp,554,40077,166239
train,hcp,554,5092,166244
train,hcp,554,23484,166264
train,hcp,554,68003,166269
train,hcp,554,69777,166283
train,hcp,554,28177,166286
train,hcp,554,10564,166321
train,hcp,554,18087,166331
train,hcp,554,99871,166352
train,hcp,554,101829,166364
train,hcp,554,102138,166379
train,hcp,554,42889,166413
train,hcp,554,50518,166419
train,hcp,554,47865,166465
train,hcp,554,69869,166498
train,hcp,555,29737,166536
train,hcp,555,104261,166585
train,hcp,555,17934,166629
train,hcp,555,2297,166650
train,hcp,555,86163,166653
train,hcp,555,87671,166655
train,hcp,555,77862,166658
train,hcp,555,55499,166671
train,hcp,555,95870,166724
train,hcp,555,89110,166754
train,hcp,555,76749,166775
train,hcp,555,22303,166780
train,hcp,556,52879,166810
train,hcp,556,17225,166832
train,hcp,556,59724,166843
train,hcp,556,78393,166909
train,hcp,556,26574,166919
train,hcp,556,28887,166950
train,hcp,556,8677,166975
train,hcp,556,12601,167010
train,hcp,556,44730,167094
train,hcp,558,104067,167444
train,hcp,558,39630,167485
train,hcp,558,75653,167519
train,hcp,558,72207,167523
train,hcp,558,50970,167527
train,hcp,558,28882,167532
train,hcp,558,84265,167555
train,hcp,558,68051,167563
train,hcp,558,26216,167567
train,hcp,558,25420,167578
train,hcp,558,14688,167607
train,hcp,558,47944,167616
train,hcp,558,12598,167630
train,hcp,558,16465,167668
train,hcp,558,89391,167670
train,hcp,558,27400,167671
train,hcp,559,100112,167700
train,hcp,559,101637,167794
train,hcp,559,95585,167921
train,hcp,559,64560,167931
train,hcp,559,63650,167948
train,hcp,559,73005,167958
train,hcp,559,99318,167983
train,hcp,560,46504,168009
train,hcp,560,91871,168013
train,hcp,560,37287,168023
train,hcp,560,58798,168032
train,hcp,560,30842,168084
train,hcp,560,22439,168087
train,hcp,560,102592,168101
train,hcp,560,85762,168117
train,hcp,560,10048,168120
train,hcp,560,102789,168145
train,hcp,560,64631,168195
train,hcp,560,37193,168198
train,hcp,560,100138,168209
train,hcp,560,17835,168214
train,hcp,560,11321,168216
train,hcp,560,32323,168232
train,hcp,560,93384,168238
train,hcp,560,33810,168239
train,hcp,560,31532,168241
train,hcp,560,87761,168260
train,hcp,560,46974,168267
train,hcp,562,65252,168668
train,hcp,562,33972,168674
train,hcp,562,22272,168687
train,hcp,562,13180,168727
train,hcp,562,93112,168762
train,hcp,562,17472,168768
train,hcp,562,33164,168785
train,hcp,562,84356,168807
train,hcp,562,58319,168821
train,hcp,562,15189,168824
train,hcp,562,32893,168871
train,hcp,563,64651,168915
train,hcp,563,78423,168927
train,hcp,563,105868,168928
train,hcp,563,23695,168964
train,hcp,563,75571,168968
train,hcp,563,11662,168974
train,hcp,563,107849,168984
train,hcp,563,81497,168989
train,hcp,563,103937,168995
train,hcp,563,103138,169005
train,hcp,563,73103,169015
train,hcp,563,35071,169036
train,hcp,563,22976,169084
train,hcp,563,105541,169177
train,hcp,563,35252,169187
train,hcp,564,72677,169256
train,hcp,564,55388,169310
train,hcp,564,13126,169333
train,hcp,564,46428,169341
train,hcp,564,93556,169373
train,hcp,564,84767,169417
train,hcp,564,82976,169457
train,hcp,565,106562,169506
train,hcp,565,75263,169559
train,hcp,565,103964,169560
train,hcp,565,21912,169565
train,hcp,565,98846,169584
train,hcp,565,35564,169604
train,hcp,565,26785,169610
train,hcp,565,95604,169629
train,hcp,565,74861,169692
train,hcp,565,41635,169794
train,hcp,567,13182,170115
train,hcp,567,107366,170176
train,hcp,567,60614,170217
train,hcp,567,106589,170250
train,hcp,567,67349,170279
train,hcp,567,57655,170306
train,hcp,567,93890,170332
train,hcp,569,27541,170727
train,hcp,569,51532,170729
train,hcp,569,14692,170739
train,hcp,569,30106,170753
train,hcp,569,60603,170788
train,hcp,569,62810,170797
train,hcp,569,38357,170824
train,hcp,569,58625,170834
train,hcp,569,16767,170872
train,hcp,569,55274,170900
train,hcp,569,13009,170903
train,hcp,569,83000,170935
train,hcp,569,29643,170946
train,hcp,569,37953,170966
train,hcp,569,5388,170976
train,hcp,569,77953,170983
train,hcp,572,44236,171669
train,hcp,572,19976,171689
train,hcp,572,6241,171698
train,hcp,572,46323,171711
train,hcp,572,65555,171739
train,hcp,572,51215,171747
train,hcp,572,53580,171751
train,hcp,572,55137,171754
train,hcp,572,41943,171796
train,hcp,572,97000,171866
train,hcp,572,12003,171869
train,hcp,572,65357,171891
train,hcp,573,40330,171918
train,hcp,573,70898,171971
train,hcp,573,99139,171975
train,hcp,573,50994,171999
train,hcp,573,31366,172001
train,hcp,573,94789,172003
train,hcp,573,85319,172022
train,hcp,573,84510,172038
train,hcp,573,36782,172042
train,hcp,573,91312,172093
train,hcp,573,96928,172148
train,hcp,573,92854,172191
train,hcp,573,5545,172196
train,hcp,574,75054,172211
train,hcp,574,53057,172241
train,hcp,574,15559,172297
train,hcp,574,42040,172302
train,hcp,574,42008,172304
train,hcp,574,102511,172327
train,hcp,574,7052,172333
train,hcp,574,30583,172338
train,hcp,574,4816,172348
train,hcp,574,59166,172367
train,hcp,574,29343,172379
train,hcp,574,83132,172391
train,hcp,574,87579,172392
train,hcp,574,31477,172414
train,hcp,574,87417,172426
train,hcp,574,69595,172428
train,hcp,574,805,172445
train,hcp,574,76208,172452
train,hcp,574,3710,172489
train,hcp,574,43320,172498
train,hcp,575,86802,172603
train,hcp,575,34470,172613
train,hcp,575,93494,172615
train,hcp,575,52656,172617
train,hcp,575,23403,172619
train,hcp,575,34041,172622
train,hcp,575,61469,172628
train,hcp,575,91162,172672
train,hcp,575,70016,172700
train,hcp,575,29492,172744
train,hcp,576,38576,172816
train,hcp,576,23773,172819
train,hcp,576,5588,172829
train,hcp,576,70501,172831
train,hcp,576,9121,172838
train,hcp,576,3047,172849
train,hcp,576,58180,172860
train,hcp,576,32091,172864
train,hcp,576,44936,172877
train,hcp,576,12254,172879
train,hcp,576,10432,172890
train,hcp,576,78949,172910
train,hcp,576,86215,172965
train,hcp,576,44024,172973
train,hcp,576,13238,172998
train,hcp,576,19603,173011
train,hcp,576,11550,173017
train,hcp,576,43645,173030
train,hcp,576,104923,173045
train,hcp,576,80218,173061
train,hcp,576,11815,173072
train,hcp,576,92950,173084
train,hcp,577,36390,173116
train,hcp,577,54984,173152
train,hcp,577,56343,173297
train,hcp,577,82102,173332
train,hcp,577,92507,173354
train,hcp,577,40111,173385
train,hcp,577,94462,173387
train,hcp,577,38613,173393
train,hcp,579,59885,173720
train,hcp,579,82419,173782
train,hcp,579,3649,173865
train,hcp,579,73950,173879
train,hcp,579,26119,173888
train,hcp,579,49541,173904
train,hcp,579,56614,173917
train,hcp,579,17239,173926
train,hcp,579,93856,173965
train,hcp,579,78760,173978
train,hcp,580,43655,174001
train,hcp,580,20902,174026
train,hcp,580,45469,174027
train,hcp,580,73141,174072
train,hcp,580,86223,174076
train,hcp,580,65060,174116
train,hcp,580,98115,174119
train,hcp,580,24496,174166
train,hcp,580,66862,174171
train,hcp,580,75234,174177
train,hcp,580,71065,174203
train,hcp,580,21876,174223
train,hcp,580,4232,174225
train,hcp,580,43313,174293
train,hcp,581,95091,174328
train,hcp,581,79923,174343
train,hcp,581,80387,174390
train,hcp,581,25616,174416
train,hcp,581,16243,174438
train,hcp,581,37385,174447
train,hcp,581,33082,174452
train,hcp,581,75869,174492
train,hcp,581,66765,174502
train,hcp,581,83185,174503
train,hcp,581,100905,174530
train,hcp,581,125,174533
train,hcp,581,16407,174551
train,hcp,582,56710,174604
train,hcp,582,74969,174640
train,hcp,582,88214,174699
train,hcp,582,98005,174702
train,hcp,582,24917,174736
train,hcp,582,15383,174755
train,hcp,582,88859,174763
train,hcp,582,17922,174777
train,hcp,582,96914,174807
train,hcp,582,71597,174810
train,hcp,582,58886,174846
train,hcp,582,24589,174851
train,hcp,582,95036,174854
train,hcp,582,48002,174876
train,hcp,582,69659,174880
train,hcp,583,30417,174954
train,hcp,583,28791,174977
train,hcp,583,104969,174988
train,hcp,583,15949,174999
train,hcp,583,104453,175033
train,hcp,583,12029,175036
train,hcp,583,107711,175074
train,hcp,583,60371,175077
train,hcp,583,42844,175080
train,hcp,583,53042,175090
train,hcp,583,82996,175092
train,hcp,583,72918,175121
train,hcp,583,11412,175133
train,hcp,583,56657,175135
train,hcp,583,70655,175137
train,hcp,583,76280,175178
train,hcp,583,53194,175179
train,hcp,583,37545,175198
train,hcp,584,90208,175230
train,hcp,584,28644,175240
train,hcp,584,27287,175261
train,hcp,584,54492,175278
train,hcp,584,52156,175301
train,hcp,584,81551,175313
train,hcp,584,100092,175319
train,hcp,584,103555,175327
train,hcp,584,62145,175334
train,hcp,584,91383,175344
train,hcp,584,105145,175360
train,hcp,584,89024,175365
train,hcp,584,86426,175390
train,hcp,584,59522,175394
train,hcp,584,91042,175425
train,hcp,584,67809,175433
train,hcp,584,7635,175442
train,hcp,584,92965,175445
train,hcp,584,52361,175450
train,hcp,584,87963,175451
train,hcp,585,100307,175501
train,hcp,585,104498,175510
train,hcp,585,57651,175522
train,hcp,585,65915,175531
train,hcp,585,45145,175548
train,hcp,585,95266,175559
train,hcp,585,28401,175602
train,hcp,585,73820,175624
train,hcp,585,48977,175640
train,hcp,585,91489,175641
train,hcp,585,10641,175662
train,hcp,585,2465,175685
train,hcp,585,30279,175692
train,hcp,585,14338,175706
train,hcp,585,103114,175707
train,hcp,585,79344,175722
train,hcp,585,90005,175749
train,hcp,585,95721,175758
train,hcp,586,45240,175832
train,hcp,586,95733,175882
train,hcp,586,27915,175908
train,hcp,586,107986,175924
train,hcp,586,70532,175930
train,hcp,586,22860,175999
train,hcp,586,28225,176015
train,hcp,586,74624,176059
train,hcp,587,94056,176116
train,hcp,587,100880,176134
train,hcp,587,75010,176163
train,hcp,587,91231,176170
train,hcp,587,56097,176198
train,hcp,587,58054,176261
train,hcp,587,99971,176267
train,hcp,587,61590,176271
train,hcp,587,24139,176273
train,hcp,587,56167,176311
train,hcp,587,9568,176325
train,hcp,587,11259,176380
train,hcp,587,57088,176390
train,hcp,587,41445,176393
train,hcp,588,81286,176412
train,hcp,588,81656,176433
train,hcp,588,63542,176468
train,hcp,588,55961,176483
train,hcp,588,105431,176495
train,hcp,588,59755,176498
train,hcp,588,95647,176517
train,hcp,588,47017,176548
train,hcp,588,40391,176552
train,hcp,588,107819,176581
train,hcp,588,20763,176588
train,hcp,588,65695,176610
train,hcp,588,214,176619
train,hcp,588,18982,176636
train,hcp,588,9736,176645
train,hcp,588,6280,176678
train,hcp,589,76122,176746
train,hcp,589,25354,176776
train,hcp,589,11979,176788
train,hcp,589,26700,176811
train,hcp,589,97464,176842
train,hcp,589,74303,176894
train,hcp,589,30418,176905
train,hcp,589,102498,176934
train,hcp,589,85286,176951
train,hcp,589,50113,176969
train,hcp,590,63544,177018
train,hcp,590,73877,177066
train,hcp,590,1184,177067
train,hcp,590,3664,177094
train,hcp,590,13985,177100
train,hcp,590,69725,177121
train,hcp,590,66823,177142
train,hcp,590,33155,177146
train,hcp,590,86036,177251
train,hcp,590,74780,177272
train,hcp,590,24481,177277
train,hcp,590,70581,177285
train,hcp,590,82304,177293
train,hcp,591,29616,177315
train,hcp,591,72526,177330
train,hcp,591,38292,177364
train,hcp,591,91125,177375
train,hcp,591,7266,177400
train,hcp,591,93073,177419
train,hcp,591,105431,177430
train,hcp,591,47928,177442
train,hcp,591,92924,177461
train,hcp,591,19196,177469
train,hcp,591,79697,177499
train,hcp,591,14354,177507
train,hcp,591,68347,177514
train,hcp,591,79526,177522
train,hcp,591,40721,177545
train,hcp,591,20619,177547
train,hcp,591,71018,177568
train,hcp,591,37878,177572
train,hcp,592,90220,177602
train,hcp,592,94721,177627
train,hcp,592,23917,177674
train,hcp,592,24947,177682
train,hcp,592,43358,177684
train,hcp,592,49531,177695
train,hcp,592,78982,177717
train,hcp,592,70860,177763
train,hcp,592,43117,177775
train,hcp,592,24439,177810
train,hcp,592,22210,177814
train,hcp,592,94550,177815
train,hcp,592,51220,177843
train,hcp,593,23936,177916
train,hcp,593,95301,177922
train,hcp,593,31723,177962
train,hcp,593,10490,177965
train,hcp,593,61325,177978
train,hcp,593,19033,177980
train,hcp,593,34558,177982
train,hcp,593,81340,178002
train,hcp,593,36772,178015
train,hcp,593,7300,178075
train,hcp,593,30840,178089
train,hcp,593,28500,178107
train,hcp,593,22031,178136
train,hcp,593,49607,178156
train,hcp,593,68128,178176
train,hcp,594,50169,178202
train,hcp,594,1705,178203
train,hcp,594,58590,178220
train,hcp,594,83492,178241
train,hcp,594,22123,178253
train,hcp,594,3602,178257
train,hcp,594,102428,178258
train,hcp,594,44217,178272
train,hcp,594,62644,178286
train,hcp,594,23595,178318
train,hcp,594,55929,178320
train,hcp,594,38363,178345
train,hcp,594,65576,178361
train,hcp,594,70324,178398
train,hcp,594,106017,178403
train,hcp,594,99925,178467
train,hcp,594,82140,178469
train,hcp,594,97668,178477
train,hcp,595,48456,178512
train,hcp,595,20143,178513
train,hcp,595,80589,178523
train,hcp,595,6941,178536
train,hcp,595,39182,178560
train,hcp,595,24406,178595
train,hcp,595,16117,178609
train,hcp,595,75861,178623
train,hcp,595,15035,178627
train,hcp,595,33608,178658
train,hcp,595,39654,178659
train,hcp,595,5625,178668
train,hcp,595,79961,178698
train,hcp,595,97552,178703
train,hcp,595,95696,178719
train,hcp,595,105039,178730
train,hcp,595,71288,178745
train,hcp,595,20113,178747
train,hcp,595,81222,178752
train,hcp,595,67987,178767
train,hcp,595,94934,178771
train,hcp,595,97802,178791
train,hcp,597,17936,179103
train,hcp,597,91594,179116
train,hcp,597,60030,179172
train,hcp,597,2991,179176
train,hcp,597,63684,179179
train,hcp,597,41142,179209
train,hcp,597,50776,179217
train,hcp,597,77270,179218
train,hcp,597,81423,179225
train,hcp,597,3851,179229
train,hcp,597,39979,179247
train,hcp,597,89588,179269
train,hcp,597,22749,179306
train,hcp,597,94756,179310
train,hcp,597,59470,179328
train,hcp,597,29467,179339
train,hcp,597,33497,179360
train,hcp,597,55242,179378
train,hcp,597,69501,179398
train,hcp,598,52771,179406
train,hcp,598,20993,179431
train,hcp,598,13349,179447
train,hcp,598,95093,179483
train,hcp,598,30619,179488
train,hcp,598,80841,179496
train,hcp,598,80071,179504
train,hcp,598,40019,179508
train,hcp,598,17358,179510
train,hcp,598,64754,179549
train,hcp,598,20002,179623
train,hcp,598,11300,179633
train,hcp,598,1732,179639
train,hcp,598,48420,179654
train,hcp,598,15080,179681
train,hcp,598,6482,179683
train,liquid,0,63200,33
train,liquid,0,106752,46
train,liquid,0,371,52
train,liquid,0,5409,67
train,liquid,0,56611,74
train,liquid,0,62721,76
train,liquid,0,92640,92
train,liquid,0,101138,105
train,liquid,0,60928,106
train,liquid,0,99575,113
train,liquid,0,24991,119
train,liquid,0,106099,123
train,liquid,0,22557,129
train,liquid,0,310,138
train,liquid,0,4391,139
train,liquid,0,42356,154
train,liquid,0,8507,156
train,liquid,0,51835,158
train,liquid,0,54819,174
train,liquid,0,43630,176
train,liquid,0,66310,180
train,liquid,0,20517,182
train,liquid,0,9344,204
train,liquid,0,50487,216
train,liquid,0,68655,219
train,liquid,0,16163,253
train,liquid,0,13234,256
train,liquid,0,36668,260
train,liquid,0,15577,265
train,liquid,0,93907,269
train,liquid,0,21505,283
train,liquid,0,25095,288
train,liquid,1,7733,317
train,liquid,1,11310,321
train,liquid,1,88835,322
train,liquid,1,53596,335
train,liquid,1,5106,344
train,liquid,1,13664,352
train,liquid,1,77465,359
train,liquid,1,99464,372
train,liquid,1,14966,392
train,liquid,1,9214,405
train,liquid,1,44969,410
train,liquid,1,74209,433
train,liquid,1,34439,489
train,liquid,1,58762,492
train,liquid,1,105084,493
train,liquid,1,90350,496
train,liquid,1,79075,518
train,liquid,1,77394,530
train,liquid,1,78674,532
train,liquid,1,11257,534
train,liquid,1,96571,549
train,liquid,1,4468,566
train,liquid,1,79175,569
train,liquid,1,59303,572
train,liquid,2,44219,625
train,liquid,2,105099,627
train,liquid,2,66253,635
train,liquid,2,90676,661
train,liquid,2,95019,671
train,liquid,2,2854,691
train,liquid,2,25131,695
train,liquid,2,41796,700
train,liquid,2,62834,721
train,liquid,2,77820,724
train,liquid,2,4365,738
train,liquid,2,102718,741
train,liquid,2,90169,763
train,liquid,2,30789,768
train,liquid,2,30881,769
train,liquid,2,56495,781
train,liquid,2,30434,782
train,liquid,2,16888,785
train,liquid,2,39308,796
train,liquid,2,17194,798
train,liquid,2,17651,801
train,liquid,2,101439,802
train,liquid,2,98037,815
train,liquid,2,50512,818
train,liquid,2,103574,822
train,liquid,2,75284,834
train,liquid,2,106190,839
train,liquid,2,57327,846
train,liquid,2,42702,891
train,liquid,3,56087,902
train,liquid,3,34099,925
train,liquid,3,83676,946
train,liquid,3,96582,956
train,liquid,3,85607,974
train,liquid,3,21859,975
train,liquid,3,47061,1016
train,liquid,3,58645,1028
train,liquid,3,98102,1063
train,liquid,3,102447,1068
train,liquid,3,37538,1082
train,liquid,3,77655,1088
train,liquid,3,70050,1106
train,liquid,3,61768,1109
train,liquid,3,74149,1111
train,liquid,3,23948,1121
train,liquid,3,55183,1137
train,liquid,3,48318,1164
train,liquid,3,44457,1169
train,liquid,3,91294,1179
train,liquid,3,35923,1191
train,liquid,3,13679,1196
train,liquid,4,21059,1210
train,liquid,4,90101,1219
train,liquid,4,87800,1230
train,liquid,4,24908,1239
train,liquid,4,4198,1279
train,liquid,4,1830,1284
train,liquid,4,70668,1288
train,liquid,4,41292,1289
train,liquid,4,12747,1293
train,liquid,4,30517,1317
train,liquid,4,74676,1319
train,liquid,4,94034,1321
train,liquid,4,2780,1341
train,liquid,4,7244,1349
train,liquid,4,58355,1362
train,liquid,4,24344,1367
train,liquid,4,12214,1384
train,liquid,4,105338,1395
train,liquid,4,42971,1404
train,liquid,4,32625,1408
train,liquid,4,95457,1412
train,liquid,4,20428,1425
train,liquid,4,52422,1431
train,liquid,4,76050,1434
train,liquid,4,36095,1449
train,liquid,4,83767,1459
train,liquid,4,106592,1463
train,liquid,4,50585,1466
train,liquid,4,46963,1471
train,liquid,4,44434,1488
train,liquid,4,49183,1494
train,liquid,4,40063,1495
train,liquid,5,81552,1506
train,liquid,5,20815,1515
train,liquid,5,106684,1517
train,liquid,5,93233,1518
train,liquid,5,49617,1526
train,liquid,5,52024,1534
train,liquid,5,7253,1535
train,liquid,5,61020,1537
train,liquid,5,77569,1540
train,liquid,5,52602,1546
train,liquid,5,98235,1578
train,liquid,5,52726,1592
train,liquid,5,37305,1593
train,liquid,5,3661,1614
train,liquid,5,72696,1620
train,liquid,5,33167,1646
train,liquid,5,33249,1660
train,liquid,5,64752,1685
train,liquid,5,25269,1688
train,liquid,5,91351,1698
train,liquid,5,37537,1702
train,liquid,5,78662,1705
train,liquid,5,97519,1719
train,liquid,5,73916,1723
train,liquid,5,78315,1726
train,liquid,5,45282,1737
train,liquid,5,12089,1745
train,liquid,5,71558,1755
train,liquid,5,22040,1761
train,liquid,5,4450,1770
train,liquid,5,34817,1781
train,liquid,5,72973,1783
train,liquid,5,661,1789
train,liquid,6,73659,1814
train,liquid,6,27030,1830
train,liquid,6,2091,1833
train,liquid,6,19287,1849
train,liquid,6,69703,1852
train,liquid,6,45791,1880
train,liquid,6,53050,1886
train,liquid,6,102949,1890
train,liquid,6,28307,1894
train,liquid,6,100799,1896
train,liquid,6,69450,1911
train,liquid,6,5177,1923
train,liquid,6,79923,1966
train,liquid,6,29990,1970
train,liquid,6,55764,1993
train,liquid,6,98764,2014
train,liquid,6,106061,2025
train,liquid,6,84219,2029
train,liquid,6,25015,2038
train,liquid,6,88654,2046
train,liquid,6,105519,2053
train,liquid,6,89002,2099
train,liquid,8,56560,2406
train,liquid,8,67343,2411
train,liquid,8,94298,2412
train,liquid,8,67421,2443
train,liquid,8,45624,2478
train,liquid,8,26458,2493
train,liquid,8,50946,2496
train,liquid,8,7321,2501
train,liquid,8,49057,2507
train,liquid,8,47574,2510
train,liquid,8,15309,2513
train,liquid,8,72241,2515
train,liquid,8,107239,2527
train,liquid,8,11289,2536
train,liquid,8,87993,2543
train,liquid,8,22599,2547
train,liquid,8,85002,2561
train,liquid,8,40387,2604
train,liquid,8,81996,2637
train,liquid,8,68860,2655
train,liquid,8,68927,2665
train,liquid,8,56235,2683
train,liquid,8,54084,2690
train,liquid,10,79871,3012
train,liquid,10,14956,3016
train,liquid,10,88235,3023
train,liquid,10,33116,3036
train,liquid,10,92695,3042
train,liquid,10,57022,3043
train,liquid,10,68560,3045
train,liquid,10,83256,3064
train,liquid,10,32644,3074
train,liquid,10,66602,3085
train,liquid,10,14742,3088
train,liquid,10,12276,3098
train,liquid,10,27871,3112
train,liquid,10,59891,3115
train,liquid,10,32456,3142
train,liquid,10,10175,3159
train,liquid,10,73330,3176
train,liquid,10,97985,3183
train,liquid,10,5197,3193
train,liquid,10,67850,3203
train,liquid,10,39273,3215
train,liquid,10,84577,3236
train,liquid,10,86074,3253
train,liquid,10,59119,3273
train,liquid,10,20814,3282
train,liquid,10,19370,3286
train,liquid,11,5714,3300
train,liquid,11,3808,3316
train,liquid,11,97513,3327
train,liquid,11,99099,3336
train,liquid,11,77876,3337
train,liquid,11,16458,3354
train,liquid,11,24527,3359
train,liquid,11,77574,3371
train,liquid,11,10199,3380
train,liquid,11,3311,3383
train,liquid,11,43985,3386
train,liquid,11,55252,3392
train,liquid,11,68054,3396
train,liquid,11,32525,3397
train,liquid,11,100684,3411
train,liquid,11,70301,3426
train,liquid,11,18377,3437
train,liquid,11,16986,3455
train,liquid,11,61477,3474
train,liquid,11,42503,3477
train,liquid,11,80080,3485
train,liquid,11,28953,3513
train,liquid,11,105567,3522
train,liquid,11,97699,3529
train,liquid,11,23535,3531
train,liquid,11,7886,3545
train,liquid,11,79494,3566
train,liquid,11,74693,3576
train,liquid,11,82951,3583
train,liquid,11,105312,3586
train,liquid,11,24822,3589
train,liquid,11,5277,3595
train,liquid,12,107962,3610
train,liquid,12,64436,3613
train,liquid,12,88576,3617
train,liquid,12,58788,3618
train,liquid,12,36935,3681
train,liquid,12,92002,3689
train,liquid,12,76141,3723
train,liquid,12,76611,3743
train,liquid,12,97719,3756
train,liquid,12,95191,3759
train,liquid,12,102910,3763
train,liquid,12,740,3764
train,liquid,12,48298,3773
train,liquid,12,4119,3804
train,liquid,12,91619,3815
train,liquid,12,62206,3819
train,liquid,12,8832,3830
train,liquid,12,100922,3842
train,liquid,12,103426,3858
train,liquid,12,48957,3864
train,liquid,12,6200,3871
train,liquid,12,71434,3881
train,liquid,13,5146,3913
train,liquid,13,68207,3921
train,liquid,13,65132,3931
train,liquid,13,29572,3933
train,liquid,13,92279,3946
train,liquid,13,98306,3970
train,liquid,13,29029,3973
train,liquid,13,65227,3977
train,liquid,13,64070,3978
train,liquid,13,14427,3979
train,liquid,13,14248,3988
train,liquid,13,53908,3995
train,liquid,13,104799,4030
train,liquid,13,42177,4038
train,liquid,13,18269,4041
train,liquid,13,69659,4051
train,liquid,13,6966,4056
train,liquid,13,72949,4080
train,liquid,13,98448,4083
train,liquid,13,100517,4087
train,liquid,13,105397,4089
train,liquid,13,83179,4093
train,liquid,13,4340,4095
train,liquid,13,70150,4105
train,liquid,13,10796,4109
train,liquid,13,87514,4119
train,liquid,13,11718,4125
train,liquid,13,27389,4144
train,liquid,13,91195,4157
train,liquid,13,45216,4158
train,liquid,13,54420,4164
train,liquid,13,48487,4175
train,liquid,13,59981,4184
train,liquid,13,28657,4190
train,liquid,16,95302,4804
train,liquid,16,90019,4821
train,liquid,16,25817,4834
train,liquid,16,97103,4839
train,liquid,16,34788,4841
train,liquid,16,52117,4851
train,liquid,16,31328,4857
train,liquid,16,41444,4860
train,liquid,16,39433,4866
train,liquid,16,14533,4873
train,liquid,16,39235,4876
train,liquid,16,49631,4881
train,liquid,16,96944,4885
train,liquid,16,2768,4901
train,liquid,16,95631,4926
train,liquid,16,82803,4927
train,liquid,16,74737,4929
train,liquid,16,81560,4933
train,liquid,16,87025,4938
train,liquid,16,85989,4965
train,liquid,16,45100,4984
train,liquid,16,43146,4986
train,liquid,16,60314,4993
train,liquid,16,43346,5003
train,liquid,16,50943,5005
train,liquid,16,86554,5020
train,liquid,16,55493,5037
train,liquid,16,46068,5045
train,liquid,16,29528,5052
train,liquid,16,12876,5053
train,liquid,16,6525,5059
train,liquid,16,48530,5075
train,liquid,16,26912,5081
train,liquid,16,46370,5089
train,liquid,16,101410,5095
train,liquid,17,106709,5128
train,liquid,17,57730,5130
train,liquid,17,32238,5140
train,liquid,17,72248,5142
train,liquid,17,102020,5155
train,liquid,17,1418,5160
train,liquid,17,15546,5168
train,liquid,17,15359,5198
train,liquid,17,63762,5214
train,liquid,17,74232,5226
train,liquid,17,63227,5227
train,liquid,17,95257,5233
train,liquid,17,47439,5239
train,liquid,17,75966,5240
train,liquid,17,85537,5274
train,liquid,17,60531,5285
train,liquid,17,22862,5290
train,liquid,17,32683,5352
train,liquid,17,48282,5365
train,liquid,17,39506,5371
train,liquid,17,21286,5375
train,liquid,17,4666,5378
train,liquid,17,57382,5395
train,liquid,19,18656,5702
train,liquid,19,107389,5725
train,liquid,19,29465,5747
train,liquid,19,37884,5752
train,liquid,19,15270,5761
train,liquid,19,100648,5764
train,liquid,19,54125,5766
train,liquid,19,46865,5780
train,liquid,19,51473,5787
train,liquid,19,23271,5805
train,liquid,19,81045,5811
train,liquid,19,36857,5817
train,liquid,19,74614,5840
train,liquid,19,25411,5844
train,liquid,19,39565,5856
train,liquid,19,87786,5868
train,liquid,19,44406,5895
train,liquid,19,98788,5913
train,liquid,19,375,5922
train,liquid,19,8155,5923
train,liquid,19,52448,5945
train,liquid,19,75407,5946
train,liquid,19,81561,5963
train,liquid,19,104896,5967
train,liquid,19,55408,5970
train,liquid,19,95798,5987
train,liquid,19,102194,5991
train,liquid,20,39616,6005
train,liquid,20,65372,6016
train,liquid,20,16499,6037
train,liquid,20,106633,6047
train,liquid,20,47598,6048
train,liquid,20,55516,6050
train,liquid,20,28774,6053
train,liquid,20,44658,6058
train,liquid,20,12115,6068
train,liquid,20,11211,6074
train,liquid,20,86166,6092
train,liquid,20,4885,6098
train,liquid,20,70182,6099
train,liquid,20,74315,6107
train,liquid,20,31429,6111
train,liquid,20,32825,6114
train,liquid,20,104561,6115
train,liquid,20,107545,6157
train,liquid,20,46984,6172
train,liquid,20,37082,6181
train,liquid,20,49242,6197
train,liquid,20,14554,6226
train,liquid,20,3732,6250
train,liquid,20,74667,6253
train,liquid,20,78264,6255
train,liquid,20,81957,6257
train,liquid,20,83740,6259
train,liquid,20,101877,6281
train,liquid,20,11310,6284
train,liquid,20,94173,6296
train,liquid,21,105618,6300
train,liquid,21,68676,6309
train,liquid,21,9554,6313
train,liquid,21,57852,6317
train,liquid,21,94531,6323
train,liquid,21,60625,6334
train,liquid,21,70711,6365
train,liquid,21,83702,6381
train,liquid,21,35432,6396
train,liquid,21,95852,6397
train,liquid,21,50408,6409
train,liquid,21,16505,6414
train,liquid,21,14293,6415
train,liquid,21,12224,6418
train,liquid,21,46807,6446
train,liquid,21,98378,6449
train,liquid,21,45107,6459
train,liquid,21,67712,6468
train,liquid,21,48084,6495
train,liquid,21,26035,6502
train,liquid,21,97501,6507
train,liquid,21,104372,6520
train,liquid,21,75481,6529
train,liquid,21,83853,6541
train,liquid,21,37118,6547
train,liquid,21,50630,6559
train,liquid,21,15367,6565
train,liquid,21,28477,6573
train,liquid,21,61384,6574
train,liquid,21,100111,6582
train,liquid,21,17744,6593
train,liquid,21,105492,6594
train,liquid,23,102834,6908
train,liquid,23,79543,6913
train,liquid,23,98058,6919
train,liquid,23,72818,6948
train,liquid,23,88509,6960
train,liquid,23,46660,6966
train,liquid,23,74008,6967
train,liquid,23,3853,7021
train,liquid,23,38619,7072
train,liquid,23,40400,7077
train,liquid,23,103643,7086
train,liquid,23,47916,7103
train,liquid,23,38395,7107
train,liquid,23,94279,7126
train,liquid,23,20754,7131
train,liquid,23,31392,7132
train,liquid,23,63964,7164
train,liquid,23,100745,7173
train,liquid,23,72527,7174
train,liquid,23,8048,7193
train,liquid,23,87190,7195
train,liquid,25,5284,7501
train,liquid,25,44766,7502
train,liquid,25,24974,7503
train,liquid,25,67005,7525
train,liquid,25,63464,7527
train,liquid,25,27807,7536
train,liquid,25,94767,7538
train,liquid,25,56777,7573
train,liquid,25,16794,7579
train,liquid,25,2993,7585
train,liquid,25,107509,7589
train,liquid,25,1105,7604
train,liquid,25,86460,7605
train,liquid,25,86369,7607
train,liquid,25,69249,7613
train,liquid,25,104732,7632
train,liquid,25,88176,7635
train,liquid,25,41718,7637
train,liquid,25,64693,7638
train,liquid,25,93570,7642
train,liquid,25,86492,7645
train,liquid,25,50586,7646
train,liquid,25,13142,7648
train,liquid,25,52776,7658
train,liquid,25,103922,7674
train,liquid,25,34426,7676
train,liquid,25,44703,7679
train,liquid,25,101121,7684
train,liquid,25,106695,7691
train,liquid,25,45645,7697
train,liquid,25,17394,7698
train,liquid,25,47851,7721
train,liquid,25,32103,7747
train,liquid,25,99369,7758
train,liquid,25,41030,7760
train,liquid,25,72514,7766
train,liquid,25,79790,7767
train,liquid,25,24746,7776
train,liquid,25,38690,7779
train,liquid,25,97181,7784
train,liquid,26,102279,7816
train,liquid,26,29433,7832
train,liquid,26,42635,7843
train,liquid,26,50023,7857
train,liquid,26,76156,7868
train,liquid,26,45214,7879
train,liquid,26,97207,7890
train,liquid,26,44300,7899
train,liquid,26,81658,7907
train,liquid,26,84322,7915
train,liquid,26,16600,7921
train,liquid,26,66292,7943
train,liquid,26,84017,7951
train,liquid,26,92077,7960
train,liquid,26,71550,7961
train,liquid,26,82959,7966
train,liquid,26,14512,7967
train,liquid,26,285,7975
train,liquid,26,45279,7981
train,liquid,26,35738,7996
train,liquid,26,74078,7997
train,liquid,26,73980,8008
train,liquid,26,107854,8011
train,liquid,26,25044,8012
train,liquid,26,7630,8020
train,liquid,26,15046,8022
train,liquid,26,98766,8028
train,liquid,26,47395,8029
train,liquid,26,26897,8062
train,liquid,26,20475,8063
train,liquid,26,12992,8067
train,liquid,26,105783,8074
train,liquid,26,14908,8076
train,liquid,26,43321,8081
train,liquid,26,104429,8083
train,liquid,26,69764,8097
train,liquid,27,22040,8109
train,liquid,27,100867,8117
train,liquid,27,98303,8120
train,liquid,27,11066,8146
train,liquid,27,77147,8147
train,liquid,27,16847,8149
train,liquid,27,58908,8181
train,liquid,27,23349,8185
train,liquid,27,93893,8195
train,liquid,27,68476,8199
train,liquid,27,76496,8203
train,liquid,27,69395,8230
train,liquid,27,56210,8234
train,liquid,27,64982,8235
train,liquid,27,23244,8242
train,liquid,27,51701,8254
train,liquid,27,86828,8269
train,liquid,27,73549,8271
train,liquid,27,60687,8308
train,liquid,27,12298,8334
train,liquid,27,6743,8336
train,liquid,27,96285,8348
train,liquid,27,52749,8354
train,liquid,27,24752,8377
train,liquid,27,23147,8398
train,liquid,28,100026,8412
train,liquid,28,55492,8413
train,liquid,28,47347,8419
train,liquid,28,46155,8441
train,liquid,28,87951,8465
train,liquid,28,22385,8466
train,liquid,28,39691,8481
train,liquid,28,32415,8483
train,liquid,28,27529,8494
train,liquid,28,105157,8509
train,liquid,28,79653,8527
train,liquid,28,43569,8528
train,liquid,28,56070,8551
train,liquid,28,105403,8564
train,liquid,28,31015,8579
train,liquid,28,77101,8591
train,liquid,28,53876,8613
train,liquid,28,46905,8616
train,liquid,28,15920,8626
train,liquid,28,36561,8637
train,liquid,28,54044,8639
train,liquid,28,71992,8642
train,liquid,28,49889,8671
train,liquid,28,82242,8695
train,liquid,29,16637,8705
train,liquid,29,7065,8711
train,liquid,29,2521,8731
train,liquid,29,47578,8741
train,liquid,29,81252,8767
train,liquid,29,100213,8769
train,liquid,29,76368,8777
train,liquid,29,47667,8785
train,liquid,29,72955,8787
train,liquid,29,30344,8788
train,liquid,29,36006,8792
train,liquid,29,105134,8795
train,liquid,29,19181,8805
train,liquid,29,84683,8813
train,liquid,29,106813,8823
train,liquid,29,26552,8826
train,liquid,29,95451,8863
train,liquid,29,23490,8903
train,liquid,29,88638,8914
train,liquid,29,96640,8920
train,liquid,29,56743,8930
train,liquid,29,12507,8951
train,liquid,29,28457,8985
train,liquid,29,34149,8994
train,liquid,31,2586,9303
train,liquid,31,9030,9316
train,liquid,31,103636,9337
train,liquid,31,35423,9370
train,liquid,31,93029,9381
train,liquid,31,59735,9391
train,liquid,31,50382,9394
train,liquid,31,21150,9414
train,liquid,31,87974,9436
train,liquid,31,88947,9488
train,liquid,31,59748,9489
train,liquid,31,50557,9508
train,liquid,31,13697,9532
train,liquid,31,25244,9546
train,liquid,31,73971,9562
train,liquid,31,20384,9580
train,liquid,31,4847,9587
train,liquid,31,11854,9599
train,liquid,32,89018,9600
train,liquid,32,82298,9614
train,liquid,32,69358,9634
train,liquid,32,55273,9637
train,liquid,32,98890,9655
train,liquid,32,81696,9667
train,liquid,32,62429,9671
train,liquid,32,65194,9673
train,liquid,32,24836,9678
train,liquid,32,13931,9680
train,liquid,32,49563,9688
train,liquid,32,78347,9708
train,liquid,32,62620,9719
train,liquid,32,64495,9722
train,liquid,32,100324,9730
train,liquid,32,39549,9742
train,liquid,32,76318,9751
train,liquid,32,47474,9808
train,liquid,32,71564,9814
train,liquid,32,31645,9823
train,liquid,32,83250,9832
train,liquid,32,90979,9836
train,liquid,32,61525,9838
train,liquid,32,37139,9839
train,liquid,32,19971,9842
train,liquid,32,97893,9854
train,liquid,32,30206,9870
train,liquid,32,22083,9886
train,liquid,33,64213,9906
train,liquid,33,37778,9934
train,liquid,33,74548,9937
train,liquid,33,86537,9942
train,liquid,33,67009,9946
train,liquid,33,102852,9948
train,liquid,33,41146,9951
train,liquid,33,16551,9968
train,liquid,33,47049,9977
train,liquid,33,69339,9982
train,liquid,33,61645,9988
train,liquid,33,75095,9990
train,liquid,33,24551,9997
train,liquid,33,11387,9998
train,liquid,33,3481,10029
train,liquid,33,50292,10047
train,liquid,33,83694,10070
train,liquid,33,104588,10071
train,liquid,33,49889,10074
train,liquid,33,30509,10083
train,liquid,33,92948,10088
train,liquid,33,85693,10090
train,liquid,33,10582,10107
train,liquid,33,35967,10110
train,liquid,33,69197,10111
train,liquid,33,82123,10120
train,liquid,33,94786,10121
train,liquid,33,38996,10128
train,liquid,33,82667,10143
train,liquid,33,39953,10144
train,liquid,33,80656,10152
train,liquid,33,46454,10156
train,liquid,33,36277,10175
train,liquid,33,10957,10179
train,liquid,33,84376,10189
train,liquid,33,76621,10193
train,liquid,33,51764,10195
train,liquid,34,79428,10208
train,liquid,34,24115,10224
train,liquid,34,40483,10230
train,liquid,34,8655,10252
train,liquid,34,92716,10253
train,liquid,34,25250,10256
train,liquid,34,23041,10262
train,liquid,34,5975,10271
train,liquid,34,105428,10272
train,liquid,34,90027,10284
train,liquid,34,26785,10285
train,liquid,34,76294,10316
train,liquid,34,49440,10318
train,liquid,34,9311,10323
train,liquid,34,44748,10325
train,liquid,34,58623,10343
train,liquid,34,79412,10346
train,liquid,34,22872,10352
train,liquid,34,70988,10357
train,liquid,34,20305,10358
train,liquid,34,41663,10365
train,liquid,34,51563,10378
train,liquid,34,60398,10381
train,liquid,34,51529,10384
train,liquid,34,22511,10393
train,liquid,34,72115,10394
train,liquid,34,107732,10406
train,liquid,34,20165,10409
train,liquid,34,36256,10415
train,liquid,34,74490,10428
train,liquid,34,72134,10429
train,liquid,34,85465,10436
train,liquid,34,27927,10441
train,liquid,34,73115,10444
train,liquid,34,71688,10446
train,liquid,34,56885,10450
train,liquid,34,99829,10456
train,liquid,34,59066,10467
train,liquid,34,31354,10483
train,liquid,34,93864,10496
train,liquid,35,100086,10502
train,liquid,35,39440,10519
train,liquid,35,16060,10532
train,liquid,35,34290,10554
train,liquid,35,3617,10572
train,liquid,35,90198,10576
train,liquid,35,39141,10577
train,liquid,35,76769,10588
train,liquid,35,17526,10597
train,liquid,35,29713,10599
train,liquid,35,60914,10601
train,liquid,35,44445,10614
train,liquid,35,15196,10621
train,liquid,35,26953,10633
train,liquid,35,45857,10638
train,liquid,35,28702,10652
train,liquid,35,42664,10654
train,liquid,35,92914,10660
train,liquid,35,12616,10686
train,liquid,35,6379,10688
train,liquid,35,76024,10692
train,liquid,35,43940,10706
train,liquid,35,91980,10715
train,liquid,35,96417,10734
train,liquid,35,42766,10755
train,liquid,35,26473,10769
train,liquid,35,25946,10777
train,liquid,35,33390,10780
train,liquid,36,93181,10805
train,liquid,36,35249,10808
train,liquid,36,6197,10815
train,liquid,36,8885,10824
train,liquid,36,2031,10828
train,liquid,36,84816,10844
train,liquid,36,57200,10852
train,liquid,36,41200,10859
train,liquid,36,5158,10878
train,liquid,36,90290,10896
train,liquid,36,9194,10905
train,liquid,36,82988,10924
train,liquid,36,3310,10927
train,liquid,36,69314,10928
train,liquid,36,106832,10938
train,liquid,36,65732,10957
train,liquid,36,16760,10966
train,liquid,36,29987,10970
train,liquid,36,666,10977
train,liquid,36,29637,10986
train,liquid,36,69493,10993
train,liquid,36,29540,11006
train,liquid,36,103725,11013
train,liquid,36,38081,11015
train,liquid,36,85244,11023
train,liquid,36,4518,11027
train,liquid,36,49099,11036
train,liquid,36,92787,11056
train,liquid,36,38725,11066
train,liquid,36,70886,11072
train,liquid,36,4692,11079
train,liquid,36,31617,11085
train,liquid,36,92944,11093
train,liquid,38,16163,11422
train,liquid,38,60183,11434
train,liquid,38,70868,11435
train,liquid,38,84229,11437
train,liquid,38,33487,11445
train,liquid,38,33777,11447
train,liquid,38,35775,11463
train,liquid,38,47398,11481
train,liquid,38,76663,11498
train,liquid,38,107803,11536
train,liquid,38,75362,11546
train,liquid,38,88018,11547
train,liquid,38,51007,11580
train,liquid,38,99195,11589
train,liquid,38,66729,11598
train,liquid,38,20351,11621
train,liquid,38,73073,11651
train,liquid,38,71366,11653
train,liquid,38,61366,11671
train,liquid,38,25935,11693
train,liquid,38,27612,11694
train,liquid,38,43268,11698
train,liquid,40,62770,12013
train,liquid,40,49472,12020
train,liquid,40,85712,12022
train,liquid,40,92505,12031
train,liquid,40,28262,12044
train,liquid,40,45782,12058
train,liquid,40,67962,12072
train,liquid,40,78936,12082
train,liquid,40,12095,12084
train,liquid,40,2692,12096
train,liquid,40,4336,12109
train,liquid,40,16108,12110
train,liquid,40,82924,12114
train,liquid,40,36119,12115
train,liquid,40,23781,12121
train,liquid,40,94643,12131
train,liquid,40,34238,12133
train,liquid,40,7905,12140
train,liquid,40,17336,12154
train,liquid,40,20297,12155
train,liquid,40,630,12159
train,liquid,40,82280,12180
train,liquid,40,40927,12200
train,liquid,40,51315,12224
train,liquid,40,67616,12239
train,liquid,40,66383,12243
train,liquid,40,62286,12246
train,liquid,40,27325,12253
train,liquid,40,42767,12259
train,liquid,40,12528,12262
train,liquid,40,46785,12265
train,liquid,40,67707,12274
train,liquid,40,85725,12275
train,liquid,40,72530,12296
train,liquid,42,3990,12604
train,liquid,42,17418,12607
train,liquid,42,23652,12617
train,liquid,42,60749,12667
train,liquid,42,37186,12680
train,liquid,42,66256,12681
train,liquid,42,27807,12698
train,liquid,42,11511,12699
train,liquid,42,302,12709
train,liquid,42,24569,12715
train,liquid,42,92387,12720
train,liquid,42,42399,12721
train,liquid,42,95270,12726
train,liquid,42,64052,12729
train,liquid,42,75821,12740
train,liquid,42,55400,12749
train,liquid,42,89656,12775
train,liquid,42,88850,12780
train,liquid,42,63143,12781
train,liquid,42,96227,12792
train,liquid,42,18675,12793
train,liquid,42,34903,12798
train,liquid,42,97457,12804
train,liquid,42,66078,12807
train,liquid,42,49388,12814
train,liquid,42,33157,12815
train,liquid,42,68757,12817
train,liquid,42,17778,12825
train,liquid,42,100861,12835
train,liquid,42,33538,12836
train,liquid,42,34010,12837
train,liquid,42,1399,12841
train,liquid,42,56054,12842
train,liquid,42,67065,12873
train,liquid,42,18179,12875
train,liquid,42,83708,12876
train,liquid,42,56671,12883
train,liquid,43,30173,12903
train,liquid,43,33875,12921
train,liquid,43,43828,12942
train,liquid,43,35161,12947
train,liquid,43,81464,12949
train,liquid,43,2717,12955
train,liquid,43,104275,12963
train,liquid,43,30326,12964
train,liquid,43,44170,12974
train,liquid,43,15452,12976
train,liquid,43,71261,12978
train,liquid,43,77909,12979
train,liquid,43,10415,12985
train,liquid,43,6020,12990
train,liquid,43,44882,13002
train,liquid,43,1807,13040
train,liquid,43,5700,13078
train,liquid,43,62478,13081
train,liquid,43,34923,13101
train,liquid,43,55167,13104
train,liquid,43,22512,13131
train,liquid,43,107586,13135
train,liquid,43,5756,13144
train,liquid,43,8196,13147
train,liquid,43,6775,13164
train,liquid,43,89158,13165
train,liquid,43,33878,13190
train,liquid,43,84018,13194
train,liquid,44,56695,13209
train,liquid,44,39038,13211
train,liquid,44,61866,13213
train,liquid,44,56855,13268
train,liquid,44,32136,13300
train,liquid,44,56930,13301
train,liquid,44,91652,13313
train,liquid,44,85884,13337
train,liquid,44,41103,13340
train,liquid,44,79884,13356
train,liquid,44,13424,13357
train,liquid,44,81769,13367
train,liquid,44,66940,13376
train,liquid,44,51357,13391
train,liquid,44,6771,13392
train,liquid,44,66988,13406
train,liquid,44,48291,13412
train,liquid,44,22508,13420
train,liquid,44,35013,13432
train,liquid,44,82255,13449
train,liquid,44,34124,13451
train,liquid,44,3522,13455
train,liquid,44,68572,13474
train,liquid,44,87560,13475
train,liquid,44,53796,13481
train,liquid,44,57448,13483
train,liquid,44,66550,13484
train,liquid,44,91639,13486
train,liquid,44,105122,13493
train,liquid,44,20601,13496
train,liquid,44,22982,13498
train,liquid,46,38090,13803
train,liquid,46,76631,13810
train,liquid,46,21666,13822
train,liquid,46,25748,13870
train,liquid,46,74294,13877
train,liquid,46,103360,13889
train,liquid,46,90804,13892
train,liquid,46,68883,13911
train,liquid,46,103502,13924
train,liquid,46,67847,13945
train,liquid,46,41543,13957
train,liquid,46,37351,13970
train,liquid,46,65162,13974
train,liquid,46,42507,13997
train,liquid,46,21816,14017
train,liquid,46,89276,14020
train,liquid,46,29087,14024
train,liquid,46,53155,14046
train,liquid,46,24754,14059
train,liquid,46,39176,14084
train,liquid,46,4810,14087
train,liquid,47,11974,14100
train,liquid,47,68132,14106
train,liquid,47,104724,14114
train,liquid,47,28392,14118
train,liquid,47,56239,14128
train,liquid,47,30287,14135
train,liquid,47,32526,14141
train,liquid,47,39460,14150
train,liquid,47,18488,14152
train,liquid,47,56387,14172
train,liquid,47,98939,14176
train,liquid,47,56305,14179
train,liquid,47,66006,14180
train,liquid,47,102560,14210
train,liquid,47,51324,14216
train,liquid,47,78853,14219
train,liquid,47,72696,14231
train,liquid,47,15838,14236
train,liquid,47,12048,14251
train,liquid,47,77576,14252
train,liquid,47,28759,14266
train,liquid,47,2302,14277
train,liquid,47,51678,14313
train,liquid,47,7324,14325
train,liquid,47,61002,14327
train,liquid,47,26438,14347
train,liquid,47,23159,14380
train,liquid,47,44249,14383
train,liquid,47,100533,14391
train,liquid,48,81265,14425
train,liquid,48,16481,14451
train,liquid,48,74824,14507
train,liquid,48,17601,14524
train,liquid,48,80351,14562
train,liquid,48,62321,14596
train,liquid,48,23647,14599
train,liquid,48,91278,14601
train,liquid,48,85629,14614
train,liquid,48,18669,14622
train,liquid,48,15006,14623
train,liquid,48,99407,14641
train,liquid,48,96638,14648
train,liquid,48,40095,14694
train,liquid,49,38826,14715
train,liquid,49,19769,14716
train,liquid,49,96377,14718
train,liquid,49,97085,14719
train,liquid,49,49812,14738
train,liquid,49,32253,14763
train,liquid,49,85742,14780
train,liquid,49,93564,14786
train,liquid,49,104405,14797
train,liquid,49,88660,14805
train,liquid,49,24820,14807
train,liquid,49,15669,14825
train,liquid,49,59823,14847
train,liquid,49,106893,14853
train,liquid,49,43910,14859
train,liquid,49,100005,14866
train,liquid,49,20203,14873
train,liquid,49,85113,14879
train,liquid,49,63663,14887
train,liquid,49,93306,14916
train,liquid,49,71566,14917
train,liquid,49,5501,14940
train,liquid,49,73954,14949
train,liquid,49,106272,14955
train,liquid,49,5262,14959
train,liquid,49,53408,14969
train,liquid,49,49544,14979
train,liquid,49,25794,14982
train,liquid,49,104823,14994
train,liquid,50,90696,15003
train,liquid,50,14772,15022
train,liquid,50,39239,15030
train,liquid,50,96363,15032
train,liquid,50,65301,15034
train,liquid,50,72422,15035
train,liquid,50,85032,15048
train,liquid,50,47661,15062
train,liquid,50,53508,15078
train,liquid,50,89899,15090
train,liquid,50,75473,15095
train,liquid,50,38160,15108
train,liquid,50,26785,15117
train,liquid,50,59383,15153
train,liquid,50,8295,15158
train,liquid,50,15899,15160
train,liquid,50,104755,15173
train,liquid,50,57837,15187
train,liquid,50,82841,15195
train,liquid,50,46641,15197
train,liquid,50,14480,15225
train,liquid,50,50726,15234
train,liquid,50,13508,15238
train,liquid,50,47360,15256
train,liquid,50,106619,15281
train,liquid,50,36666,15282
train,liquid,50,17307,15287
train,liquid,50,56073,15290
train,liquid,50,42948,15295
train,liquid,51,97156,15309
train,liquid,51,7479,15317
train,liquid,51,50161,15330
train,liquid,51,78743,15338
train,liquid,51,7201,15341
train,liquid,51,76161,15342
train,liquid,51,13959,15343
train,liquid,51,77429,15347
train,liquid,51,31499,15354
train,liquid,51,75820,15362
train,liquid,51,69300,15364
train,liquid,51,82512,15378
train,liquid,51,47999,15400
train,liquid,51,74220,15406
train,liquid,51,41289,15414
train,liquid,51,27008,15441
train,liquid,51,102503,15454
train,liquid,51,36802,15476
train,liquid,51,97677,15485
train,liquid,51,2995,15488
train,liquid,51,55184,15491
train,liquid,51,57060,15513
train,liquid,51,53108,15520
train,liquid,51,36818,15528
train,liquid,51,84890,15529
train,liquid,51,29747,15549
train,liquid,51,45372,15551
train,liquid,51,88577,15559
train,liquid,51,83454,15569
train,liquid,51,24552,15573
train,liquid,51,99112,15575
train,liquid,51,19336,15587
train,liquid,51,51557,15595
train,liquid,51,376,15597
train,liquid,52,50588,15605
train,liquid,52,92504,15627
train,liquid,52,41291,15637
train,liquid,52,30728,15643
train,liquid,52,54316,15665
train,liquid,52,15559,15670
train,liquid,52,95948,15673
train,liquid,52,49833,15686
train,liquid,52,83566,15695
train,liquid,52,82746,15701
train,liquid,52,79948,15728
train,liquid,52,97955,15731
train,liquid,52,70955,15739
train,liquid,52,6112,15741
train,liquid,52,61724,15761
train,liquid,52,3898,15769
train,liquid,52,43694,15794
train,liquid,52,32814,15799
train,liquid,52,107213,15810
train,liquid,52,7688,15812
train,liquid,52,25645,15832
train,liquid,52,51514,15833
train,liquid,52,65394,15836
train,liquid,52,29506,15850
train,liquid,52,18225,15879
train,liquid,52,31379,15885
train,liquid,52,103807,15891
train,liquid,52,36325,15896
train,liquid,52,9534,15899
train,liquid,53,101950,15906
train,liquid,53,28524,15907
train,liquid,53,18805,15930
train,liquid,53,83822,15931
train,liquid,53,86567,15939
train,liquid,53,72113,15941
train,liquid,53,57667,15957
train,liquid,53,87247,15984
train,liquid,53,24721,15999
train,liquid,53,39793,16013
train,liquid,53,23842,16023
train,liquid,53,14978,16031
train,liquid,53,40042,16034
train,liquid,53,49259,16038
train,liquid,53,748,16041
train,liquid,53,67088,16052
train,liquid,53,89379,16071
train,liquid,53,42818,16075
train,liquid,53,77826,16076
train,liquid,53,6742,16093
train,liquid,53,84754,16094
train,liquid,53,48322,16101
train,liquid,53,43571,16122
train,liquid,53,33301,16124
train,liquid,53,47714,16133
train,liquid,53,22543,16137
train,liquid,53,90755,16144
train,liquid,53,22537,16157
train,liquid,53,48694,16169
train,liquid,53,41853,16176
train,liquid,53,50187,16181
train,liquid,54,10605,16205
train,liquid,54,63091,16218
train,liquid,54,28835,16219
train,liquid,54,59987,16232
train,liquid,54,38925,16252
train,liquid,54,87258,16267
train,liquid,54,69782,16283
train,liquid,54,101228,16295
train,liquid,54,107381,16306
train,liquid,54,16795,16308
train,liquid,54,48697,16312
train,liquid,54,98497,16317
train,liquid,54,51372,16329
train,liquid,54,30665,16336
train,liquid,54,52135,16358
train,liquid,54,91385,16366
train,liquid,54,22889,16408
train,liquid,54,99425,16437
train,liquid,54,83131,16447
train,liquid,54,32131,16452
train,liquid,54,106261,16462
train,liquid,54,33589,16464
train,liquid,54,54697,16465
train,liquid,54,76136,16477
train,liquid,54,28183,16486
train,liquid,54,103354,16489
train,liquid,58,68211,17400
train,liquid,58,66737,17404
train,liquid,58,30362,17423
train,liquid,58,38337,17427
train,liquid,58,56393,17455
train,liquid,58,6743,17470
train,liquid,58,22310,17499
train,liquid,58,66575,17550
train,liquid,58,70981,17555
train,liquid,58,71415,17584
train,liquid,58,12175,17589
train,liquid,58,66059,17600
train,liquid,58,105651,17608
train,liquid,58,94349,17610
train,liquid,58,17018,17643
train,liquid,58,27203,17645
train,liquid,58,80403,17668
train,liquid,58,88315,17689
train,liquid,58,105732,17690
train,liquid,59,43647,17706
train,liquid,59,95860,17721
train,liquid,59,23317,17722
train,liquid,59,41171,17740
train,liquid,59,21782,17772
train,liquid,59,8576,17773
train,liquid,59,106869,17776
train,liquid,59,57411,17798
train,liquid,59,79395,17815
train,liquid,59,106830,17844
train,liquid,59,99326,17847
train,liquid,59,100792,17872
train,liquid,59,19355,17874
train,liquid,59,85028,17876
train,liquid,59,79947,17878
train,liquid,59,3002,17886
train,liquid,59,3884,17888
train,liquid,59,67126,17889
train,liquid,59,4060,17894
train,liquid,59,52476,17896
train,liquid,59,52550,17899
train,liquid,59,53523,17915
train,liquid,59,104004,17924
train,liquid,59,71330,17939
train,liquid,59,57892,17942
train,liquid,59,16865,17945
train,liquid,59,26623,17961
train,liquid,59,57920,17977
train,liquid,59,54575,17995
train,liquid,60,76909,18010
train,liquid,60,93811,18012
train,liquid,60,67446,18027
train,liquid,60,97985,18058
train,liquid,60,81780,18060
train,liquid,60,37490,18078
train,liquid,60,14347,18087
train,liquid,60,77774,18101
train,liquid,60,57551,18104
train,liquid,60,51809,18115
train,liquid,60,76839,18128
train,liquid,60,84971,18142
train,liquid,60,85481,18166
train,liquid,60,90372,18194
train,liquid,60,54956,18202
train,liquid,60,82715,18220
train,liquid,60,68450,18227
train,liquid,60,48235,18232
train,liquid,60,25614,18234
train,liquid,60,56273,18244
train,liquid,60,40070,18280
train,liquid,60,55653,18294
train,liquid,60,8532,18299
train,liquid,61,99343,18302
train,liquid,61,61074,18319
train,liquid,61,77167,18351
train,liquid,61,28771,18357
train,liquid,61,46156,18362
train,liquid,61,27761,18364
train,liquid,61,22307,18368
train,liquid,61,105248,18382
train,liquid,61,40068,18386
train,liquid,61,41494,18393
train,liquid,61,53808,18411
train,liquid,61,83313,18420
train,liquid,61,33877,18421
train,liquid,61,53947,18422
train,liquid,61,65764,18447
train,liquid,61,56055,18453
train,liquid,61,640,18469
train,liquid,61,32261,18500
train,liquid,61,29144,18501
train,liquid,61,32530,18506
train,liquid,61,12908,18532
train,liquid,61,374,18539
train,liquid,61,104175,18544
train,liquid,61,34364,18552
train,liquid,61,84844,18555
train,liquid,61,20308,18557
train,liquid,61,48703,18558
train,liquid,61,35470,18573
train,liquid,61,82062,18575
train,liquid,61,40606,18583
train,liquid,62,74264,18615
train,liquid,62,68657,18633
train,liquid,62,89646,18655
train,liquid,62,18502,18658
train,liquid,62,74385,18681
train,liquid,62,86874,18685
train,liquid,62,55559,18693
train,liquid,62,61943,18699
train,liquid,62,29616,18700
train,liquid,62,56854,18706
train,liquid,62,38289,18713
train,liquid,62,15211,18731
train,liquid,62,75647,18734
train,liquid,62,87850,18737
train,liquid,62,24491,18738
train,liquid,62,77743,18753
train,liquid,62,12845,18768
train,liquid,62,35463,18803
train,liquid,62,79519,18811
train,liquid,62,46788,18846
train,liquid,62,100117,18852
train,liquid,62,63091,18856
train,liquid,62,55973,18858
train,liquid,62,6950,18864
train,liquid,62,18858,18868
train,liquid,62,99848,18871
train,liquid,62,72527,18873
train,liquid,62,25219,18881
train,liquid,62,73048,18884
train,liquid,62,70749,18885
train,liquid,62,83609,18886
train,liquid,62,23190,18896
train,liquid,62,105854,18898
train,liquid,63,50571,18911
train,liquid,63,55409,18914
train,liquid,63,100421,18923
train,liquid,63,86468,18957
train,liquid,63,75131,18962
train,liquid,63,48345,18965
train,liquid,63,13806,18984
train,liquid,63,89679,19001
train,liquid,63,75710,19005
train,liquid,63,9070,19007
train,liquid,63,32729,19017
train,liquid,63,18889,19044
train,liquid,63,88827,19052
train,liquid,63,47987,19064
train,liquid,63,35549,19065
train,liquid,63,1893,19070
train,liquid,63,53701,19092
train,liquid,63,15937,19093
train,liquid,63,18073,19111
train,liquid,63,27950,19113
train,liquid,63,76349,19117
train,liquid,63,7640,19128
train,liquid,63,32730,19140
train,liquid,63,13117,19156
train,liquid,63,36101,19157
train,liquid,63,85420,19165
train,liquid,63,75178,19174
train,liquid,63,101618,19175
train,liquid,63,81762,19194
train,liquid,63,52268,19195
train,liquid,64,49264,19217
train,liquid,64,47153,19227
train,liquid,64,32347,19240
train,liquid,64,37318,19272
train,liquid,64,27844,19276
train,liquid,64,82847,19279
train,liquid,64,77644,19283
train,liquid,64,96802,19323
train,liquid,64,63208,19325
train,liquid,64,47047,19362
train,liquid,64,68114,19374
train,liquid,64,104785,19382
train,liquid,64,35745,19385
train,liquid,64,28032,19388
train,liquid,64,98367,19391
train,liquid,64,29344,19417
train,liquid,64,79411,19421
train,liquid,64,80048,19425
train,liquid,64,37546,19431
train,liquid,64,71936,19435
train,liquid,64,62669,19476
train,liquid,64,99593,19494
train,liquid,64,73047,19497
train,liquid,65,30577,19508
train,liquid,65,37586,19519
train,liquid,65,44125,19528
train,liquid,65,71147,19529
train,liquid,65,49096,19530
train,liquid,65,56244,19531
train,liquid,65,64105,19547
train,liquid,65,52913,19549
train,liquid,65,38929,19550
train,liquid,65,30060,19580
train,liquid,65,51164,19600
train,liquid,65,39209,19602
train,liquid,65,15545,19611
train,liquid,65,46066,19625
train,liquid,65,62020,19632
train,liquid,65,94294,19640
train,liquid,65,14077,19647
train,liquid,65,16086,19662
train,liquid,65,58554,19665
train,liquid,65,51497,19679
train,liquid,65,77872,19680
train,liquid,65,26974,19684
train,liquid,65,41123,19694
train,liquid,65,71639,19703
train,liquid,65,37271,19714
train,liquid,65,10116,19746
train,liquid,65,41369,19748
train,liquid,65,70206,19754
train,liquid,67,18595,20107
train,liquid,67,59088,20113
train,liquid,67,66708,20115
train,liquid,67,6864,20119
train,liquid,67,77965,20124
train,liquid,67,3189,20135
train,liquid,67,25911,20144
train,liquid,67,30802,20151
train,liquid,67,13784,20159
train,liquid,67,56873,20187
train,liquid,67,10407,20206
train,liquid,67,97167,20208
train,liquid,67,99255,20213
train,liquid,67,103032,20223
train,liquid,67,77311,20228
train,liquid,67,56523,20232
train,liquid,67,52101,20234
train,liquid,67,65109,20244
train,liquid,67,86549,20250
train,liquid,67,67652,20253
train,liquid,67,1615,20259
train,liquid,67,51895,20284
train,liquid,67,85912,20295
train,liquid,67,59427,20312
train,liquid,67,17164,20314
train,liquid,67,3511,20320
train,liquid,67,73354,20325
train,liquid,67,52896,20328
train,liquid,67,3928,20329
train,liquid,67,63744,20346
train,liquid,67,92977,20351
train,liquid,67,34094,20367
train,liquid,67,75855,20376
train,liquid,69,12053,20726
train,liquid,69,6073,20727
train,liquid,69,3320,20728
train,liquid,69,100536,20742
train,liquid,69,102797,20790
train,liquid,69,67238,20804
train,liquid,69,93808,20805
train,liquid,69,93862,20813
train,liquid,69,6608,20818
train,liquid,69,94621,20840
train,liquid,69,26993,20842
train,liquid,69,63917,20843
train,liquid,69,16926,20853
train,liquid,69,7263,20855
train,liquid,69,35950,20858
train,liquid,69,40622,20865
train,liquid,69,7829,20874
train,liquid,69,45889,20888
train,liquid,69,40100,20891
train,liquid,69,49462,20908
train,liquid,69,75537,20910
train,liquid,69,40196,20912
train,liquid,69,82511,20913
train,liquid,69,30327,20916
train,liquid,69,31180,20935
train,liquid,69,50956,20936
train,liquid,69,40693,20964
train,liquid,69,28888,20976
train,liquid,70,84678,21000
train,liquid,70,12053,21005
train,liquid,70,60076,21006
train,liquid,70,46736,21023
train,liquid,70,47676,21025
train,liquid,70,92965,21030
train,liquid,70,6075,21032
train,liquid,70,75736,21038
train,liquid,70,7459,21062
train,liquid,70,93694,21063
train,liquid,70,22000,21083
train,liquid,70,33658,21084
train,liquid,70,44938,21093
train,liquid,70,102248,21111
train,liquid,70,20137,21126
train,liquid,70,73917,21128
train,liquid,70,51254,21151
train,liquid,70,51807,21156
train,liquid,70,26711,21170
train,liquid,70,11036,21196
train,liquid,70,90656,21204
train,liquid,70,78638,21206
train,liquid,70,12949,21226
train,liquid,70,106569,21233
train,liquid,70,10534,21238
train,liquid,70,12998,21243
train,liquid,70,72732,21253
train,liquid,70,77950,21265
train,liquid,70,51667,21277
train,liquid,70,91839,21281
train,liquid,71,44624,21304
train,liquid,71,100849,21309
train,liquid,71,25029,21322
train,liquid,71,83218,21336
train,liquid,71,103215,21340
train,liquid,71,105155,21344
train,liquid,71,78142,21350
train,liquid,71,49032,21365
train,liquid,71,68467,21374
train,liquid,71,99569,21377
train,liquid,71,49012,21385
train,liquid,71,39980,21417
train,liquid,71,107211,21420
train,liquid,71,49569,21424
train,liquid,71,35076,21443
train,liquid,71,104581,21460
train,liquid,71,84381,21461
train,liquid,71,100662,21485
train,liquid,71,46461,21493
train,liquid,71,34542,21512
train,liquid,71,95967,21516
train,liquid,71,19556,21531
train,liquid,71,16738,21546
train,liquid,71,7703,21549
train,liquid,71,50810,21568
train,liquid,71,61235,21569
train,liquid,71,27609,21577
train,liquid,71,98509,21583
train,liquid,71,71932,21588
train,liquid,71,49785,21594
train,liquid,71,13513,21597
train,liquid,72,105198,21602
train,liquid,72,79075,21607
train,liquid,72,55271,21615
train,liquid,72,45404,21618
train,liquid,72,78218,21635
train,liquid,72,79370,21638
train,liquid,72,82932,21647
train,liquid,72,90029,21684
train,liquid,72,71811,21689
train,liquid,72,9333,21697
train,liquid,72,106524,21705
train,liquid,72,96159,21710
train,liquid,72,81317,21713
train,liquid,72,20708,21743
train,liquid,72,19308,21752
train,liquid,72,66945,21756
train,liquid,72,106716,21758
train,liquid,72,87065,21784
train,liquid,72,51403,21792
train,liquid,72,24243,21810
train,liquid,72,40372,21834
train,liquid,72,90807,21846
train,liquid,72,15233,21858
train,liquid,72,65232,21863
train,liquid,72,81500,21871
train,liquid,72,97122,21877
train,liquid,72,72782,21896
train,liquid,72,93755,21898
train,liquid,74,87189,22208
train,liquid,74,50071,22214
train,liquid,74,39431,22229
train,liquid,74,74749,22233
train,liquid,74,98669,22235
train,liquid,74,102427,22261
train,liquid,74,8726,22280
train,liquid,74,57834,22298
train,liquid,74,46509,22321
train,liquid,74,53173,22324
train,liquid,74,41992,22348
train,liquid,74,69097,22349
train,liquid,74,13101,22350
train,liquid,74,20597,22395
train,liquid,74,99670,22406
train,liquid,74,21802,22453
train,liquid,74,30445,22488
train,liquid,77,106567,23119
train,liquid,77,87619,23163
train,liquid,77,26445,23164
train,liquid,77,62282,23191
train,liquid,77,74245,23192
train,liquid,77,17861,23200
train,liquid,77,43493,23241
train,liquid,77,44793,23242
train,liquid,77,55974,23245
train,liquid,77,11041,23258
train,liquid,77,27646,23261
train,liquid,77,94082,23269
train,liquid,77,51802,23279
train,liquid,77,72510,23280
train,liquid,77,32572,23287
train,liquid,77,68555,23291
train,liquid,77,997,23310
train,liquid,77,5530,23318
train,liquid,77,58941,23323
train,liquid,77,7098,23363
train,liquid,77,58636,23378
train,liquid,79,57093,23739
train,liquid,79,45043,23742
train,liquid,79,65921,23750
train,liquid,79,93757,23773
train,liquid,79,27234,23795
train,liquid,79,3292,23819
train,liquid,79,107744,23820
train,liquid,79,54297,23828
train,liquid,79,87277,23829
train,liquid,79,45466,23830
train,liquid,79,21816,23831
train,liquid,79,30889,23842
train,liquid,79,55278,23843
train,liquid,79,62333,23865
train,liquid,79,64461,23878
train,liquid,79,74771,23892
train,liquid,79,65553,23894
train,liquid,79,25590,23906
train,liquid,79,60723,23911
train,liquid,79,66103,23924
train,liquid,79,12786,23943
train,liquid,79,105536,23946
train,liquid,79,57854,23956
train,liquid,79,63794,23957
train,liquid,79,41744,23960
train,liquid,79,54114,23981
train,liquid,79,45784,23982
train,liquid,79,67445,23994
train,liquid,80,44453,24004
train,liquid,80,45577,24005
train,liquid,80,15713,24044
train,liquid,80,22543,24053
train,liquid,80,19223,24060
train,liquid,80,75063,24098
train,liquid,80,54912,24103
train,liquid,80,17173,24106
train,liquid,80,83125,24108
train,liquid,80,59417,24112
train,liquid,80,12086,24113
train,liquid,80,101854,24117
train,liquid,80,32245,24120
train,liquid,80,101450,24130
train,liquid,80,79196,24133
train,liquid,80,709,24135
train,liquid,80,2448,24137
train,liquid,80,60148,24141
train,liquid,80,13266,24151
train,liquid,80,21448,24167
train,liquid,80,23646,24171
train,liquid,80,2713,24205
train,liquid,80,62711,24239
train,liquid,80,39450,24248
train,liquid,80,81686,24250
train,liquid,80,8456,24254
train,liquid,80,21880,24257
train,liquid,80,363,24263
train,liquid,80,107702,24267
train,liquid,80,104253,24285
train,liquid,80,32307,24293
train,liquid,80,43860,24294
train,liquid,82,89176,24644
train,liquid,82,106247,24655
train,liquid,82,94507,24662
train,liquid,82,31870,24671
train,liquid,82,29694,24672
train,liquid,82,98915,24682
train,liquid,82,34701,24688
train,liquid,82,55364,24696
train,liquid,82,101807,24701
train,liquid,82,13039,24720
train,liquid,82,99136,24749
train,liquid,82,18115,24755
train,liquid,82,55135,24803
train,liquid,82,42546,24808
train,liquid,82,14136,24811
train,liquid,82,80015,24822
train,liquid,82,79651,24831
train,liquid,82,57997,24839
train,liquid,82,13825,24851
train,liquid,82,24219,24854
train,liquid,82,35275,24855
train,liquid,82,2617,24859
train,liquid,82,65373,24881
train,liquid,83,30456,24914
train,liquid,83,4304,24936
train,liquid,83,76490,24942
train,liquid,83,87722,24956
train,liquid,83,28951,24963
train,liquid,83,46386,24968
train,liquid,83,43819,24972
train,liquid,83,95430,24986
train,liquid,83,87846,25007
train,liquid,83,34487,25009
train,liquid,83,80658,25030
train,liquid,83,61974,25038
train,liquid,83,73711,25039
train,liquid,83,59588,25044
train,liquid,83,30522,25050
train,liquid,83,19265,25063
train,liquid,83,80419,25075
train,liquid,83,33731,25081
train,liquid,83,39321,25107
train,liquid,83,100564,25125
train,liquid,83,49310,25130
train,liquid,83,98319,25140
train,liquid,83,10802,25146
train,liquid,83,46039,25148
train,liquid,83,7841,25149
train,liquid,83,22374,25161
train,liquid,83,42052,25177
train,liquid,83,105700,25180
train,liquid,83,104186,25188
train,liquid,83,72735,25198
train,liquid,84,78203,25244
train,liquid,84,10668,25249
train,liquid,84,42689,25251
train,liquid,84,24204,25258
train,liquid,84,3322,25265
train,liquid,84,81339,25272
train,liquid,84,85604,25283
train,liquid,84,106659,25290
train,liquid,84,64240,25291
train,liquid,84,25604,25304
train,liquid,84,84694,25307
train,liquid,84,22792,25313
train,liquid,84,84149,25325
train,liquid,84,3212,25335
train,liquid,84,103915,25338
train,liquid,84,13161,25344
train,liquid,84,5,25355
train,liquid,84,104386,25374
train,liquid,84,76244,25394
train,liquid,84,107372,25398
train,liquid,84,98618,25412
train,liquid,84,93205,25417
train,liquid,84,62004,25433
train,liquid,84,40502,25437
train,liquid,84,6132,25442
train,liquid,84,15678,25450
train,liquid,84,100173,25471
train,liquid,84,14434,25487
train,liquid,84,18359,25493
train,liquid,85,66959,25504
train,liquid,85,73140,25524
train,liquid,85,65178,25530
train,liquid,85,59105,25534
train,liquid,85,21520,25562
train,liquid,85,58456,25587
train,liquid,85,70349,25590
train,liquid,85,28677,25598
train,liquid,85,59125,25602
train,liquid,85,46385,25612
train,liquid,85,52267,25623
train,liquid,85,101628,25632
train,liquid,85,4067,25633
train,liquid,85,57859,25640
train,liquid,85,73573,25645
train,liquid,85,28520,25646
train,liquid,85,3535,25648
train,liquid,85,40874,25670
train,liquid,85,47537,25671
train,liquid,85,27566,25674
train,liquid,85,50916,25689
train,liquid,85,84762,25690
train,liquid,85,11964,25724
train,liquid,85,15565,25747
train,liquid,85,37582,25749
train,liquid,85,68954,25752
train,liquid,85,69614,25758
train,liquid,85,58154,25767
train,liquid,85,259,25769
train,liquid,85,60923,25798
train,liquid,86,47799,25820
train,liquid,86,79762,25822
train,liquid,86,100601,25829
train,liquid,86,80851,25847
train,liquid,86,45172,25855
train,liquid,86,5243,25859
train,liquid,86,2090,25861
train,liquid,86,94702,25867
train,liquid,86,40139,25869
train,liquid,86,95203,25905
train,liquid,86,52845,25910
train,liquid,86,90391,25911
train,liquid,86,11622,25912
train,liquid,86,83655,25914
train,liquid,86,76914,25974
train,liquid,86,69518,25986
train,liquid,86,106395,25994
train,liquid,86,85983,25995
train,liquid,86,40767,26002
train,liquid,86,76094,26007
train,liquid,86,65579,26046
train,liquid,86,40497,26072
train,liquid,87,70191,26103
train,liquid,87,8557,26113
train,liquid,87,38500,26132
train,liquid,87,78993,26141
train,liquid,87,73015,26142
train,liquid,87,47463,26160
train,liquid,87,101100,26163
train,liquid,87,56988,26165
train,liquid,87,89453,26180
train,liquid,87,7491,26186
train,liquid,87,8286,26202
train,liquid,87,52574,26225
train,liquid,87,16075,26240
train,liquid,87,95479,26254
train,liquid,87,33788,26269
train,liquid,87,30018,26278
train,liquid,87,96367,26279
train,liquid,87,18871,26287
train,liquid,87,61222,26323
train,liquid,87,50849,26325
train,liquid,87,63649,26340
train,liquid,87,29577,26349
train,liquid,87,20217,26370
train,liquid,87,75811,26375
train,liquid,87,64671,26386
train,liquid,87,67485,26391
train,liquid,88,17637,26400
train,liquid,88,2881,26406
train,liquid,88,45187,26408
train,liquid,88,91068,26409
train,liquid,88,27141,26428
train,liquid,88,83016,26434
train,liquid,88,107593,26448
train,liquid,88,73347,26452
train,liquid,88,13503,26477
train,liquid,88,7914,26480
train,liquid,88,107452,26506
train,liquid,88,34184,26516
train,liquid,88,34948,26518
train,liquid,88,8789,26526
train,liquid,88,102155,26537
train,liquid,88,8988,26596
train,liquid,88,8944,26619
train,liquid,88,33351,26625
train,liquid,88,10605,26639
train,liquid,88,66088,26646
train,liquid,88,24801,26648
train,liquid,88,25643,26650
train,liquid,88,82791,26652
train,liquid,88,44759,26655
train,liquid,88,66829,26693
train,liquid,89,99623,26711
train,liquid,89,15822,26718
train,liquid,89,40127,26728
train,liquid,89,12959,26738
train,liquid,89,56819,26743
train,liquid,89,106949,26757
train,liquid,89,7908,26770
train,liquid,89,103622,26776
train,liquid,89,3564,26778
train,liquid,89,42835,26787
train,liquid,89,81774,26800
train,liquid,89,92084,26801
train,liquid,89,29486,26804
train,liquid,89,23664,26809
train,liquid,89,20026,26824
train,liquid,89,2716,26836
train,liquid,89,71857,26841
train,liquid,89,39349,26850
train,liquid,89,11613,26856
train,liquid,89,73248,26869
train,liquid,89,17272,26878
train,liquid,89,65128,26880
train,liquid,89,97198,26884
train,liquid,89,67690,26888
train,liquid,89,46324,26896
train,liquid,89,41348,26897
train,liquid,89,33347,26916
train,liquid,89,57742,26937
train,liquid,89,87069,26946
train,liquid,89,105960,26955
train,liquid,89,48568,26960
train,liquid,89,91632,26961
train,liquid,90,75941,27016
train,liquid,90,97988,27029
train,liquid,90,97144,27032
train,liquid,90,82357,27037
train,liquid,90,27127,27048
train,liquid,90,100889,27066
train,liquid,90,18120,27098
train,liquid,90,34754,27100
train,liquid,90,85577,27116
train,liquid,90,96845,27122
train,liquid,90,55616,27128
train,liquid,90,14712,27131
train,liquid,90,12149,27135
train,liquid,90,75928,27142
train,liquid,90,96476,27146
train,liquid,90,14706,27152
train,liquid,90,57459,27167
train,liquid,90,105619,27170
train,liquid,90,57268,27184
train,liquid,90,6695,27190
train,liquid,90,33668,27193
train,liquid,90,59133,27208
train,liquid,90,106674,27254
train,liquid,90,85788,27265
train,liquid,90,43813,27279
train,liquid,90,84975,27283
train,liquid,90,66657,27293
train,liquid,90,805,27298
train,liquid,91,48658,27301
train,liquid,91,40349,27309
train,liquid,91,80597,27314
train,liquid,91,38762,27319
train,liquid,91,89286,27320
train,liquid,91,75147,27339
train,liquid,91,82578,27351
train,liquid,91,85325,27357
train,liquid,91,92263,27368
train,liquid,91,101628,27376
train,liquid,91,4283,27390
train,liquid,91,93944,27393
train,liquid,91,30166,27394
train,liquid,91,69928,27399
train,liquid,91,90318,27406
train,liquid,91,1275,27408
train,liquid,91,29814,27424
train,liquid,91,44064,27434
train,liquid,91,3627,27439
train,liquid,91,17410,27445
train,liquid,91,18795,27450
train,liquid,91,71605,27451
train,liquid,91,30295,27455
train,liquid,91,63932,27457
train,liquid,91,1792,27464
train,liquid,91,57793,27472
train,liquid,91,99616,27473
train,liquid,91,23522,27492
train,liquid,91,52638,27498
train,liquid,91,48254,27517
train,liquid,91,9353,27519
train,liquid,91,65386,27522
train,liquid,91,60746,27545
train,liquid,91,91555,27554
train,liquid,91,71214,27582
train,liquid,94,98762,28202
train,liquid,94,46031,28214
train,liquid,94,50302,28221
train,liquid,94,89154,28236
train,liquid,94,88705,28240
train,liquid,94,40835,28241
train,liquid,94,63247,28247
train,liquid,94,36301,28276
train,liquid,94,9141,28277
train,liquid,94,59464,28309
train,liquid,94,68519,28320
train,liquid,94,7612,28322
train,liquid,94,85927,28324
train,liquid,94,63174,28326
train,liquid,94,67361,28342
train,liquid,94,61040,28368
train,liquid,94,49713,28402
train,liquid,94,100998,28409
train,liquid,94,6213,28416
train,liquid,94,102594,28417
train,liquid,94,23892,28432
train,liquid,94,27858,28434
train,liquid,94,67086,28464
train,liquid,94,95037,28475
train,liquid,94,107339,28487
train,liquid,95,43313,28501
train,liquid,95,46578,28502
train,liquid,95,44200,28504
train,liquid,95,73869,28505
train,liquid,95,77806,28524
train,liquid,95,40785,28535
train,liquid,95,43188,28574
train,liquid,95,96413,28593
train,liquid,95,68814,28601
train,liquid,95,36306,28604
train,liquid,95,84128,28607
train,liquid,95,15728,28617
train,liquid,95,70994,28629
train,liquid,95,987,28631
train,liquid,95,21085,28643
train,liquid,95,90673,28644
train,liquid,95,40558,28659
train,liquid,95,6041,28660
train,liquid,95,48762,28661
train,liquid,95,96000,28664
train,liquid,95,76214,28683
train,liquid,95,69213,28697
train,liquid,95,54038,28702
train,liquid,95,78372,28736
train,liquid,95,28271,28765
train,liquid,95,11487,28769
train,liquid,95,97757,28778
train,liquid,95,28464,28779
train,liquid,95,41271,28781
train,liquid,95,35128,28782
train,liquid,95,9474,28789
train,liquid,96,22836,28818
train,liquid,96,19514,28826
train,liquid,96,84674,28829
train,liquid,96,89952,28865
train,liquid,96,78747,28873
train,liquid,96,81916,28915
train,liquid,96,46554,28926
train,liquid,96,2184,28932
train,liquid,96,104443,28943
train,liquid,96,71979,28960
train,liquid,96,36969,28968
train,liquid,96,78793,28996
train,liquid,96,17753,28997
train,liquid,96,16936,29003
train,liquid,96,74962,29008
train,liquid,96,50624,29012
train,liquid,96,64257,29021
train,liquid,96,40684,29026
train,liquid,96,82841,29028
train,liquid,96,23754,29035
train,liquid,96,47335,29050
train,liquid,96,55271,29054
train,liquid,96,104056,29060
train,liquid,96,81415,29073
train,liquid,96,11455,29087
train,liquid,96,67991,29091
train,liquid,96,11541,29093
train,liquid,96,76503,29096
train,liquid,97,14897,29111
train,liquid,97,30130,29118
train,liquid,97,2635,29125
train,liquid,97,60437,29132
train,liquid,97,55952,29136
train,liquid,97,70190,29150
train,liquid,97,82099,29163
train,liquid,97,45472,29179
train,liquid,97,107716,29198
train,liquid,97,72467,29202
train,liquid,97,79663,29209
train,liquid,97,3665,29214
train,liquid,97,87169,29215
train,liquid,97,93645,29237
train,liquid,97,30750,29240
train,liquid,97,91299,29243
train,liquid,97,103585,29251
train,liquid,97,40866,29253
train,liquid,97,16834,29259
train,liquid,97,88793,29264
train,liquid,97,96762,29274
train,liquid,97,37609,29278
train,liquid,97,14666,29285
train,liquid,97,21570,29291
train,liquid,97,41948,29293
train,liquid,97,10366,29302
train,liquid,97,5001,29322
train,liquid,97,60219,29342
train,liquid,97,54477,29344
train,liquid,97,64548,29353
train,liquid,97,69600,29369
train,liquid,97,36395,29377
train,liquid,98,44591,29435
train,liquid,98,69215,29446
train,liquid,98,74332,29452
train,liquid,98,86851,29454
train,liquid,98,62314,29464
train,liquid,98,107139,29473
train,liquid,98,39331,29486
train,liquid,98,83547,29512
train,liquid,98,21887,29522
train,liquid,98,95880,29565
train,liquid,98,90305,29594
train,liquid,98,52349,29606
train,liquid,98,37377,29607
train,liquid,98,75582,29622
train,liquid,98,61551,29623
train,liquid,98,40129,29646
train,liquid,98,26014,29658
train,liquid,98,7049,29664
train,liquid,98,106311,29691
train,liquid,98,53063,29694
train,liquid,99,47852,29700
train,liquid,99,50858,29709
train,liquid,99,86369,29714
train,liquid,99,2646,29718
train,liquid,99,60966,29731
train,liquid,99,80668,29733
train,liquid,99,52350,29736
train,liquid,99,75394,29738
train,liquid,99,55729,29755
train,liquid,99,13482,29760
train,liquid,99,7232,29761
train,liquid,99,18294,29766
train,liquid,99,47028,29816
train,liquid,99,39751,29822
train,liquid,99,83864,29826
train,liquid,99,49178,29904
train,liquid,99,34448,29906
train,liquid,99,46111,29914
train,liquid,99,46697,29926
train,liquid,99,70349,29928
train,liquid,99,31981,29931
train,liquid,99,23467,29938
train,liquid,99,34896,29940
train,liquid,99,107382,29945
train,liquid,99,107987,29960
train,liquid,99,84009,29961
train,liquid,99,78543,29985
train,liquid,99,23471,29995
train,liquid,100,86773,30006
train,liquid,100,60019,30026
train,liquid,100,23761,30039
train,liquid,100,23636,30046
train,liquid,100,20240,30053
train,liquid,100,50712,30054
train,liquid,100,67861,30060
train,liquid,100,11902,30068
train,liquid,100,98979,30069
train,liquid,100,33937,30090
train,liquid,100,89812,30094
train,liquid,100,28228,30105
train,liquid,100,5535,30111
train,liquid,100,40621,30121
train,liquid,100,76269,30137
train,liquid,100,107987,30141
train,liquid,100,88336,30144
train,liquid,100,28806,30148
train,liquid,100,15753,30169
train,liquid,100,19101,30179
train,liquid,100,19493,30180
train,liquid,100,4704,30181
train,liquid,100,34904,30186
train,liquid,100,28499,30191
train,liquid,100,24036,30195
train,liquid,100,16946,30200
train,liquid,100,88997,30210
train,liquid,100,6525,30223
train,liquid,100,73093,30229
train,liquid,100,8775,30232
train,liquid,100,73016,30236
train,liquid,100,97693,30241
train,liquid,100,62698,30265
train,liquid,100,42258,30270
train,liquid,100,22179,30282
train,liquid,100,19542,30283
train,liquid,101,5652,30321
train,liquid,101,99135,30337
train,liquid,101,41026,30360
train,liquid,101,2009,30366
train,liquid,101,25669,30385
train,liquid,101,14230,30386
train,liquid,101,32057,30402
train,liquid,101,88537,30418
train,liquid,101,16463,30419
train,liquid,101,59755,30436
train,liquid,101,6104,30448
train,liquid,101,29517,30457
train,liquid,101,22819,30462
train,liquid,101,54487,30489
train,liquid,101,56305,30503
train,liquid,101,44606,30505
train,liquid,101,23461,30549
train,liquid,101,2803,30570
train,liquid,101,97706,30596
train,liquid,102,39361,30601
train,liquid,102,2531,30602
train,liquid,102,91769,30623
train,liquid,102,101525,30643
train,liquid,102,23740,30644
train,liquid,102,64094,30675
train,liquid,102,66129,30695
train,liquid,102,451,30700
train,liquid,102,105190,30701
train,liquid,102,26539,30710
train,liquid,102,85507,30717
train,liquid,102,102463,30762
train,liquid,102,46577,30780
train,liquid,102,37164,30793
train,liquid,102,74396,30794
train,liquid,102,53769,30806
train,liquid,102,106211,30821
train,liquid,102,45929,30822
train,liquid,102,5033,30829
train,liquid,102,100304,30840
train,liquid,102,841,30855
train,liquid,102,38811,30859
train,liquid,102,63980,30869
train,liquid,102,100056,30877
train,liquid,102,40442,30883
train,liquid,102,39899,30890
train,liquid,103,47988,30906
train,liquid,103,1441,30923
train,liquid,103,87879,30934
train,liquid,103,32337,30942
train,liquid,103,90040,30965
train,liquid,103,75763,30971
train,liquid,103,46096,30972
train,liquid,103,97849,30979
train,liquid,103,95456,30987
train,liquid,103,60851,30999
train,liquid,103,87665,31026
train,liquid,103,36755,31054
train,liquid,103,99327,31068
train,liquid,103,15241,31072
train,liquid,103,78402,31086
train,liquid,103,50777,31103
train,liquid,103,97592,31117
train,liquid,103,94928,31136
train,liquid,103,85737,31154
train,liquid,103,87759,31157
train,liquid,103,30436,31160
train,liquid,103,100537,31169
train,liquid,103,56901,31176
train,liquid,103,38899,31178
train,liquid,103,16667,31181
train,liquid,103,99453,31188
train,liquid,103,84781,31193
train,liquid,104,96850,31201
train,liquid,104,66799,31209
train,liquid,104,12211,31211
train,liquid,104,13285,31228
train,liquid,104,36443,31247
train,liquid,104,12973,31259
train,liquid,104,75082,31290
train,liquid,104,101698,31300
train,liquid,104,1035,31305
train,liquid,104,18587,31312
train,liquid,104,53022,31320
train,liquid,104,91832,31321
train,liquid,104,43098,31332
train,liquid,104,19778,31339
train,liquid,104,521,31370
train,liquid,104,32161,31372
train,liquid,104,66652,31373
train,liquid,104,88643,31379
train,liquid,104,71725,31384
train,liquid,104,80369,31387
train,liquid,104,39460,31410
train,liquid,104,20888,31433
train,liquid,104,39154,31471
train,liquid,104,14870,31491
train,liquid,104,91262,31493
train,liquid,104,79216,31498
train,liquid,105,34461,31500
train,liquid,105,33396,31517
train,liquid,105,38444,31548
train,liquid,105,89032,31558
train,liquid,105,8903,31568
train,liquid,105,89591,31592
train,liquid,105,107645,31595
train,liquid,105,62362,31625
train,liquid,105,21053,31634
train,liquid,105,27585,31643
train,liquid,105,97139,31664
train,liquid,105,73036,31684
train,liquid,105,67237,31687
train,liquid,105,99580,31688
train,liquid,105,41541,31710
train,liquid,105,25535,31711
train,liquid,105,81289,31715
train,liquid,105,106898,31718
train,liquid,105,35786,31719
train,liquid,105,48084,31723
train,liquid,105,59511,31742
train,liquid,105,96054,31746
train,liquid,105,4317,31747
train,liquid,105,27293,31749
train,liquid,105,27468,31751
train,liquid,105,97882,31753
train,liquid,105,49994,31765
train,liquid,110,69900,33000
train,liquid,110,72067,33004
train,liquid,110,78032,33010
train,liquid,110,30099,33016
train,liquid,110,92698,33020
train,liquid,110,34323,33055
train,liquid,110,28116,33060
train,liquid,110,1576,33066
train,liquid,110,97720,33068
train,liquid,110,94126,33072
train,liquid,110,27764,33081
train,liquid,110,10754,33085
train,liquid,110,8979,33088
train,liquid,110,49042,33098
train,liquid,110,18097,33107
train,liquid,110,10158,33111
train,liquid,110,70797,33122
train,liquid,110,82489,33125
train,liquid,110,98139,33130
train,liquid,110,58952,33157
train,liquid,110,71103,33170
train,liquid,110,34710,33180
train,liquid,110,90752,33189
train,liquid,110,27405,33218
train,liquid,110,83258,33226
train,liquid,110,74718,33242
train,liquid,110,5056,33277
train,liquid,110,18847,33281
train,liquid,110,22196,33288
train,liquid,110,8357,33289
train,liquid,111,3463,33312
train,liquid,111,98252,33333
train,liquid,111,37671,33341
train,liquid,111,76064,33349
train,liquid,111,106284,33352
train,liquid,111,87493,33379
train,liquid,111,55992,33389
train,liquid,111,1553,33399
train,liquid,111,60579,33405
train,liquid,111,63643,33408
train,liquid,111,28056,33414
train,liquid,111,104261,33429
train,liquid,111,97359,33458
train,liquid,111,13328,33459
train,liquid,111,89853,33460
train,liquid,111,99511,33464
train,liquid,111,55222,33475
train,liquid,111,58156,33476
train,liquid,111,91515,33477
train,liquid,111,76456,33488
train,liquid,111,72059,33520
train,liquid,111,101153,33523
train,liquid,111,14980,33527
train,liquid,111,59242,33535
train,liquid,111,28452,33545
train,liquid,111,20128,33577
train,liquid,112,36405,33623
train,liquid,112,61525,33624
train,liquid,112,29458,33625
train,liquid,112,85127,33631
train,liquid,112,83941,33649
train,liquid,112,106972,33664
train,liquid,112,74725,33673
train,liquid,112,102887,33686
train,liquid,112,31477,33706
train,liquid,112,87737,33708
train,liquid,112,1413,33709
train,liquid,112,70122,33712
train,liquid,112,79127,33714
train,liquid,112,69154,33741
train,liquid,112,102990,33745
train,liquid,112,43218,33748
train,liquid,112,19355,33752
train,liquid,112,42621,33760
train,liquid,112,65634,33761
train,liquid,112,53924,33773
train,liquid,112,94768,33787
train,liquid,112,94439,33807
train,liquid,112,103245,33816
train,liquid,112,76691,33817
train,liquid,112,79260,33826
train,liquid,112,41709,33860
train,liquid,112,11112,33864
train,liquid,112,97301,33880
train,liquid,112,80295,33883
train,liquid,114,16671,34233
train,liquid,114,66316,34234
train,liquid,114,14570,34251
train,liquid,114,50160,34254
train,liquid,114,92636,34266
train,liquid,114,42507,34267
train,liquid,114,42478,34318
train,liquid,114,22427,34319
train,liquid,114,86879,34336
train,liquid,114,98753,34337
train,liquid,114,92268,34359
train,liquid,114,21472,34361
train,liquid,114,23735,34381
train,liquid,114,83570,34392
train,liquid,114,78104,34399
train,liquid,114,4517,34415
train,liquid,114,21586,34446
train,liquid,114,81847,34448
train,liquid,114,19242,34452
train,liquid,114,41749,34458
train,liquid,114,78995,34459
train,liquid,114,32560,34465
train,liquid,114,64082,34471
train,liquid,114,38203,34476
train,liquid,114,20049,34489
train,liquid,115,64801,34509
train,liquid,115,44149,34514
train,liquid,115,65061,34536
train,liquid,115,24484,34540
train,liquid,115,67965,34552
train,liquid,115,23391,34553
train,liquid,115,6958,34577
train,liquid,115,72856,34588
train,liquid,115,31258,34589
train,liquid,115,105852,34601
train,liquid,115,64364,34604
train,liquid,115,24959,34625
train,liquid,115,15299,34662
train,liquid,115,72958,34664
train,liquid,115,17055,34673
train,liquid,115,72734,34719
train,liquid,115,101731,34726
train,liquid,115,23948,34766
train,liquid,115,104931,34769
train,liquid,115,24635,34789
train,liquid,115,99213,34795
train,liquid,119,14316,35701
train,liquid,119,90169,35709
train,liquid,119,103806,35737
train,liquid,119,77188,35739
train,liquid,119,67707,35741
train,liquid,119,9456,35757
train,liquid,119,29523,35768
train,liquid,119,22751,35771
train,liquid,119,11550,35791
train,liquid,119,36740,35805
train,liquid,119,58420,35806
train,liquid,119,71827,35825
train,liquid,119,90203,35840
train,liquid,119,84804,35870
train,liquid,119,81350,35882
train,liquid,119,18938,35887
train,liquid,119,4050,35891
train,liquid,119,7714,35909
train,liquid,119,104050,35911
train,liquid,119,106785,35922
train,liquid,119,105640,35929
train,liquid,119,87333,35932
train,liquid,119,31866,35935
train,liquid,119,55871,35939
train,liquid,119,28382,35943
train,liquid,119,74017,35948
train,liquid,119,55004,35953
train,liquid,119,31817,35958
train,liquid,119,78141,35962
train,liquid,119,16724,35967
train,liquid,119,26841,35974
train,liquid,119,18957,35988
train,liquid,119,58656,35994
train,liquid,120,49481,36009
train,liquid,120,72626,36012
train,liquid,120,29242,36037
train,liquid,120,106178,36062
train,liquid,120,52235,36073
train,liquid,120,107565,36082
train,liquid,120,60320,36088
train,liquid,120,2923,36097
train,liquid,120,105132,36102
train,liquid,120,98376,36103
train,liquid,120,102243,36107
train,liquid,120,103720,36109
train,liquid,120,66464,36123
train,liquid,120,55179,36125
train,liquid,120,75913,36135
train,liquid,120,19841,36147
train,liquid,120,17412,36151
train,liquid,120,22382,36157
train,liquid,120,4277,36170
train,liquid,120,43143,36184
train,liquid,120,61160,36186
train,liquid,120,80412,36191
train,liquid,120,18853,36204
train,liquid,120,52488,36205
train,liquid,120,62998,36212
train,liquid,120,103012,36226
train,liquid,120,84361,36253
train,liquid,120,68120,36262
train,liquid,120,7780,36274
train,liquid,120,84637,36277
train,liquid,120,955,36282
train,liquid,120,90090,36286
train,liquid,120,98486,36292
train,liquid,120,30011,36296
train,liquid,122,56026,36603
train,liquid,122,56488,36613
train,liquid,122,17035,36620
train,liquid,122,352,36627
train,liquid,122,52369,36639
train,liquid,122,63101,36664
train,liquid,122,79682,36670
train,liquid,122,120,36698
train,liquid,122,13929,36700
train,liquid,122,3989,36706
train,liquid,122,57309,36726
train,liquid,122,68706,36734
train,liquid,122,1070,36741
train,liquid,122,31404,36759
train,liquid,122,92510,36760
train,liquid,122,15842,36765
train,liquid,122,22833,36769
train,liquid,122,11247,36783
train,liquid,122,53056,36789
train,liquid,122,76190,36802
train,liquid,122,41031,36811
train,liquid,122,88085,36821
train,liquid,122,37834,36836
train,liquid,122,85232,36847
train,liquid,122,73926,36859
train,liquid,122,9818,36860
train,liquid,122,60194,36871
train,liquid,122,95760,36872
train,liquid,122,76102,36891
train,liquid,124,83096,37203
train,liquid,124,36007,37205
train,liquid,124,47238,37212
train,liquid,124,60123,37220
train,liquid,124,58946,37224
train,liquid,124,43364,37242
train,liquid,124,106520,37248
train,liquid,124,9640,37267
train,liquid,124,40675,37278
train,liquid,124,44529,37293
train,liquid,124,70385,37300
train,liquid,124,39621,37307
train,liquid,124,16040,37319
train,liquid,124,45374,37323
train,liquid,124,10261,37340
train,liquid,124,51572,37363
train,liquid,124,39120,37377
train,liquid,124,72259,37387
train,liquid,124,100745,37390
train,liquid,124,90263,37406
train,liquid,124,13887,37412
train,liquid,124,57972,37414
train,liquid,124,52201,37434
train,liquid,124,45117,37442
train,liquid,124,78761,37449
train,liquid,124,30968,37464
train,liquid,124,75945,37467
train,liquid,124,24314,37476
train,liquid,124,50838,37484
train,liquid,125,43895,37505
train,liquid,125,20123,37510
train,liquid,125,18652,37511
train,liquid,125,14331,37512
train,liquid,125,49594,37518
train,liquid,125,51538,37529
train,liquid,125,30927,37541
train,liquid,125,88405,37547
train,liquid,125,89538,37548
train,liquid,125,25440,37551
train,liquid,125,85850,37581
train,liquid,125,51332,37595
train,liquid,125,34520,37601
train,liquid,125,100175,37610
train,liquid,125,21537,37621
train,liquid,125,70296,37634
train,liquid,125,25478,37654
train,liquid,125,37774,37660
train,liquid,125,66348,37663
train,liquid,125,71149,37688
train,liquid,125,32844,37690
train,liquid,125,47510,37702
train,liquid,125,6331,37731
train,liquid,125,29039,37732
train,liquid,125,76460,37736
train,liquid,125,5067,37739
train,liquid,125,80943,37744
train,liquid,125,35887,37759
train,liquid,125,74672,37776
train,liquid,125,73990,37779
train,liquid,125,29677,37782
train,liquid,125,96382,37799
train,liquid,126,71859,37807
train,liquid,126,30315,37809
train,liquid,126,51146,37810
train,liquid,126,34874,37813
train,liquid,126,36248,37825
train,liquid,126,107032,37826
train,liquid,126,29532,37834
train,liquid,126,83528,37853
train,liquid,126,11471,37862
train,liquid,126,23615,37886
train,liquid,126,105485,37902
train,liquid,126,45289,37904
train,liquid,126,20685,37920
train,liquid,126,24522,37932
train,liquid,126,58938,37960
train,liquid,126,64939,37972
train,liquid,126,49315,37973
train,liquid,126,62133,37975
train,liquid,126,52793,37991
train,liquid,126,43100,38018
train,liquid,126,14013,38019
train,liquid,126,93312,38038
train,liquid,126,72225,38062
train,liquid,126,25990,38075
train,liquid,126,98519,38081
train,liquid,127,51338,38141
train,liquid,127,79585,38144
train,liquid,127,82322,38161
train,liquid,127,80340,38165
train,liquid,127,88889,38175
train,liquid,127,28663,38181
train,liquid,127,93550,38186
train,liquid,127,59687,38189
train,liquid,127,4597,38196
train,liquid,127,81532,38197
train,liquid,127,39911,38200
train,liquid,127,86838,38204
train,liquid,127,51214,38205
train,liquid,127,104198,38208
train,liquid,127,83434,38236
train,liquid,127,80682,38261
train,liquid,127,30992,38269
train,liquid,127,17198,38282
train,liquid,127,16606,38286
train,liquid,127,47766,38289
train,liquid,127,104599,38293
train,liquid,127,63474,38294
train,liquid,127,55191,38298
train,liquid,127,33715,38302
train,liquid,127,96334,38309
train,liquid,127,71460,38323
train,liquid,127,42288,38328
train,liquid,127,32006,38331
train,liquid,127,19571,38344
train,liquid,127,64634,38349
train,liquid,127,68423,38353
train,liquid,127,76547,38361
train,liquid,127,102701,38376
train,liquid,128,48263,38404
train,liquid,128,26451,38406
train,liquid,128,102716,38426
train,liquid,128,65886,38442
train,liquid,128,48637,38471
train,liquid,128,105215,38508
train,liquid,128,19339,38530
train,liquid,128,15574,38531
train,liquid,128,95318,38538
train,liquid,128,89600,38540
train,liquid,128,47250,38563
train,liquid,128,12858,38567
train,liquid,128,32901,38572
train,liquid,128,96970,38623
train,liquid,128,60887,38628
train,liquid,128,100781,38643
train,liquid,128,30296,38652
train,liquid,128,24161,38656
train,liquid,128,5101,38677
train,liquid,129,64990,38701
train,liquid,129,83307,38708
train,liquid,129,106762,38713
train,liquid,129,37250,38743
train,liquid,129,57904,38804
train,liquid,129,21524,38814
train,liquid,129,16071,38824
train,liquid,129,94676,38843
train,liquid,129,30900,38844
train,liquid,129,35668,38851
train,liquid,129,27628,38859
train,liquid,129,84275,38862
train,liquid,129,60460,38881
train,liquid,129,70334,38895
train,liquid,129,93253,38907
train,liquid,129,43662,38913
train,liquid,129,76420,38918
train,liquid,129,43159,38922
train,liquid,129,94029,38987
train,liquid,129,51315,38993
train,liquid,129,77611,38994
train,liquid,129,7094,38997
train,liquid,131,104911,39312
train,liquid,131,49950,39317
train,liquid,131,15659,39338
train,liquid,131,36272,39347
train,liquid,131,15889,39356
train,liquid,131,31683,39373
train,liquid,131,93794,39377
train,liquid,131,104563,39415
train,liquid,131,43393,39416
train,liquid,131,39171,39418
train,liquid,131,23461,39456
train,liquid,131,25707,39508
train,liquid,131,99741,39527
train,liquid,131,84849,39534
train,liquid,131,6876,39554
train,liquid,131,81346,39555
train,liquid,131,81446,39559
train,liquid,131,54634,39573
train,liquid,131,12905,39576
train,liquid,131,72821,39595
train,liquid,131,26692,39599
train,liquid,132,57837,39608
train,liquid,132,29312,39614
train,liquid,132,22276,39622
train,liquid,132,40211,39663
train,liquid,132,21737,39679
train,liquid,132,11925,39690
train,liquid,132,60542,39692
train,liquid,132,43977,39695
train,liquid,132,83648,39698
train,liquid,132,97276,39716
train,liquid,132,73280,39727
train,liquid,132,69169,39728
train,liquid,132,76685,39730
train,liquid,132,97422,39742
train,liquid,132,96958,39765
train,liquid,132,40841,39774
train,liquid,132,79229,39778
train,liquid,132,68952,39784
train,liquid,132,91676,39787
train,liquid,132,49299,39790
train,liquid,132,67649,39801
train,liquid,132,61702,39810
train,liquid,132,107720,39816
train,liquid,132,88852,39820
train,liquid,132,35602,39837
train,liquid,132,90915,39838
train,liquid,132,96200,39850
train,liquid,132,57343,39852
train,liquid,132,25916,39858
train,liquid,132,21215,39866
train,liquid,132,10575,39868
train,liquid,132,28143,39872
train,liquid,132,78912,39873
train,liquid,132,97649,39876
train,liquid,132,3522,39883
train,liquid,132,85345,39891
train,liquid,132,11350,39896
train,liquid,133,90988,39961
train,liquid,133,27233,39970
train,liquid,133,67383,39980
train,liquid,133,52913,39988
train,liquid,133,41188,39991
train,liquid,133,45254,39993
train,liquid,133,16138,40015
train,liquid,133,61504,40021
train,liquid,133,5225,40024
train,liquid,133,26939,40026
train,liquid,133,94434,40041
train,liquid,133,58306,40064
train,liquid,133,11980,40091
train,liquid,133,15639,40095
train,liquid,133,69070,40106
train,liquid,133,6594,40111
train,liquid,133,4595,40115
train,liquid,133,106140,40119
train,liquid,133,2480,40138
train,liquid,133,95731,40152
train,liquid,133,103403,40164
train,liquid,133,53687,40166
train,liquid,133,41521,40185
train,liquid,133,58605,40194
train,liquid,134,14019,40201
train,liquid,134,89795,40204
train,liquid,134,17992,40213
train,liquid,134,56691,40218
train,liquid,134,18027,40227
train,liquid,134,104453,40232
train,liquid,134,52856,40234
train,liquid,134,85936,40242
train,liquid,134,2058,40269
train,liquid,134,15502,40271
train,liquid,134,72635,40283
train,liquid,134,44717,40289
train,liquid,134,68636,40306
train,liquid,134,69390,40310
train,liquid,134,15456,40320
train,liquid,134,49609,40337
train,liquid,134,43524,40351
train,liquid,134,10195,40359
train,liquid,134,30391,40360
train,liquid,134,61711,40364
train,liquid,134,47369,40367
train,liquid,134,89552,40390
train,liquid,134,13312,40415
train,liquid,134,77692,40423
train,liquid,134,49876,40428
train,liquid,134,95927,40451
train,liquid,134,64581,40457
train,liquid,134,65895,40460
train,liquid,134,53696,40472
train,liquid,134,15310,40478
train,liquid,134,13083,40481
train,liquid,134,67232,40499
train,liquid,135,14452,40508
train,liquid,135,52429,40513
train,liquid,135,74260,40514
train,liquid,135,47129,40518
train,liquid,135,80653,40521
train,liquid,135,16268,40526
train,liquid,135,13018,40547
train,liquid,135,53827,40562
train,liquid,135,2113,40565
train,liquid,135,64963,40573
train,liquid,135,97684,40581
train,liquid,135,14851,40588
train,liquid,135,26655,40611
train,liquid,135,32769,40618
train,liquid,135,7922,40653
train,liquid,135,104023,40681
train,liquid,135,60565,40683
train,liquid,135,87145,40687
train,liquid,135,10509,40690
train,liquid,135,69007,40691
train,liquid,135,23269,40693
train,liquid,135,75158,40712
train,liquid,135,26226,40723
train,liquid,135,1832,40752
train,liquid,135,58269,40754
train,liquid,135,97226,40762
train,liquid,135,18265,40765
train,liquid,135,102984,40768
train,liquid,135,22435,40775
train,liquid,135,92570,40776
train,liquid,135,9498,40798
train,liquid,137,41132,41106
train,liquid,137,2428,41108
train,liquid,137,46733,41110
train,liquid,137,81411,41133
train,liquid,137,105968,41136
train,liquid,137,103621,41139
train,liquid,137,33603,41188
train,liquid,137,48369,41209
train,liquid,137,83618,41211
train,liquid,137,97742,41212
train,liquid,137,37848,41220
train,liquid,137,44768,41235
train,liquid,137,29006,41270
train,liquid,137,20424,41279
train,liquid,137,10865,41288
train,liquid,137,101704,41289
train,liquid,137,50345,41292
train,liquid,137,9913,41297
train,liquid,137,107386,41299
train,liquid,137,25158,41314
train,liquid,137,78009,41323
train,liquid,137,92459,41336
train,liquid,137,29963,41348
train,liquid,137,51838,41359
train,liquid,137,62975,41367
train,liquid,137,106954,41373
train,liquid,140,87492,42018
train,liquid,140,56641,42028
train,liquid,140,26896,42029
train,liquid,140,21296,42030
train,liquid,140,53305,42031
train,liquid,140,7257,42034
train,liquid,140,15463,42079
train,liquid,140,58722,42091
train,liquid,140,65031,42094
train,liquid,140,65249,42105
train,liquid,140,57050,42111
train,liquid,140,75870,42126
train,liquid,140,34603,42134
train,liquid,140,24697,42151
train,liquid,140,64141,42153
train,liquid,140,57077,42156
train,liquid,140,63505,42157
train,liquid,140,97087,42158
train,liquid,140,31438,42174
train,liquid,140,11775,42195
train,liquid,140,76150,42196
train,liquid,140,91392,42198
train,liquid,140,40098,42202
train,liquid,140,89493,42211
train,liquid,140,54895,42212
train,liquid,140,85081,42217
train,liquid,140,105731,42221
train,liquid,140,69298,42248
train,liquid,140,12292,42250
train,liquid,140,8071,42264
train,liquid,140,40526,42270
train,liquid,140,51031,42273
train,liquid,140,103388,42288
train,liquid,140,46110,42293
train,liquid,142,96733,42605
train,liquid,142,64198,42620
train,liquid,142,30628,42622
train,liquid,142,36756,42627
train,liquid,142,107459,42638
train,liquid,142,91360,42641
train,liquid,142,82940,42654
train,liquid,142,7735,42660
train,liquid,142,1426,42667
train,liquid,142,50999,42681
train,liquid,142,68278,42701
train,liquid,142,53384,42705
train,liquid,142,28274,42710
train,liquid,142,52883,42719
train,liquid,142,61407,42729
train,liquid,142,21884,42732
train,liquid,142,49332,42734
train,liquid,142,51637,42747
train,liquid,142,50098,42753
train,liquid,142,34222,42756
train,liquid,142,96604,42764
train,liquid,142,76523,42778
train,liquid,142,2220,42784
train,liquid,142,49508,42785
train,liquid,142,13925,42787
train,liquid,142,25651,42795
train,liquid,142,71858,42809
train,liquid,142,10297,42821
train,liquid,142,17630,42822
train,liquid,142,64553,42836
train,liquid,142,65380,42884
train,liquid,142,56646,42886
train,liquid,142,91298,42891
train,liquid,142,21522,42892
train,liquid,142,34202,42894
train,liquid,143,101872,42900
train,liquid,143,85889,42921
train,liquid,143,107112,42930
train,liquid,143,48747,42939
train,liquid,143,104316,42940
train,liquid,143,17421,42945
train,liquid,143,105706,42951
train,liquid,143,51500,42952
train,liquid,143,92013,42956
train,liquid,143,94477,42966
train,liquid,143,87897,42970
train,liquid,143,12918,42990
train,liquid,143,67157,42993
train,liquid,143,60827,43004
train,liquid,143,36669,43025
train,liquid,143,17668,43030
train,liquid,143,7110,43049
train,liquid,143,1115,43092
train,liquid,143,36856,43094
train,liquid,143,27277,43111
train,liquid,143,62707,43121
train,liquid,143,83479,43127
train,liquid,143,5046,43128
train,liquid,143,84335,43178
train,liquid,143,91552,43181
train,liquid,143,71817,43183
train,liquid,143,28874,43197
train,liquid,144,52133,43230
train,liquid,144,3721,43244
train,liquid,144,106912,43248
train,liquid,144,88964,43250
train,liquid,144,104907,43259
train,liquid,144,103937,43296
train,liquid,144,69790,43307
train,liquid,144,3188,43336
train,liquid,144,5704,43337
train,liquid,144,6035,43340
train,liquid,144,44221,43351
train,liquid,144,78281,43363
train,liquid,144,41820,43366
train,liquid,144,36682,43374
train,liquid,144,18229,43388
train,liquid,144,18331,43393
train,liquid,144,106728,43420
train,liquid,144,74119,43438
train,liquid,144,73711,43447
train,liquid,144,53537,43460
train,liquid,144,76953,43466
train,liquid,144,50487,43469
train,liquid,144,31925,43481
train,liquid,144,87224,43484
train,liquid,144,82162,43491
train,liquid,144,102880,43497
train,liquid,145,21344,43538
train,liquid,145,18229,43541
train,liquid,145,83531,43546
train,liquid,145,59527,43563
train,liquid,145,52915,43574
train,liquid,145,66919,43585
train,liquid,145,41684,43597
train,liquid,145,73760,43601
train,liquid,145,15462,43602
train,liquid,145,60991,43635
train,liquid,145,10432,43641
train,liquid,145,82156,43644
train,liquid,145,82035,43653
train,liquid,145,103715,43657
train,liquid,145,40981,43676
train,liquid,145,17088,43679
train,liquid,145,40308,43685
train,liquid,145,91280,43688
train,liquid,145,65397,43695
train,liquid,145,96972,43698
train,liquid,145,62986,43701
train,liquid,145,70768,43708
train,liquid,145,14289,43712
train,liquid,145,81805,43715
train,liquid,145,10855,43725
train,liquid,145,81975,43756
train,liquid,145,11766,43761
train,liquid,145,82391,43786
train,liquid,145,3549,43787
train,liquid,146,107733,43800
train,liquid,146,12901,43807
train,liquid,146,5963,43814
train,liquid,146,72886,43820
train,liquid,146,28152,43829
train,liquid,146,60425,43840
train,liquid,146,58,43849
train,liquid,146,37084,43858
train,liquid,146,24106,43860
train,liquid,146,54162,43864
train,liquid,146,86407,43866
train,liquid,146,89735,43867
train,liquid,146,12804,43882
train,liquid,146,8344,43887
train,liquid,146,55012,43890
train,liquid,146,83118,43894
train,liquid,146,107699,43925
train,liquid,146,57243,43935
train,liquid,146,42883,43937
train,liquid,146,91354,43955
train,liquid,146,52629,43956
train,liquid,146,52370,43965
train,liquid,146,25742,44001
train,liquid,146,24268,44002
train,liquid,146,94505,44015
train,liquid,146,65885,44032
train,liquid,146,24249,44044
train,liquid,146,101334,44061
train,liquid,146,85794,44065
train,liquid,146,84059,44074
train,liquid,146,97295,44085
train,liquid,146,102677,44086
train,liquid,146,28157,44098
train,liquid,148,27678,44402
train,liquid,148,85825,44405
train,liquid,148,34044,44438
train,liquid,148,64905,44451
train,liquid,148,31123,44474
train,liquid,148,981,44482
train,liquid,148,3550,44492
train,liquid,148,93925,44499
train,liquid,148,489,44536
train,liquid,148,600,44542
train,liquid,148,59418,44544
train,liquid,148,40976,44551
train,liquid,148,107065,44560
train,liquid,148,74336,44579
train,liquid,148,15680,44581
train,liquid,148,36586,44603
train,liquid,148,79224,44604
train,liquid,148,83818,44636
train,liquid,148,76243,44641
train,liquid,148,76556,44658
train,liquid,148,77452,44678
train,liquid,148,43952,44685
train,liquid,148,41577,44690
train,liquid,148,32177,44698
train,liquid,149,8315,44701
train,liquid,149,67038,44708
train,liquid,149,38030,44715
train,liquid,149,75919,44726
train,liquid,149,89676,44734
train,liquid,149,28081,44739
train,liquid,149,92299,44754
train,liquid,149,39519,44818
train,liquid,149,39315,44839
train,liquid,149,23832,44858
train,liquid,149,67790,44878
train,liquid,149,63473,44899
train,liquid,149,35907,44918
train,liquid,149,67681,44925
train,liquid,149,62099,44929
train,liquid,149,91719,44932
train,liquid,149,3395,44952
train,liquid,149,22937,44956
train,liquid,149,74121,44969
train,liquid,149,19177,44979
train,liquid,150,82886,45008
train,liquid,150,21869,45018
train,liquid,150,28969,45024
train,liquid,150,28359,45027
train,liquid,150,12357,45028
train,liquid,150,12255,45033
train,liquid,150,50848,45039
train,liquid,150,48917,45043
train,liquid,150,18170,45065
train,liquid,150,34657,45067
train,liquid,150,72804,45105
train,liquid,150,45394,45106
train,liquid,150,88059,45112
train,liquid,150,55435,45118
train,liquid,150,52958,45121
train,liquid,150,49738,45139
train,liquid,150,71983,45142
train,liquid,150,107120,45145
train,liquid,150,87983,45149
train,liquid,150,64836,45169
train,liquid,150,48196,45176
train,liquid,150,6447,45186
train,liquid,150,28947,45214
train,liquid,150,92283,45234
train,liquid,150,93583,45250
train,liquid,150,52391,45265
train,liquid,150,90765,45267
train,liquid,150,106567,45283
train,liquid,150,34711,45293
train,liquid,151,17755,45305
train,liquid,151,22869,45306
train,liquid,151,72405,45315
train,liquid,151,96439,45316
train,liquid,151,81051,45318
train,liquid,151,66624,45323
train,liquid,151,93779,45351
train,liquid,151,61857,45363
train,liquid,151,21628,45374
train,liquid,151,50346,45379
train,liquid,151,82584,45403
train,liquid,151,41439,45409
train,liquid,151,61813,45420
train,liquid,151,55561,45440
train,liquid,151,91935,45449
train,liquid,151,96904,45456
train,liquid,151,15485,45485
train,liquid,151,73202,45498
train,liquid,151,87794,45508
train,liquid,151,91000,45529
train,liquid,151,27881,45535
train,liquid,151,3569,45537
train,liquid,151,13872,45542
train,liquid,151,98082,45560
train,liquid,151,63348,45597
train,liquid,152,102430,45601
train,liquid,152,10248,45604
train,liquid,152,18915,45627
train,liquid,152,20215,45648
train,liquid,152,87346,45649
train,liquid,152,1580,45664
train,liquid,152,48872,45672
train,liquid,152,82328,45676
train,liquid,152,46677,45685
train,liquid,152,91826,45689
train,liquid,152,74730,45718
train,liquid,152,82870,45724
train,liquid,152,67616,45731
train,liquid,152,33536,45736
train,liquid,152,77843,45757
train,liquid,152,21583,45765
train,liquid,152,47138,45780
train,liquid,152,57095,45783
train,liquid,152,77938,45786
train,liquid,152,26772,45790
train,liquid,152,68116,45791
train,liquid,152,64523,45808
train,liquid,152,6984,45810
train,liquid,152,13132,45820
train,liquid,152,43979,45821
train,liquid,152,63504,45837
train,liquid,152,30750,45857
train,liquid,152,62424,45867
train,liquid,152,27485,45870
train,liquid,152,22832,45875
train,liquid,152,99206,45881
train,liquid,152,10799,45884
train,liquid,154,68241,46210
train,liquid,154,48713,46216
train,liquid,154,21422,46237
train,liquid,154,60087,46242
train,liquid,154,44266,46255
train,liquid,154,102793,46276
train,liquid,154,31865,46280
train,liquid,154,58130,46304
train,liquid,154,848,46309
train,liquid,154,68096,46314
train,liquid,154,28502,46332
train,liquid,154,66895,46345
train,liquid,154,75155,46349
train,liquid,154,71746,46351
train,liquid,154,49430,46384
train,liquid,154,64542,46407
train,liquid,154,86239,46408
train,liquid,154,91409,46412
train,liquid,154,104800,46426
train,liquid,154,41353,46428
train,liquid,154,105423,46451
train,liquid,154,66902,46452
train,liquid,154,87690,46454
train,liquid,154,86023,46471
train,liquid,154,50794,46478
train,liquid,154,10925,46483
train,liquid,154,86400,46486
train,liquid,157,104323,47110
train,liquid,157,87080,47111
train,liquid,157,51314,47115
train,liquid,157,81199,47116
train,liquid,157,62932,47129
train,liquid,157,98405,47139
train,liquid,157,70542,47150
train,liquid,157,5911,47164
train,liquid,157,22897,47165
train,liquid,157,22322,47168
train,liquid,157,100637,47174
train,liquid,157,73996,47190
train,liquid,157,45073,47194
train,liquid,157,71192,47195
train,liquid,157,52599,47200
train,liquid,157,96375,47201
train,liquid,157,41720,47204
train,liquid,157,93398,47223
train,liquid,157,57450,47239
train,liquid,157,82378,47249
train,liquid,157,75079,47251
train,liquid,157,42490,47263
train,liquid,157,7820,47286
train,liquid,157,91030,47302
train,liquid,157,76825,47306
train,liquid,157,65149,47307
train,liquid,157,50968,47313
train,liquid,157,30383,47351
train,liquid,157,69303,47354
train,liquid,157,97106,47361
train,liquid,157,74791,47362
train,liquid,157,65489,47364
train,liquid,157,107773,47369
train,liquid,157,17291,47379
train,liquid,157,91050,47387
train,liquid,157,82481,47391
train,liquid,157,12998,47399
train,liquid,158,22201,47402
train,liquid,158,58161,47410
train,liquid,158,8934,47421
train,liquid,158,68349,47426
train,liquid,158,106526,47435
train,liquid,158,100717,47449
train,liquid,158,12680,47455
train,liquid,158,94296,47457
train,liquid,158,52455,47465
train,liquid,158,51199,47485
train,liquid,158,26071,47505
train,liquid,158,21954,47511
train,liquid,158,87922,47541
train,liquid,158,48280,47550
train,liquid,158,84156,47552
train,liquid,158,43845,47599
train,liquid,158,92012,47615
train,liquid,158,58225,47636
train,liquid,158,73086,47661
train,liquid,158,102469,47682
train,liquid,158,32879,47693
train,liquid,159,64330,47741
train,liquid,159,31147,47751
train,liquid,159,75236,47755
train,liquid,159,47819,47772
train,liquid,159,54656,47774
train,liquid,159,63925,47778
train,liquid,159,106834,47785
train,liquid,159,40136,47805
train,liquid,159,53992,47812
train,liquid,159,31740,47863
train,liquid,159,77487,47867
train,liquid,159,76142,47871
train,liquid,159,60469,47880
train,liquid,159,66085,47888
train,liquid,159,6858,47910
train,liquid,159,20167,47931
train,liquid,159,42672,47969
train,liquid,159,57846,47980
train,liquid,159,69414,47981
train,liquid,159,40358,47987
train,liquid,159,102688,47992
train,liquid,160,72189,48002
train,liquid,160,99979,48009
train,liquid,160,54107,48013
train,liquid,160,45757,48018
train,liquid,160,62241,48019
train,liquid,160,31176,48027
train,liquid,160,87549,48038
train,liquid,160,13340,48047
train,liquid,160,17936,48053
train,liquid,160,36276,48068
train,liquid,160,21081,48075
train,liquid,160,75996,48090
train,liquid,160,90984,48091
train,liquid,160,50740,48125
train,liquid,160,52774,48140
train,liquid,160,34220,48142
train,liquid,160,61879,48151
train,liquid,160,31846,48161
train,liquid,160,43579,48163
train,liquid,160,81244,48172
train,liquid,160,12103,48193
train,liquid,160,23667,48194
train,liquid,160,19352,48205
train,liquid,160,635,48209
train,liquid,160,38727,48224
train,liquid,160,25807,48238
train,liquid,160,104519,48263
train,liquid,160,13889,48265
train,liquid,160,58885,48270
train,liquid,162,81809,48621
train,liquid,162,50648,48629
train,liquid,162,79811,48666
train,liquid,162,35264,48707
train,liquid,162,81043,48767
train,liquid,162,87184,48774
train,liquid,162,41558,48792
train,liquid,162,17432,48810
train,liquid,162,60386,48825
train,liquid,162,81191,48831
train,liquid,162,42364,48871
train,liquid,162,105293,48875
train,liquid,162,97845,48889
train,liquid,162,100769,48893
train,liquid,162,18791,48894
train,liquid,163,23133,48917
train,liquid,163,107981,48930
train,liquid,163,99861,48959
train,liquid,163,63210,48975
train,liquid,163,58162,48978
train,liquid,163,84631,48991
train,liquid,163,91329,49003
train,liquid,163,53980,49008
train,liquid,163,6156,49029
train,liquid,163,75941,49059
train,liquid,163,35864,49066
train,liquid,163,102959,49072
train,liquid,163,104275,49073
train,liquid,163,80725,49083
train,liquid,163,62433,49084
train,liquid,163,77826,49096
train,liquid,163,88786,49106
train,liquid,163,3238,49108
train,liquid,163,39530,49119
train,liquid,163,99095,49127
train,liquid,163,78501,49137
train,liquid,163,31903,49140
train,liquid,163,46945,49179
train,liquid,163,31786,49183
train,liquid,163,100287,49186
train,liquid,164,17544,49202
train,liquid,164,54673,49207
train,liquid,164,7282,49226
train,liquid,164,59458,49241
train,liquid,164,74513,49255
train,liquid,164,83345,49258
train,liquid,164,42368,49273
train,liquid,164,85882,49276
train,liquid,164,101551,49289
train,liquid,164,68449,49302
train,liquid,164,12278,49333
train,liquid,164,100124,49334
train,liquid,164,95379,49336
train,liquid,164,63399,49342
train,liquid,164,19921,49345
train,liquid,164,23461,49365
train,liquid,164,68109,49366
train,liquid,164,2916,49388
train,liquid,164,50127,49390
train,liquid,164,70342,49391
train,liquid,164,56448,49392
train,liquid,164,49312,49407
train,liquid,164,96408,49416
train,liquid,164,98811,49426
train,liquid,164,17694,49433
train,liquid,164,75911,49448
train,liquid,164,69969,49452
train,liquid,164,69427,49496
train,liquid,166,17273,49805
train,liquid,166,98069,49817
train,liquid,166,11910,49819
train,liquid,166,18654,49822
train,liquid,166,52491,49824
train,liquid,166,14381,49837
train,liquid,166,24310,49855
train,liquid,166,5959,49856
train,liquid,166,4214,49867
train,liquid,166,42746,49875
train,liquid,166,93683,49883
train,liquid,166,54255,49891
train,liquid,166,63248,49912
train,liquid,166,14904,49928
train,liquid,166,94292,49931
train,liquid,166,22906,49941
train,liquid,166,24285,49948
train,liquid,166,91904,49951
train,liquid,166,430,49953
train,liquid,166,18236,49988
train,liquid,166,6791,50004
train,liquid,166,70396,50027
train,liquid,166,65772,50059
train,liquid,166,34636,50064
train,liquid,168,38812,50412
train,liquid,168,79532,50418
train,liquid,168,62899,50432
train,liquid,168,29621,50449
train,liquid,168,36971,50485
train,liquid,168,58590,50489
train,liquid,168,29501,50493
train,liquid,168,28273,50501
train,liquid,168,23591,50517
train,liquid,168,6334,50518
train,liquid,168,50080,50529
train,liquid,168,103076,50532
train,liquid,168,106734,50547
train,liquid,168,58582,50562
train,liquid,168,8392,50572
train,liquid,168,48763,50579
train,liquid,168,13967,50588
train,liquid,168,44937,50591
train,liquid,168,84413,50603
train,liquid,168,64198,50618
train,liquid,168,93018,50629
train,liquid,168,72068,50637
train,liquid,168,97507,50645
train,liquid,168,27318,50653
train,liquid,168,25103,50655
train,liquid,168,96521,50668
train,liquid,168,86372,50682
train,liquid,168,86503,50692
train,liquid,168,47813,50693
train,liquid,168,86142,50699
train,liquid,169,97386,50709
train,liquid,169,51150,50729
train,liquid,169,84437,50735
train,liquid,169,99855,50738
train,liquid,169,36134,50745
train,liquid,169,56344,50751
train,liquid,169,81744,50759
train,liquid,169,17135,50767
train,liquid,169,91923,50789
train,liquid,169,580,50795
train,liquid,169,35961,50824
train,liquid,169,77767,50832
train,liquid,169,107712,50836
train,liquid,169,74552,50851
train,liquid,169,56066,50852
train,liquid,169,14586,50855
train,liquid,169,37119,50859
train,liquid,169,62143,50861
train,liquid,169,28563,50870
train,liquid,169,75746,50881
train,liquid,169,90717,50886
train,liquid,169,11152,50894
train,liquid,169,103713,50907
train,liquid,169,2205,50912
train,liquid,169,96725,50914
train,liquid,169,1537,50966
train,liquid,169,18120,50971
train,liquid,169,93119,50993
train,liquid,169,44242,50995
train,liquid,169,96068,50996
train,liquid,170,25051,51003
train,liquid,170,53209,51015
train,liquid,170,9409,51021
train,liquid,170,4161,51042
train,liquid,170,95532,51043
train,liquid,170,104337,51048
train,liquid,170,65988,51052
train,liquid,170,67117,51087
train,liquid,170,56331,51088
train,liquid,170,79223,51105
train,liquid,170,77731,51113
train,liquid,170,73705,51133
train,liquid,170,18471,51151
train,liquid,170,51529,51171
train,liquid,170,62544,51177
train,liquid,170,26992,51178
train,liquid,170,24658,51188
train,liquid,170,77284,51190
train,liquid,170,2062,51203
train,liquid,170,94672,51212
train,liquid,170,8947,51214
train,liquid,170,24166,51232
train,liquid,170,105807,51234
train,liquid,170,49344,51235
train,liquid,170,53180,51244
train,liquid,170,59813,51245
train,liquid,170,24768,51265
train,liquid,170,35219,51280
train,liquid,172,51831,51610
train,liquid,172,50043,51623
train,liquid,172,76780,51627
train,liquid,172,44079,51629
train,liquid,172,16634,51638
train,liquid,172,32047,51672
train,liquid,172,94706,51682
train,liquid,172,18874,51686
train,liquid,172,27961,51707
train,liquid,172,44714,51714
train,liquid,172,28594,51723
train,liquid,172,65946,51735
train,liquid,172,9980,51739
train,liquid,172,37539,51740
train,liquid,172,50104,51751
train,liquid,172,68453,51779
train,liquid,172,44449,51783
train,liquid,172,32752,51786
train,liquid,172,91785,51809
train,liquid,172,72958,51810
train,liquid,172,19093,51811
train,liquid,172,107416,51813
train,liquid,172,45794,51837
train,liquid,172,22244,51841
train,liquid,172,9781,51846
train,liquid,172,3620,51855
train,liquid,172,46899,51861
train,liquid,172,6001,51867
train,liquid,172,28289,51876
train,liquid,174,31016,52201
train,liquid,174,86050,52204
train,liquid,174,17430,52216
train,liquid,174,25735,52221
train,liquid,174,40897,52237
train,liquid,174,62834,52241
train,liquid,174,58651,52243
train,liquid,174,4048,52246
train,liquid,174,96269,52258
train,liquid,174,100494,52315
train,liquid,174,52831,52318
train,liquid,174,54472,52321
train,liquid,174,107272,52328
train,liquid,174,11776,52330
train,liquid,174,27408,52333
train,liquid,174,81136,52340
train,liquid,174,69528,52355
train,liquid,174,47894,52358
train,liquid,174,91193,52371
train,liquid,174,55670,52376
train,liquid,174,79885,52378
train,liquid,174,90018,52388
train,liquid,174,102729,52404
train,liquid,174,65957,52422
train,liquid,174,8639,52428
train,liquid,174,98798,52455
train,liquid,174,95070,52466
train,liquid,174,44424,52472
train,liquid,174,71315,52479
train,liquid,174,2869,52482
train,liquid,174,69464,52483
train,liquid,174,96536,52488
train,liquid,174,57637,52490
train,liquid,174,10241,52495
train,liquid,177,3926,53110
train,liquid,177,7242,53117
train,liquid,177,26183,53137
train,liquid,177,57525,53148
train,liquid,177,87261,53158
train,liquid,177,82382,53160
train,liquid,177,106802,53168
train,liquid,177,11373,53169
train,liquid,177,35044,53174
train,liquid,177,54531,53185
train,liquid,177,20806,53190
train,liquid,177,101825,53192
train,liquid,177,105059,53209
train,liquid,177,62006,53232
train,liquid,177,19878,53235
train,liquid,177,80404,53236
train,liquid,177,61960,53239
train,liquid,177,21263,53248
train,liquid,177,39577,53249
train,liquid,177,35223,53264
train,liquid,177,61111,53273
train,liquid,177,66818,53286
train,liquid,177,43205,53309
train,liquid,177,16203,53317
train,liquid,177,74446,53329
train,liquid,177,43942,53332
train,liquid,177,73379,53338
train,liquid,177,19946,53339
train,liquid,177,9242,53354
train,liquid,177,56200,53364
train,liquid,177,98611,53377
train,liquid,177,6369,53388
train,liquid,177,39953,53398
train,liquid,178,35323,53440
train,liquid,178,8513,53442
train,liquid,178,74956,53480
train,liquid,178,90100,53486
train,liquid,178,97929,53490
train,liquid,178,35843,53496
train,liquid,178,35019,53506
train,liquid,178,67968,53509
train,liquid,178,65495,53524
train,liquid,178,77486,53554
train,liquid,178,106526,53566
train,liquid,178,10608,53572
train,liquid,178,30486,53576
train,liquid,178,41638,53584
train,liquid,178,49922,53589
train,liquid,178,43699,53592
train,liquid,178,86127,53611
train,liquid,178,70458,53614
train,liquid,178,38588,53632
train,liquid,178,61222,53634
train,liquid,178,43552,53645
train,liquid,178,71762,53651
train,liquid,178,1456,53661
train,liquid,178,31410,53665
train,liquid,178,106829,53669
train,liquid,178,69496,53671
train,liquid,178,620,53676
train,liquid,178,68583,53679
train,liquid,178,84310,53683
train,liquid,178,27128,53697
train,liquid,179,7798,53705
train,liquid,179,77800,53739
train,liquid,179,26880,53757
train,liquid,179,101640,53762
train,liquid,179,91530,53771
train,liquid,179,9501,53772
train,liquid,179,13188,53787
train,liquid,179,23986,53799
train,liquid,179,33469,53807
train,liquid,179,49483,53824
train,liquid,179,61340,53832
train,liquid,179,69828,53835
train,liquid,179,99857,53838
train,liquid,179,79388,53851
train,liquid,179,82240,53872
train,liquid,179,18473,53901
train,liquid,179,1637,53904
train,liquid,179,30441,53911
train,liquid,179,8110,53915
train,liquid,179,22785,53916
train,liquid,179,50095,53921
train,liquid,179,36749,53926
train,liquid,179,106760,53935
train,liquid,179,87731,53936
train,liquid,179,104037,53942
train,liquid,179,71010,53954
train,liquid,179,7775,53968
train,liquid,179,73401,53973
train,liquid,179,10880,53978
train,liquid,179,87419,53990
train,liquid,180,77950,54007
train,liquid,180,84854,54070
train,liquid,180,56567,54074
train,liquid,180,60184,54085
train,liquid,180,74755,54092
train,liquid,180,90697,54094
train,liquid,180,46747,54118
train,liquid,180,21053,54122
train,liquid,180,32748,54136
train,liquid,180,6051,54164
train,liquid,180,38471,54195
train,liquid,180,8507,54196
train,liquid,180,100343,54198
train,liquid,180,16589,54200
train,liquid,180,105037,54214
train,liquid,180,100483,54215
train,liquid,180,73169,54218
train,liquid,180,2951,54225
train,liquid,180,52344,54239
train,liquid,180,105391,54240
train,liquid,180,105164,54257
train,liquid,180,60713,54259
train,liquid,180,23695,54270
train,liquid,180,36495,54280
train,liquid,180,58823,54290
train,liquid,180,64795,54291
train,liquid,182,20090,54601
train,liquid,182,62333,54616
train,liquid,182,19104,54623
train,liquid,182,1159,54634
train,liquid,182,13339,54645
train,liquid,182,26742,54657
train,liquid,182,13539,54661
train,liquid,182,65017,54663
train,liquid,182,56284,54673
train,liquid,182,57651,54676
train,liquid,182,90548,54692
train,liquid,182,71692,54701
train,liquid,182,86533,54702
train,liquid,182,62862,54719
train,liquid,182,77198,54734
train,liquid,182,94162,54751
train,liquid,182,47156,54758
train,liquid,182,30489,54767
train,liquid,182,82483,54786
train,liquid,182,102213,54794
train,liquid,182,59632,54797
train,liquid,182,43767,54800
train,liquid,182,76133,54823
train,liquid,182,104003,54832
train,liquid,182,18583,54841
train,liquid,182,86143,54851
train,liquid,182,44854,54860
train,liquid,182,83950,54869
train,liquid,182,22382,54888
train,liquid,182,73947,54891
train,liquid,182,11972,54895
train,liquid,183,81877,54900
train,liquid,183,34620,54910
train,liquid,183,4545,54922
train,liquid,183,58328,54940
train,liquid,183,4979,54957
train,liquid,183,18525,54968
train,liquid,183,59224,54981
train,liquid,183,34308,54997
train,liquid,183,25957,55023
train,liquid,183,103354,55026
train,liquid,183,30466,55044
train,liquid,183,24370,55060
train,liquid,183,32865,55092
train,liquid,183,77667,55099
train,liquid,183,107103,55118
train,liquid,183,78183,55126
train,liquid,183,91994,55148
train,liquid,183,40202,55164
train,liquid,183,87283,55174
train,liquid,183,67735,55178
train,liquid,183,67600,55192
train,liquid,185,75137,55506
train,liquid,185,84432,55520
train,liquid,185,27566,55522
train,liquid,185,5720,55524
train,liquid,185,99182,55539
train,liquid,185,72853,55551
train,liquid,185,97008,55553
train,liquid,185,84491,55564
train,liquid,185,74287,55608
train,liquid,185,57911,55609
train,liquid,185,49346,55614
train,liquid,185,67367,55615
train,liquid,185,71526,55648
train,liquid,185,22261,55661
train,liquid,185,21395,55667
train,liquid,185,47503,55677
train,liquid,185,8134,55678
train,liquid,185,45171,55683
train,liquid,185,1067,55701
train,liquid,185,8213,55708
train,liquid,185,55639,55729
train,liquid,185,10472,55747
train,liquid,185,42332,55749
train,liquid,185,66886,55769
train,liquid,185,37844,55773
train,liquid,185,91194,55774
train,liquid,185,80706,55785
train,liquid,185,61505,55791
train,liquid,186,25391,55801
train,liquid,186,67591,55803
train,liquid,186,12517,55808
train,liquid,186,23902,55813
train,liquid,186,63899,55825
train,liquid,186,61729,55839
train,liquid,186,20915,55864
train,liquid,186,24296,55865
train,liquid,186,67308,55881
train,liquid,186,90818,55888
train,liquid,186,47754,55902
train,liquid,186,8774,55909
train,liquid,186,79525,55916
train,liquid,186,73945,55925
train,liquid,186,36151,55961
train,liquid,186,27682,55964
train,liquid,186,102800,55986
train,liquid,186,64971,55992
train,liquid,186,47114,56003
train,liquid,186,39403,56004
train,liquid,186,72892,56039
train,liquid,186,45290,56062
train,liquid,186,89301,56075
train,liquid,186,52534,56085
train,liquid,186,18243,56087
train,liquid,186,99159,56095
train,liquid,188,67689,56405
train,liquid,188,35231,56412
train,liquid,188,11854,56431
train,liquid,188,61102,56437
train,liquid,188,74100,56449
train,liquid,188,97976,56458
train,liquid,188,58039,56464
train,liquid,188,91982,56467
train,liquid,188,84106,56521
train,liquid,188,79469,56524
train,liquid,188,69222,56530
train,liquid,188,53804,56533
train,liquid,188,55797,56535
train,liquid,188,11541,56541
train,liquid,188,21948,56553
train,liquid,188,61925,56560
train,liquid,188,71659,56561
train,liquid,188,55468,56562
train,liquid,188,43037,56571
train,liquid,188,24197,56581
train,liquid,188,107655,56584
train,liquid,188,78086,56591
train,liquid,188,78385,56607
train,liquid,188,37183,56621
train,liquid,188,22959,56625
train,liquid,188,63462,56627
train,liquid,188,24264,56647
train,liquid,188,102221,56650
train,liquid,188,105003,56652
train,liquid,188,33583,56654
train,liquid,188,17553,56672
train,liquid,188,52520,56684
train,liquid,188,451,56690
train,liquid,189,24076,56710
train,liquid,189,41889,56737
train,liquid,189,72199,56738
train,liquid,189,100525,56739
train,liquid,189,67347,56751
train,liquid,189,21548,56774
train,liquid,189,85625,56775
train,liquid,189,51016,56783
train,liquid,189,22118,56790
train,liquid,189,52257,56800
train,liquid,189,48123,56805
train,liquid,189,10383,56815
train,liquid,189,28747,56842
train,liquid,189,12321,56844
train,liquid,189,75472,56856
train,liquid,189,64624,56862
train,liquid,189,20621,56882
train,liquid,189,47702,56894
train,liquid,189,42222,56896
train,liquid,189,58227,56900
train,liquid,189,59249,56905
train,liquid,189,69634,56909
train,liquid,189,25119,56939
train,liquid,189,76814,56967
train,liquid,189,102792,56979
train,liquid,189,8676,56983
train,liquid,189,7250,56991
train,liquid,190,92262,57000
train,liquid,190,20296,57002
train,liquid,190,102984,57003
train,liquid,190,72926,57019
train,liquid,190,92240,57050
train,liquid,190,66551,57054
train,liquid,190,3825,57061
train,liquid,190,59027,57074
train,liquid,190,103122,57079
train,liquid,190,16212,57100
train,liquid,190,103747,57103
train,liquid,190,96605,57131
train,liquid,190,69450,57133
train,liquid,190,93285,57141
train,liquid,190,97974,57144
train,liquid,190,73454,57153
train,liquid,190,41662,57166
train,liquid,190,84812,57167
train,liquid,190,28515,57171
train,liquid,190,6128,57172
train,liquid,190,42892,57182
train,liquid,190,71659,57188
train,liquid,190,30426,57197
train,liquid,190,47548,57200
train,liquid,190,5049,57207
train,liquid,190,97852,57216
train,liquid,190,91952,57217
train,liquid,190,99508,57229
train,liquid,190,38113,57231
train,liquid,190,52525,57232
train,liquid,190,63315,57236
train,liquid,190,44187,57241
train,liquid,190,95676,57242
train,liquid,190,69313,57246
train,liquid,190,22720,57265
train,liquid,190,51439,57271
train,liquid,190,72727,57277
train,liquid,190,63654,57282
train,liquid,190,51861,57287
train,liquid,192,980,57610
train,liquid,192,32219,57625
train,liquid,192,98549,57627
train,liquid,192,106161,57629
train,liquid,192,100381,57642
train,liquid,192,45088,57649
train,liquid,192,89237,57671
train,liquid,192,25008,57673
train,liquid,192,5138,57687
train,liquid,192,27685,57716
train,liquid,192,96158,57724
train,liquid,192,95392,57726
train,liquid,192,31819,57768
train,liquid,192,51005,57772
train,liquid,192,34104,57784
train,liquid,192,13453,57787
train,liquid,192,61257,57789
train,liquid,192,37558,57798
train,liquid,192,107671,57808
train,liquid,192,75977,57813
train,liquid,192,11689,57822
train,liquid,192,88997,57826
train,liquid,192,96909,57846
train,liquid,192,96134,57848
train,liquid,192,63430,57849
train,liquid,192,79342,57855
train,liquid,192,29439,57859
train,liquid,192,41769,57894
train,liquid,192,76254,57897
train,liquid,193,42550,57903
train,liquid,193,98679,57904
train,liquid,193,3391,57910
train,liquid,193,3024,57911
train,liquid,193,86781,57918
train,liquid,193,56962,57920
train,liquid,193,5028,57951
train,liquid,193,50678,57958
train,liquid,193,54282,57967
train,liquid,193,4996,57968
train,liquid,193,45076,57978
train,liquid,193,70492,57987
train,liquid,193,2488,57988
train,liquid,193,89982,57994
train,liquid,193,49936,58000
train,liquid,193,107600,58003
train,liquid,193,4871,58008
train,liquid,193,43698,58011
train,liquid,193,3090,58013
train,liquid,193,82145,58028
train,liquid,193,41608,58029
train,liquid,193,100843,58036
train,liquid,193,67062,58037
train,liquid,193,7593,58038
train,liquid,193,103231,58048
train,liquid,193,106265,58049
train,liquid,193,45293,58055
train,liquid,193,70675,58083
train,liquid,193,10858,58112
train,liquid,193,104984,58143
train,liquid,193,104974,58147
train,liquid,193,15932,58169
train,liquid,193,25764,58190
train,liquid,193,60832,58193
train,liquid,193,66201,58195
train,liquid,195,16680,58510
train,liquid,195,57854,58520
train,liquid,195,102741,58531
train,liquid,195,7058,58532
train,liquid,195,104914,58534
train,liquid,195,32184,58561
train,liquid,195,67524,58580
train,liquid,195,22479,58589
train,liquid,195,88402,58592
train,liquid,195,103418,58594
train,liquid,195,48568,58612
train,liquid,195,42240,58626
train,liquid,195,43188,58629
train,liquid,195,2096,58641
train,liquid,195,89894,58649
train,liquid,195,16888,58676
train,liquid,195,88327,58681
train,liquid,195,64523,58692
train,liquid,195,32404,58699
train,liquid,195,32111,58704
train,liquid,195,59443,58707
train,liquid,195,61143,58742
train,liquid,195,86546,58762
train,liquid,195,61479,58765
train,liquid,195,7104,58768
train,liquid,196,63588,58814
train,liquid,196,64731,58822
train,liquid,196,40983,58829
train,liquid,196,64694,58845
train,liquid,196,1507,58851
train,liquid,196,31073,58858
train,liquid,196,25074,58889
train,liquid,196,72785,58899
train,liquid,196,31463,58901
train,liquid,196,48767,58902
train,liquid,196,21156,58910
train,liquid,196,44782,58925
train,liquid,196,54503,58929
train,liquid,196,59632,58940
train,liquid,196,54017,58945
train,liquid,196,96540,58954
train,liquid,196,31018,58979
train,liquid,196,90748,58984
train,liquid,196,104978,58990
train,liquid,196,43560,59002
train,liquid,196,106426,59020
train,liquid,196,2469,59028
train,liquid,196,90783,59041
train,liquid,196,81329,59042
train,liquid,196,46329,59043
train,liquid,196,104516,59048
train,liquid,196,74474,59073
train,liquid,196,88059,59074
train,liquid,197,26775,59103
train,liquid,197,35421,59108
train,liquid,197,83657,59113
train,liquid,197,87869,59124
train,liquid,197,91833,59140
train,liquid,197,19713,59143
train,liquid,197,9377,59160
train,liquid,197,29664,59164
train,liquid,197,83451,59209
train,liquid,197,47313,59215
train,liquid,197,76962,59230
train,liquid,197,106757,59246
train,liquid,197,70142,59253
train,liquid,197,61942,59261
train,liquid,197,89631,59274
train,liquid,197,55551,59281
train,liquid,197,88095,59284
train,liquid,197,100849,59287
train,liquid,197,654,59288
train,liquid,197,87375,59297
train,liquid,197,10927,59304
train,liquid,197,72476,59321
train,liquid,197,10313,59326
train,liquid,197,4221,59355
train,liquid,197,8355,59367
train,liquid,197,89250,59389
train,liquid,199,14237,59712
train,liquid,199,30158,59723
train,liquid,199,87539,59729
train,liquid,199,20425,59758
train,liquid,199,22884,59762
train,liquid,199,62738,59763
train,liquid,199,51008,59768
train,liquid,199,75154,59775
train,liquid,199,83740,59782
train,liquid,199,82790,59794
train,liquid,199,62823,59797
train,liquid,199,68616,59811
train,liquid,199,7937,59884
train,liquid,199,89790,59901
train,liquid,199,60022,59904
train,liquid,199,99651,59910
train,liquid,199,70449,59917
train,liquid,199,51559,59949
train,liquid,199,51020,59954
train,liquid,199,62645,59959
train,liquid,199,24847,59960
train,liquid,199,46146,59963
train,liquid,199,6295,59983
train,liquid,199,55129,59998
train,liquid,202,45656,60601
train,liquid,202,107641,60614
train,liquid,202,39246,60617
train,liquid,202,15091,60622
train,liquid,202,8317,60624
train,liquid,202,91071,60625
train,liquid,202,74737,60631
train,liquid,202,100866,60644
train,liquid,202,40500,60648
train,liquid,202,54991,60657
train,liquid,202,72161,60660
train,liquid,202,95,60687
train,liquid,202,64289,60694
train,liquid,202,93892,60705
train,liquid,202,85846,60712
train,liquid,202,151,60730
train,liquid,202,16630,60731
train,liquid,202,47,60737
train,liquid,202,12230,60741
train,liquid,202,101721,60747
train,liquid,202,51447,60773
train,liquid,202,60478,60777
train,liquid,202,9763,60784
train,liquid,202,49188,60787
train,liquid,202,71506,60823
train,liquid,202,71498,60835
train,liquid,202,89098,60842
train,liquid,202,34578,60851
train,liquid,202,77215,60855
train,liquid,202,87862,60856
train,liquid,202,46984,60864
train,liquid,202,27555,60866
train,liquid,202,66862,60871
train,liquid,202,47645,60875
train,liquid,204,1414,61205
train,liquid,204,10476,61217
train,liquid,204,96272,61230
train,liquid,204,85376,61232
train,liquid,204,66985,61238
train,liquid,204,103032,61242
train,liquid,204,49043,61243
train,liquid,204,61240,61247
train,liquid,204,105410,61250
train,liquid,204,47245,61252
train,liquid,204,52149,61256
train,liquid,204,88628,61283
train,liquid,204,28590,61295
train,liquid,204,99355,61299
train,liquid,204,26101,61304
train,liquid,204,67404,61318
train,liquid,204,47059,61333
train,liquid,204,82187,61355
train,liquid,204,94346,61361
train,liquid,204,35236,61363
train,liquid,204,59298,61370
train,liquid,204,16625,61371
train,liquid,204,82054,61375
train,liquid,204,43380,61411
train,liquid,204,33905,61413
train,liquid,204,310,61435
train,liquid,204,43727,61444
train,liquid,204,81006,61448
train,liquid,204,73113,61452
train,liquid,204,23009,61473
train,liquid,204,18293,61486
train,liquid,204,102393,61488
train,liquid,205,44589,61501
train,liquid,205,77131,61502
train,liquid,205,53984,61505
train,liquid,205,15803,61509
train,liquid,205,56115,61510
train,liquid,205,54367,61513
train,liquid,205,71638,61532
train,liquid,205,71209,61543
train,liquid,205,67136,61547
train,liquid,205,42974,61552
train,liquid,205,97544,61563
train,liquid,205,2860,61564
train,liquid,205,19964,61576
train,liquid,205,65272,61577
train,liquid,205,64013,61581
train,liquid,205,41241,61586
train,liquid,205,41608,61592
train,liquid,205,12733,61593
train,liquid,205,53704,61613
train,liquid,205,106077,61619
train,liquid,205,14688,61643
train,liquid,205,37568,61659
train,liquid,205,7036,61660
train,liquid,205,88717,61680
train,liquid,205,88333,61684
train,liquid,205,32511,61693
train,liquid,205,65125,61711
train,liquid,205,78208,61713
train,liquid,205,33595,61716
train,liquid,205,24640,61723
train,liquid,205,58246,61725
train,liquid,205,73187,61740
train,liquid,205,34050,61741
train,liquid,205,18520,61754
train,liquid,205,100615,61756
train,liquid,205,61155,61759
train,liquid,206,10131,61802
train,liquid,206,17545,61804
train,liquid,206,20511,61807
train,liquid,206,44482,61812
train,liquid,206,94679,61822
train,liquid,206,41380,61825
train,liquid,206,6683,61839
train,liquid,206,35180,61844
train,liquid,206,107436,61850
train,liquid,206,59715,61862
train,liquid,206,69452,61863
train,liquid,206,28365,61869
train,liquid,206,11165,61870
train,liquid,206,28562,61886
train,liquid,206,65033,61890
train,liquid,206,87411,61901
train,liquid,206,26703,61912
train,liquid,206,68840,61930
train,liquid,206,9642,61934
train,liquid,206,11909,61939
train,liquid,206,86131,61945
train,liquid,206,30910,61952
train,liquid,206,31892,61958
train,liquid,206,85627,61961
train,liquid,206,5404,61965
train,liquid,206,78767,61972
train,liquid,206,96334,61979
train,liquid,206,72842,61994
train,liquid,206,12122,61998
train,liquid,206,69131,62004
train,liquid,206,50794,62010
train,liquid,206,66967,62021
train,liquid,206,107074,62025
train,liquid,206,22767,62027
train,liquid,206,56572,62030
train,liquid,206,29601,62038
train,liquid,206,15580,62039
train,liquid,206,6618,62053
train,liquid,206,16104,62054
train,liquid,206,53005,62080
train,liquid,206,98238,62084
train,liquid,206,25642,62090
train,liquid,207,91413,62108
train,liquid,207,23232,62122
train,liquid,207,26190,62166
train,liquid,207,32791,62169
train,liquid,207,62691,62176
train,liquid,207,5753,62178
train,liquid,207,65780,62207
train,liquid,207,96675,62219
train,liquid,207,50286,62221
train,liquid,207,39125,62228
train,liquid,207,2053,62232
train,liquid,207,26035,62239
train,liquid,207,98424,62294
train,liquid,207,32320,62303
train,liquid,207,29676,62308
train,liquid,207,30703,62309
train,liquid,207,14014,62310
train,liquid,207,92086,62320
train,liquid,207,59981,62326
train,liquid,207,38121,62345
train,liquid,207,76480,62346
train,liquid,207,88458,62347
train,liquid,207,7792,62348
train,liquid,207,72036,62370
train,liquid,207,76166,62379
train,liquid,207,94442,62380
train,liquid,207,23375,62391
train,liquid,208,27308,62402
train,liquid,208,60156,62405
train,liquid,208,89283,62413
train,liquid,208,6681,62443
train,liquid,208,8626,62450
train,liquid,208,46907,62467
train,liquid,208,79137,62477
train,liquid,208,79124,62479
train,liquid,208,104450,62503
train,liquid,208,2366,62515
train,liquid,208,46200,62526
train,liquid,208,41902,62534
train,liquid,208,57949,62537
train,liquid,208,58649,62541
train,liquid,208,54628,62544
train,liquid,208,34777,62570
train,liquid,208,3086,62573
train,liquid,208,82566,62589
train,liquid,208,49156,62610
train,liquid,208,11409,62618
train,liquid,208,100572,62619
train,liquid,208,77638,62629
train,liquid,208,99753,62637
train,liquid,208,49871,62640
train,liquid,208,13721,62646
train,liquid,208,98734,62650
train,liquid,208,8314,62675
train,liquid,208,104051,62682
train,liquid,211,33218,63311
train,liquid,211,475,63312
train,liquid,211,35050,63316
train,liquid,211,23469,63321
train,liquid,211,87769,63348
train,liquid,211,41423,63352
train,liquid,211,84545,63363
train,liquid,211,60434,63371
train,liquid,211,50639,63387
train,liquid,211,16907,63397
train,liquid,211,71150,63406
train,liquid,211,42288,63440
train,liquid,211,46209,63441
train,liquid,211,44256,63443
train,liquid,211,63521,63445
train,liquid,211,64377,63451
train,liquid,211,42245,63476
train,liquid,211,44098,63484
train,liquid,211,83202,63499
train,liquid,211,49901,63505
train,liquid,211,71233,63509
train,liquid,211,56267,63512
train,liquid,211,42382,63516
train,liquid,211,56305,63540
train,liquid,211,67229,63541
train,liquid,211,8726,63552
train,liquid,211,11058,63556
train,liquid,211,9958,63561
train,liquid,211,6787,63577
train,liquid,211,14302,63583
train,liquid,211,20000,63591
train,liquid,211,27277,63596
train,liquid,211,48983,63598
train,liquid,214,94586,64201
train,liquid,214,27102,64215
train,liquid,214,76180,64224
train,liquid,214,65591,64230
train,liquid,214,76323,64237
train,liquid,214,30576,64247
train,liquid,214,66963,64265
train,liquid,214,9869,64282
train,liquid,214,48490,64287
train,liquid,214,106540,64294
train,liquid,214,69826,64299
train,liquid,214,103476,64321
train,liquid,214,11401,64327
train,liquid,214,64569,64331
train,liquid,214,8801,64339
train,liquid,214,99293,64346
train,liquid,214,37926,64356
train,liquid,214,19849,64362
train,liquid,214,34570,64376
train,liquid,214,54149,64380
train,liquid,214,6840,64383
train,liquid,214,57482,64385
train,liquid,214,79015,64399
train,liquid,214,56787,64416
train,liquid,214,30251,64418
train,liquid,214,36187,64420
train,liquid,214,36109,64435
train,liquid,214,89431,64446
train,liquid,214,70252,64452
train,liquid,214,43510,64460
train,liquid,214,87565,64480
train,liquid,214,33592,64486
train,liquid,214,27563,64491
train,liquid,214,78894,64493
train,liquid,214,63787,64497
train,liquid,214,104181,64498
train,liquid,216,71535,64808
train,liquid,216,80261,64831
train,liquid,216,74637,64835
train,liquid,216,26506,64837
train,liquid,216,18203,64848
train,liquid,216,79075,64864
train,liquid,216,102155,64965
train,liquid,216,97520,64969
train,liquid,216,28118,64994
train,liquid,216,15685,65025
train,liquid,216,93019,65033
train,liquid,216,10945,65035
train,liquid,216,104121,65040
train,liquid,216,87126,65044
train,liquid,216,92358,65054
train,liquid,216,44204,65064
train,liquid,216,2988,65080
train,liquid,216,15669,65091
train,liquid,218,91844,65421
train,liquid,218,78655,65429
train,liquid,218,88116,65442
train,liquid,218,107738,65443
train,liquid,218,12612,65458
train,liquid,218,58970,65464
train,liquid,218,72039,65469
train,liquid,218,53420,65471
train,liquid,218,72104,65482
train,liquid,218,6221,65488
train,liquid,218,61311,65520
train,liquid,218,71606,65526
train,liquid,218,5138,65532
train,liquid,218,33594,65539
train,liquid,218,27830,65548
train,liquid,218,6828,65566
train,liquid,218,59036,65574
train,liquid,218,68814,65586
train,liquid,218,103636,65599
train,liquid,218,5031,65605
train,liquid,218,47053,65620
train,liquid,218,31383,65642
train,liquid,218,25264,65664
train,liquid,218,75482,65665
train,liquid,218,65903,65670
train,liquid,218,9020,65684
train,liquid,218,81625,65694
train,liquid,218,30903,65697
train,liquid,220,79179,66007
train,liquid,220,55455,66010
train,liquid,220,18138,66019
train,liquid,220,106157,66020
train,liquid,220,6596,66022
train,liquid,220,94780,66047
train,liquid,220,62436,66057
train,liquid,220,27752,66060
train,liquid,220,73399,66063
train,liquid,220,38576,66064
train,liquid,220,4463,66070
train,liquid,220,107951,66084
train,liquid,220,86202,66089
train,liquid,220,91291,66106
train,liquid,220,79345,66128
train,liquid,220,30307,66130
train,liquid,220,66591,66133
train,liquid,220,103176,66142
train,liquid,220,31199,66145
train,liquid,220,23490,66146
train,liquid,220,56992,66174
train,liquid,220,6357,66178
train,liquid,220,42563,66191
train,liquid,220,35400,66220
train,liquid,220,8055,66261
train,liquid,220,71370,66266
train,liquid,220,94716,66277
train,liquid,221,95913,66301
train,liquid,221,58919,66323
train,liquid,221,76661,66343
train,liquid,221,85859,66355
train,liquid,221,75245,66364
train,liquid,221,76732,66369
train,liquid,221,7416,66371
train,liquid,221,88674,66392
train,liquid,221,75710,66394
train,liquid,221,66860,66396
train,liquid,221,74929,66408
train,liquid,221,94099,66420
train,liquid,221,21494,66426
train,liquid,221,91498,66429
train,liquid,221,70557,66445
train,liquid,221,73118,66451
train,liquid,221,106662,66459
train,liquid,221,49492,66465
train,liquid,221,48815,66474
train,liquid,221,42144,66475
train,liquid,221,32642,66484
train,liquid,221,98676,66485
train,liquid,221,52630,66500
train,liquid,221,88631,66503
train,liquid,221,2634,66511
train,liquid,221,19748,66513
train,liquid,221,41926,66523
train,liquid,221,30819,66529
train,liquid,221,92769,66589
train,liquid,221,44459,66590
train,liquid,221,71082,66593
train,liquid,222,41133,66605
train,liquid,222,24863,66608
train,liquid,222,94585,66610
train,liquid,222,34243,66627
train,liquid,222,16133,66628
train,liquid,222,31601,66652
train,liquid,222,10220,66654
train,liquid,222,15860,66659
train,liquid,222,64239,66683
train,liquid,222,89075,66708
train,liquid,222,10806,66713
train,liquid,222,11644,66718
train,liquid,222,58681,66725
train,liquid,222,96972,66737
train,liquid,222,93500,66756
train,liquid,222,77682,66759
train,liquid,222,27348,66774
train,liquid,222,87714,66838
train,liquid,222,31376,66849
train,liquid,222,100134,66886
train,liquid,223,14931,66902
train,liquid,223,38898,66911
train,liquid,223,24741,66918
train,liquid,223,74725,66942
train,liquid,223,75729,66958
train,liquid,223,6003,66990
train,liquid,223,8659,66995
train,liquid,223,19577,66996
train,liquid,223,41990,66999
train,liquid,223,12694,67035
train,liquid,223,48598,67057
train,liquid,223,10163,67059
train,liquid,223,11918,67064
train,liquid,223,17576,67115
train,liquid,223,5731,67120
train,liquid,223,32270,67125
train,liquid,223,92919,67133
train,liquid,223,106906,67157
train,liquid,223,88699,67160
train,liquid,223,32614,67168
train,liquid,223,84979,67169
train,liquid,223,87216,67189
train,liquid,223,87361,67198
train,liquid,224,25208,67201
train,liquid,224,59290,67202
train,liquid,224,36765,67210
train,liquid,224,49387,67211
train,liquid,224,29824,67218
train,liquid,224,56900,67229
train,liquid,224,70651,67237
train,liquid,224,22719,67239
train,liquid,224,37439,67254
train,liquid,224,98348,67265
train,liquid,224,10241,67269
train,liquid,224,25354,67273
train,liquid,224,64830,67278
train,liquid,224,17352,67299
train,liquid,224,9785,67304
train,liquid,224,34068,67308
train,liquid,224,23521,67330
train,liquid,224,101261,67331
train,liquid,224,100404,67337
train,liquid,224,29009,67347
train,liquid,224,103208,67352
train,liquid,224,62955,67357
train,liquid,224,21068,67368
train,liquid,224,52882,67400
train,liquid,224,34811,67409
train,liquid,224,43713,67415
train,liquid,224,104224,67420
train,liquid,224,60466,67432
train,liquid,224,67601,67438
train,liquid,224,60627,67470
train,liquid,224,103812,67474
train,liquid,224,36225,67475
train,liquid,224,12319,67479
train,liquid,224,4073,67481
train,liquid,224,52669,67483
train,liquid,225,18568,67506
train,liquid,225,77552,67511
train,liquid,225,3339,67534
train,liquid,225,73217,67538
train,liquid,225,7457,67545
train,liquid,225,27344,67561
train,liquid,225,3413,67578
train,liquid,225,49420,67636
train,liquid,225,44995,67642
train,liquid,225,3869,67651
train,liquid,225,98430,67687
train,liquid,225,1707,67689
train,liquid,225,68075,67695
train,liquid,225,50235,67696
train,liquid,225,99734,67699
train,liquid,225,102999,67706
train,liquid,225,69216,67712
train,liquid,225,4363,67718
train,liquid,225,78470,67720
train,liquid,225,62557,67737
train,liquid,225,92154,67740
train,liquid,225,96365,67741
train,liquid,225,105097,67755
train,liquid,225,86559,67757
train,liquid,225,20909,67766
train,liquid,225,53251,67780
train,liquid,225,79577,67787
train,liquid,226,6516,67806
train,liquid,226,54438,67820
train,liquid,226,103059,67844
train,liquid,226,97345,67850
train,liquid,226,95492,67852
train,liquid,226,29597,67859
train,liquid,226,82242,67866
train,liquid,226,103513,67889
train,liquid,226,68005,67891
train,liquid,226,83312,67904
train,liquid,226,61852,67958
train,liquid,226,59522,67968
train,liquid,226,24036,67969
train,liquid,226,64169,67972
train,liquid,226,37422,67984
train,liquid,226,81706,67985
train,liquid,226,1322,67989
train,liquid,226,104233,68028
train,liquid,226,16670,68030
train,liquid,226,66406,68032
train,liquid,226,69434,68035
train,liquid,226,39022,68037
train,liquid,226,39856,68041
train,liquid,226,79445,68046
train,liquid,226,46496,68057
train,liquid,226,79570,68081
train,liquid,226,75399,68084
train,liquid,226,63573,68085
train,liquid,226,104369,68090
train,liquid,226,44365,68091
train,liquid,226,58422,68096
train,liquid,226,100842,68097
train,liquid,227,76608,68100
train,liquid,227,16134,68111
train,liquid,227,35292,68119
train,liquid,227,107046,68124
train,liquid,227,46059,68138
train,liquid,227,17403,68144
train,liquid,227,79916,68159
train,liquid,227,19016,68180
train,liquid,227,94495,68187
train,liquid,227,13821,68205
train,liquid,227,99387,68212
train,liquid,227,45883,68221
train,liquid,227,71791,68223
train,liquid,227,31464,68232
train,liquid,227,7926,68260
train,liquid,227,24297,68278
train,liquid,227,82275,68282
train,liquid,227,33080,68289
train,liquid,227,43390,68298
train,liquid,227,52248,68317
train,liquid,227,95970,68327
train,liquid,227,4898,68328
train,liquid,227,20312,68333
train,liquid,227,81899,68334
train,liquid,227,21907,68344
train,liquid,227,101792,68347
train,liquid,227,12840,68357
train,liquid,227,28709,68370
train,liquid,227,11759,68382
train,liquid,227,56412,68385
train,liquid,227,17101,68388
train,liquid,227,79346,68395
train,liquid,227,76881,68399
train,liquid,228,24798,68408
train,liquid,228,50981,68435
train,liquid,228,105676,68445
train,liquid,228,72294,68446
train,liquid,228,7873,68451
train,liquid,228,97408,68463
train,liquid,228,992,68476
train,liquid,228,50827,68480
train,liquid,228,73248,68486
train,liquid,228,90999,68503
train,liquid,228,73146,68508
train,liquid,228,64569,68512
train,liquid,228,86638,68521
train,liquid,228,69213,68532
train,liquid,228,46343,68539
train,liquid,228,11995,68557
train,liquid,228,26739,68576
train,liquid,228,32497,68580
train,liquid,228,55567,68581
train,liquid,228,97036,68586
train,liquid,228,105903,68607
train,liquid,228,558,68608
train,liquid,228,45377,68647
train,liquid,228,87181,68658
train,liquid,228,39134,68691
train,liquid,228,98589,68698
train,liquid,229,89852,68716
train,liquid,229,27998,68734
train,liquid,229,103665,68757
train,liquid,229,17279,68780
train,liquid,229,100435,68784
train,liquid,229,38008,68787
train,liquid,229,32758,68799
train,liquid,229,91350,68804
train,liquid,229,34942,68810
train,liquid,229,21444,68827
train,liquid,229,98950,68832
train,liquid,229,68852,68837
train,liquid,229,103008,68843
train,liquid,229,21158,68846
train,liquid,229,48902,68847
train,liquid,229,70002,68851
train,liquid,229,38452,68854
train,liquid,229,74629,68856
train,liquid,229,40236,68860
train,liquid,229,67109,68865
train,liquid,229,83947,68884
train,liquid,229,99270,68896
train,liquid,229,100993,68904
train,liquid,229,44529,68917
train,liquid,229,86891,68928
train,liquid,229,50560,68939
train,liquid,229,60087,68946
train,liquid,229,51588,68949
train,liquid,229,83024,68953
train,liquid,229,106079,68966
train,liquid,229,46998,68969
train,liquid,229,99062,68970
train,liquid,229,8297,68973
train,liquid,229,66441,68987
train,liquid,229,45719,68991
train,liquid,230,40346,69010
train,liquid,230,77631,69014
train,liquid,230,24715,69023
train,liquid,230,73982,69024
train,liquid,230,31339,69026
train,liquid,230,57321,69030
train,liquid,230,27770,69040
train,liquid,230,296,69050
train,liquid,230,63719,69099
train,liquid,230,68274,69100
train,liquid,230,43070,69132
train,liquid,230,103195,69143
train,liquid,230,67772,69153
train,liquid,230,52862,69155
train,liquid,230,8022,69181
train,liquid,230,55610,69183
train,liquid,230,69397,69189
train,liquid,230,85517,69204
train,liquid,230,82186,69227
train,liquid,230,9180,69233
train,liquid,230,8188,69244
train,liquid,230,65552,69253
train,liquid,230,95718,69266
train,liquid,230,70064,69292
train,liquid,230,5001,69294
train,liquid,230,88316,69295
train,liquid,231,88074,69306
train,liquid,231,84926,69337
train,liquid,231,2457,69343
train,liquid,231,95397,69348
train,liquid,231,38915,69390
train,liquid,231,98925,69400
train,liquid,231,50452,69412
train,liquid,231,47286,69418
train,liquid,231,30949,69433
train,liquid,231,81960,69434
train,liquid,231,73615,69448
train,liquid,231,82520,69451
train,liquid,231,42618,69454
train,liquid,231,21678,69506
train,liquid,231,43646,69511
train,liquid,231,85829,69516
train,liquid,231,90613,69541
train,liquid,231,104865,69550
train,liquid,231,84966,69561
train,liquid,231,69515,69578
train,liquid,231,3600,69588
train,liquid,231,51464,69596
train,liquid,231,27287,69597
train,liquid,232,75518,69600
train,liquid,232,9777,69602
train,liquid,232,105119,69604
train,liquid,232,11955,69608
train,liquid,232,67320,69615
train,liquid,232,4931,69617
train,liquid,232,55425,69636
train,liquid,232,25324,69639
train,liquid,232,11354,69643
train,liquid,232,88982,69646
train,liquid,232,56138,69648
train,liquid,232,60285,69650
train,liquid,232,22677,69654
train,liquid,232,10615,69663
train,liquid,232,90383,69674
train,liquid,232,45350,69676
train,liquid,232,31765,69686
train,liquid,232,39309,69717
train,liquid,232,60146,69718
train,liquid,232,36289,69767
train,liquid,232,5925,69778
train,liquid,232,31150,69787
train,liquid,232,28887,69810
train,liquid,232,26264,69823
train,liquid,232,8835,69847
train,liquid,232,15096,69850
train,liquid,232,14003,69864
train,liquid,232,7447,69866
train,liquid,232,45653,69889
train,liquid,232,60186,69892
train,liquid,232,74205,69898
train,liquid,232,67447,69899
train,liquid,233,55696,69900
train,liquid,233,100404,69902
train,liquid,233,1985,69906
train,liquid,233,17888,69911
train,liquid,233,107928,69921
train,liquid,233,24954,69922
train,liquid,233,52796,69953
train,liquid,233,79629,69967
train,liquid,233,41569,69971
train,liquid,233,80328,69976
train,liquid,233,37633,69998
train,liquid,233,12023,70001
train,liquid,233,12224,70006
train,liquid,233,20162,70027
train,liquid,233,26547,70069
train,liquid,233,89067,70101
train,liquid,233,60309,70103
train,liquid,233,44060,70113
train,liquid,233,1182,70117
train,liquid,233,42376,70135
train,liquid,233,69357,70138
train,liquid,233,24218,70155
train,liquid,233,75390,70158
train,liquid,233,22387,70159
train,liquid,233,63718,70164
train,liquid,233,15053,70189
train,liquid,233,84707,70195
train,liquid,234,26219,70212
train,liquid,234,34802,70230
train,liquid,234,102257,70237
train,liquid,234,33051,70238
train,liquid,234,58468,70242
train,liquid,234,43732,70247
train,liquid,234,100957,70259
train,liquid,234,64363,70284
train,liquid,234,49936,70303
train,liquid,234,75087,70307
train,liquid,234,21265,70315
train,liquid,234,18718,70337
train,liquid,234,75014,70355
train,liquid,234,56404,70358
train,liquid,234,97393,70361
train,liquid,234,102975,70380
train,liquid,234,102114,70382
train,liquid,234,34792,70396
train,liquid,234,101166,70430
train,liquid,234,8020,70444
train,liquid,234,86080,70450
train,liquid,234,58167,70463
train,liquid,234,103357,70465
train,liquid,234,11880,70471
train,liquid,234,33614,70486
train,liquid,235,60881,70501
train,liquid,235,20410,70527
train,liquid,235,6915,70531
train,liquid,235,55095,70536
train,liquid,235,15494,70538
train,liquid,235,51809,70559
train,liquid,235,3419,70574
train,liquid,235,30989,70589
train,liquid,235,89125,70603
train,liquid,235,49397,70607
train,liquid,235,70589,70608
train,liquid,235,82237,70621
train,liquid,235,75511,70643
train,liquid,235,52390,70650
train,liquid,235,12160,70651
train,liquid,235,80833,70657
train,liquid,235,80517,70667
train,liquid,235,64375,70683
train,liquid,235,100655,70685
train,liquid,235,38132,70688
train,liquid,235,63396,70693
train,liquid,235,77769,70699
train,liquid,235,2371,70702
train,liquid,235,90575,70705
train,liquid,235,102340,70722
train,liquid,235,42927,70727
train,liquid,235,20207,70729
train,liquid,235,89119,70732
train,liquid,235,10836,70734
train,liquid,235,37960,70743
train,liquid,235,96480,70746
train,liquid,235,77697,70750
train,liquid,235,48510,70762
train,liquid,235,34418,70782
train,liquid,235,93626,70795
train,liquid,236,29698,70811
train,liquid,236,50230,70813
train,liquid,236,49684,70827
train,liquid,236,83062,70836
train,liquid,236,85946,70842
train,liquid,236,105435,70847
train,liquid,236,39985,70848
train,liquid,236,92320,70850
train,liquid,236,59674,70852
train,liquid,236,77354,70859
train,liquid,236,66411,70866
train,liquid,236,30667,70871
train,liquid,236,6024,70879
train,liquid,236,93851,70890
train,liquid,236,21148,70893
train,liquid,236,19506,70896
train,liquid,236,54313,70898
train,liquid,236,25457,70908
train,liquid,236,61536,70918
train,liquid,236,4038,70934
train,liquid,236,16054,70937
train,liquid,236,61919,70941
train,liquid,236,77697,70953
train,liquid,236,41055,70954
train,liquid,236,86429,70960
train,liquid,236,59519,70971
train,liquid,236,74176,70990
train,liquid,236,76788,70994
train,liquid,236,10004,71003
train,liquid,236,76454,71025
train,liquid,236,81923,71034
train,liquid,236,5322,71046
train,liquid,236,85033,71050
train,liquid,236,97304,71056
train,liquid,236,107564,71060
train,liquid,236,92475,71063
train,liquid,236,70309,71079
train,liquid,236,103696,71089
train,liquid,236,14817,71095
train,liquid,236,93447,71099
train,liquid,237,74848,71101
train,liquid,237,102213,71109
train,liquid,237,80814,71120
train,liquid,237,76280,71127
train,liquid,237,18351,71128
train,liquid,237,74382,71144
train,liquid,237,71248,71145
train,liquid,237,2105,71159
train,liquid,237,98184,71177
train,liquid,237,47086,71178
train,liquid,237,29777,71209
train,liquid,237,21748,71210
train,liquid,237,31750,71222
train,liquid,237,33654,71233
train,liquid,237,28694,71240
train,liquid,237,97131,71241
train,liquid,237,41521,71268
train,liquid,237,77172,71271
train,liquid,237,53550,71297
train,liquid,237,32559,71302
train,liquid,237,49519,71322
train,liquid,237,66529,71329
train,liquid,237,91582,71332
train,liquid,237,65110,71343
train,liquid,237,24825,71364
train,liquid,237,89513,71373
train,liquid,237,22767,71377
train,liquid,237,37720,71388
train,liquid,241,3511,72308
train,liquid,241,73551,72316
train,liquid,241,6274,72328
train,liquid,241,14733,72334
train,liquid,241,54658,72337
train,liquid,241,92297,72341
train,liquid,241,92571,72345
train,liquid,241,89265,72350
train,liquid,241,14843,72354
train,liquid,241,10166,72364
train,liquid,241,90963,72373
train,liquid,241,72804,72378
train,liquid,241,80640,72380
train,liquid,241,66315,72394
train,liquid,241,74446,72403
train,liquid,241,48648,72411
train,liquid,241,103094,72412
train,liquid,241,42572,72426
train,liquid,241,44267,72441
train,liquid,241,96209,72458
train,liquid,241,77581,72471
train,liquid,241,72448,72473
train,liquid,241,25464,72504
train,liquid,241,19079,72528
train,liquid,241,44075,72539
train,liquid,241,50214,72543
train,liquid,241,28559,72554
train,liquid,241,68349,72559
train,liquid,241,58651,72565
train,liquid,241,88507,72574
train,liquid,241,82850,72577
train,liquid,241,75029,72592
train,liquid,241,89516,72594
train,liquid,243,56837,72907
train,liquid,243,38230,72915
train,liquid,243,20321,72922
train,liquid,243,70076,72928
train,liquid,243,9563,72929
train,liquid,243,75654,72939
train,liquid,243,91515,72956
train,liquid,243,53498,72968
train,liquid,243,83970,72984
train,liquid,243,68815,72992
train,liquid,243,40865,72996
train,liquid,243,105578,73040
train,liquid,243,62188,73045
train,liquid,243,93534,73064
train,liquid,243,23544,73068
train,liquid,243,26607,73070
train,liquid,243,90834,73074
train,liquid,243,51224,73075
train,liquid,243,87581,73079
train,liquid,243,16019,73082
train,liquid,243,57456,73096
train,liquid,243,33904,73137
train,liquid,243,83195,73138
train,liquid,243,47410,73139
train,liquid,243,46877,73143
train,liquid,243,106744,73159
train,liquid,243,162,73160
train,liquid,243,93684,73161
train,liquid,243,86853,73170
train,liquid,243,63032,73179
train,liquid,243,9396,73181
train,liquid,243,36634,73198
train,liquid,244,81477,73200
train,liquid,244,101887,73209
train,liquid,244,97614,73234
train,liquid,244,101415,73264
train,liquid,244,49034,73269
train,liquid,244,89410,73285
train,liquid,244,21258,73300
train,liquid,244,96282,73305
train,liquid,244,82403,73311
train,liquid,244,85476,73317
train,liquid,244,22553,73319
train,liquid,244,75213,73322
train,liquid,244,42023,73324
train,liquid,244,8616,73370
train,liquid,244,89727,73382
train,liquid,244,36346,73402
train,liquid,244,66064,73406
train,liquid,244,66636,73414
train,liquid,244,44485,73420
train,liquid,244,67016,73421
train,liquid,244,29264,73430
train,liquid,244,38597,73439
train,liquid,244,23314,73448
train,liquid,244,64924,73449
train,liquid,244,4158,73476
train,liquid,244,82919,73478
train,liquid,244,64210,73481
train,liquid,244,47953,73484
train,liquid,244,33037,73485
train,liquid,244,36321,73496
train,liquid,245,61081,73515
train,liquid,245,68003,73526
train,liquid,245,52019,73540
train,liquid,245,49366,73554
train,liquid,245,5802,73562
train,liquid,245,45173,73571
train,liquid,245,65700,73576
train,liquid,245,63452,73580
train,liquid,245,39283,73581
train,liquid,245,100617,73589
train,liquid,245,80549,73590
train,liquid,245,41510,73591
train,liquid,245,100450,73595
train,liquid,245,21600,73597
train,liquid,245,760,73610
train,liquid,245,102966,73613
train,liquid,245,26348,73633
train,liquid,245,102294,73642
train,liquid,245,8279,73670
train,liquid,245,52782,73677
train,liquid,245,74734,73678
train,liquid,245,82136,73703
train,liquid,245,81691,73717
train,liquid,245,88273,73720
train,liquid,245,36429,73733
train,liquid,245,65667,73737
train,liquid,245,101063,73740
train,liquid,245,9590,73786
train,liquid,246,48657,73809
train,liquid,246,40304,73831
train,liquid,246,65711,73833
train,liquid,246,7878,73840
train,liquid,246,35774,73853
train,liquid,246,98723,73863
train,liquid,246,92135,73864
train,liquid,246,88360,73865
train,liquid,246,45783,73877
train,liquid,246,53709,73883
train,liquid,246,67144,73885
train,liquid,246,834,73891
train,liquid,246,68994,73898
train,liquid,246,4116,73928
train,liquid,246,88878,73934
train,liquid,246,35664,73946
train,liquid,246,53055,73949
train,liquid,246,83475,73960
train,liquid,246,100476,73963
train,liquid,246,72258,73967
train,liquid,246,102023,73976
train,liquid,246,31613,73989
train,liquid,246,5678,74022
train,liquid,246,44924,74040
train,liquid,246,78191,74048
train,liquid,246,25649,74050
train,liquid,246,56831,74066
train,liquid,246,32220,74069
train,liquid,246,98469,74072
train,liquid,246,72554,74074
train,liquid,246,33367,74076
train,liquid,246,42064,74085
train,liquid,246,16721,74088
train,liquid,247,81782,74115
train,liquid,247,51821,74118
train,liquid,247,64868,74124
train,liquid,247,89631,74126
train,liquid,247,39724,74127
train,liquid,247,92187,74145
train,liquid,247,24878,74154
train,liquid,247,81323,74159
train,liquid,247,74338,74169
train,liquid,247,99047,74170
train,liquid,247,42280,74173
train,liquid,247,101432,74198
train,liquid,247,10850,74203
train,liquid,247,105029,74206
train,liquid,247,48045,74210
train,liquid,247,27903,74225
train,liquid,247,18425,74237
train,liquid,247,93881,74238
train,liquid,247,666,74246
train,liquid,247,97524,74251
train,liquid,247,20644,74267
train,liquid,247,98292,74273
train,liquid,247,76879,74274
train,liquid,247,53058,74276
train,liquid,247,3056,74286
train,liquid,247,29056,74288
train,liquid,247,93053,74294
train,liquid,247,2800,74298
train,liquid,247,100421,74320
train,liquid,247,38100,74328
train,liquid,247,89793,74343
train,liquid,247,98408,74348
train,liquid,247,30055,74350
train,liquid,247,7721,74358
train,liquid,247,4979,74385
train,liquid,247,20431,74386
train,liquid,247,104540,74390
train,liquid,250,84887,75002
train,liquid,250,16252,75003
train,liquid,250,88934,75010
train,liquid,250,5009,75019
train,liquid,250,59329,75025
train,liquid,250,73036,75040
train,liquid,250,79192,75060
train,liquid,250,45657,75067
train,liquid,250,12747,75070
train,liquid,250,35226,75075
train,liquid,250,96060,75077
train,liquid,250,93220,75101
train,liquid,250,54259,75104
train,liquid,250,66549,75128
train,liquid,250,67390,75151
train,liquid,250,100423,75159
train,liquid,250,10278,75172
train,liquid,250,37535,75177
train,liquid,250,11728,75197
train,liquid,250,75277,75203
train,liquid,250,84022,75221
train,liquid,250,34097,75223
train,liquid,250,89414,75224
train,liquid,250,64152,75226
train,liquid,250,71055,75241
train,liquid,250,37055,75253
train,liquid,250,70416,75255
train,liquid,250,1507,75256
train,liquid,250,46386,75265
train,liquid,250,67334,75271
train,liquid,250,9577,75275
train,liquid,250,10070,75277
train,liquid,250,21893,75278
train,liquid,250,90869,75293
train,liquid,250,87294,75297
train,liquid,251,25871,75306
train,liquid,251,21223,75307
train,liquid,251,11850,75323
train,liquid,251,25645,75324
train,liquid,251,34807,75332
train,liquid,251,9305,75340
train,liquid,251,51635,75341
train,liquid,251,50271,75348
train,liquid,251,71107,75382
train,liquid,251,84415,75385
train,liquid,251,1408,75413
train,liquid,251,18235,75421
train,liquid,251,97323,75427
train,liquid,251,51900,75442
train,liquid,251,48635,75466
train,liquid,251,20981,75482
train,liquid,251,103239,75495
train,liquid,251,8446,75504
train,liquid,251,31457,75505
train,liquid,251,60376,75506
train,liquid,251,105476,75532
train,liquid,251,3908,75555
train,liquid,251,23660,75564
train,liquid,251,15071,75570
train,liquid,251,31691,75596
train,liquid,253,69961,75905
train,liquid,253,75916,75907
train,liquid,253,83980,75918
train,liquid,253,49637,75919
train,liquid,253,95121,75926
train,liquid,253,7956,75943
train,liquid,253,29514,75965
train,liquid,253,41902,75972
train,liquid,253,85665,75987
train,liquid,253,84933,75995
train,liquid,253,6127,76004
train,liquid,253,27280,76026
train,liquid,253,11513,76038
train,liquid,253,3637,76048
train,liquid,253,72006,76054
train,liquid,253,99701,76056
train,liquid,253,101540,76070
train,liquid,253,101338,76075
train,liquid,253,44044,76079
train,liquid,253,68660,76092
train,liquid,253,82154,76104
train,liquid,253,3657,76105
train,liquid,253,56560,76106
train,liquid,253,31114,76111
train,liquid,253,60895,76137
train,liquid,253,98201,76150
train,liquid,253,10384,76164
train,liquid,253,61931,76171
train,liquid,253,71381,76176
train,liquid,253,81904,76185
train,liquid,253,34772,76186
train,liquid,253,15088,76188
train,liquid,254,24532,76206
train,liquid,254,13945,76230
train,liquid,254,20645,76238
train,liquid,254,4255,76240
train,liquid,254,48515,76249
train,liquid,254,89898,76256
train,liquid,254,93011,76262
train,liquid,254,49995,76267
train,liquid,254,50149,76285
train,liquid,254,52205,76294
train,liquid,254,35600,76296
train,liquid,254,35843,76303
train,liquid,254,94044,76319
train,liquid,254,8784,76320
train,liquid,254,43247,76339
train,liquid,254,7982,76363
train,liquid,254,72877,76366
train,liquid,254,17998,76372
train,liquid,254,68233,76386
train,liquid,254,79707,76389
train,liquid,254,60934,76424
train,liquid,254,67954,76430
train,liquid,254,58530,76445
train,liquid,254,107523,76459
train,liquid,254,10061,76489
train,liquid,256,3653,76817
train,liquid,256,47014,76818
train,liquid,256,29563,76824
train,liquid,256,47316,76862
train,liquid,256,13569,76863
train,liquid,256,17045,76866
train,liquid,256,70843,76869
train,liquid,256,26157,76876
train,liquid,256,39742,76900
train,liquid,256,35966,76902
train,liquid,256,61516,76918
train,liquid,256,87227,76931
train,liquid,256,20275,76935
train,liquid,256,12205,76941
train,liquid,256,69677,76949
train,liquid,256,58672,76974
train,liquid,256,92970,76976
train,liquid,256,94099,76988
train,liquid,256,54484,76990
train,liquid,256,1435,76995
train,liquid,256,102348,77005
train,liquid,256,89019,77016
train,liquid,256,98939,77024
train,liquid,256,26603,77038
train,liquid,256,9199,77060
train,liquid,256,45264,77074
train,liquid,256,99967,77095
train,liquid,258,63433,77416
train,liquid,258,101123,77417
train,liquid,258,55062,77432
train,liquid,258,94923,77433
train,liquid,258,29467,77446
train,liquid,258,17153,77456
train,liquid,258,100971,77462
train,liquid,258,65550,77475
train,liquid,258,12668,77480
train,liquid,258,70544,77492
train,liquid,258,44729,77493
train,liquid,258,56614,77494
train,liquid,258,58475,77504
train,liquid,258,36505,77514
train,liquid,258,52628,77515
train,liquid,258,91371,77525
train,liquid,258,76643,77536
train,liquid,258,98787,77543
train,liquid,258,104874,77544
train,liquid,258,27133,77545
train,liquid,258,87907,77557
train,liquid,258,60380,77561
train,liquid,258,69688,77565
train,liquid,258,27529,77569
train,liquid,258,78404,77574
train,liquid,258,75266,77580
train,liquid,258,79790,77608
train,liquid,258,47397,77610
train,liquid,258,43302,77625
train,liquid,258,3555,77638
train,liquid,258,39240,77647
train,liquid,258,81739,77661
train,liquid,258,14077,77682
train,liquid,258,92510,77684
train,liquid,258,5154,77690
train,liquid,258,52909,77692
train,liquid,259,96211,77702
train,liquid,259,53401,77704
train,liquid,259,94179,77717
train,liquid,259,28388,77722
train,liquid,259,788,77732
train,liquid,259,98234,77733
train,liquid,259,43722,77738
train,liquid,259,13523,77770
train,liquid,259,39909,77783
train,liquid,259,94103,77798
train,liquid,259,33291,77831
train,liquid,259,36596,77844
train,liquid,259,102806,77853
train,liquid,259,96820,77859
train,liquid,259,23863,77870
train,liquid,259,95544,77871
train,liquid,259,92914,77874
train,liquid,259,104278,77875
train,liquid,259,63369,77877
train,liquid,259,3364,77879
train,liquid,259,88382,77882
train,liquid,259,37789,77905
train,liquid,259,10531,77908
train,liquid,259,98725,77911
train,liquid,259,5519,77913
train,liquid,259,238,77920
train,liquid,259,90403,77934
train,liquid,259,57411,77954
train,liquid,259,4255,77957
train,liquid,259,81025,77958
train,liquid,259,37674,77973
train,liquid,259,103009,77994
train,liquid,261,11401,78306
train,liquid,261,31508,78313
train,liquid,261,52443,78319
train,liquid,261,79495,78349
train,liquid,261,79827,78355
train,liquid,261,105227,78360
train,liquid,261,80133,78384
train,liquid,261,26432,78413
train,liquid,261,22713,78422
train,liquid,261,33207,78426
train,liquid,261,50816,78434
train,liquid,261,74327,78442
train,liquid,261,21869,78450
train,liquid,261,47247,78451
train,liquid,261,91085,78461
train,liquid,261,61600,78464
train,liquid,261,95009,78471
train,liquid,261,31003,78486
train,liquid,261,25927,78498
train,liquid,261,83950,78508
train,liquid,261,2350,78509
train,liquid,261,106498,78519
train,liquid,261,61747,78529
train,liquid,261,84778,78546
train,liquid,261,45025,78561
train,liquid,261,21725,78562
train,liquid,261,38138,78574
train,liquid,261,99716,78584
train,liquid,261,59968,78596
train,liquid,261,31642,78599
train,liquid,262,14676,78601
train,liquid,262,33332,78620
train,liquid,262,86477,78632
train,liquid,262,29377,78635
train,liquid,262,4244,78639
train,liquid,262,66987,78649
train,liquid,262,47113,78653
train,liquid,262,3386,78656
train,liquid,262,40629,78658
train,liquid,262,37479,78668
train,liquid,262,3151,78673
train,liquid,262,94486,78675
train,liquid,262,67881,78681
train,liquid,262,45357,78690
train,liquid,262,48839,78706
train,liquid,262,84514,78730
train,liquid,262,50570,78751
train,liquid,262,100776,78758
train,liquid,262,52970,78760
train,liquid,262,15011,78775
train,liquid,262,52199,78790
train,liquid,262,68976,78801
train,liquid,262,77825,78805
train,liquid,262,24476,78816
train,liquid,262,52826,78837
train,liquid,262,70077,78857
train,liquid,262,6895,78858
train,liquid,262,50744,78885
train,liquid,262,3446,78887
train,liquid,265,31799,79543
train,liquid,265,24179,79551
train,liquid,265,40104,79561
train,liquid,265,72924,79581
train,liquid,265,24327,79588
train,liquid,265,38010,79597
train,liquid,265,59750,79598
train,liquid,265,40805,79606
train,liquid,265,81504,79612
train,liquid,265,3349,79616
train,liquid,265,71740,79627
train,liquid,265,26694,79647
train,liquid,265,4308,79648
train,liquid,265,44052,79650
train,liquid,265,82798,79662
train,liquid,265,86489,79679
train,liquid,265,89232,79682
train,liquid,265,21192,79690
train,liquid,265,71739,79700
train,liquid,265,102204,79728
train,liquid,265,50732,79738
train,liquid,265,71077,79753
train,liquid,265,2972,79756
train,liquid,265,87591,79760
train,liquid,265,39055,79785
train,liquid,266,60590,79805
train,liquid,266,75122,79807
train,liquid,266,100861,79810
train,liquid,266,55948,79819
train,liquid,266,16153,79841
train,liquid,266,76933,79846
train,liquid,266,80962,79886
train,liquid,266,56074,79896
train,liquid,266,38026,79909
train,liquid,266,46938,79934
train,liquid,266,99193,79937
train,liquid,266,83790,79947
train,liquid,266,39780,79951
train,liquid,266,81924,79955
train,liquid,266,94822,79972
train,liquid,266,1367,79980
train,liquid,266,75445,79992
train,liquid,266,95955,80008
train,liquid,266,80109,80018
train,liquid,266,75824,80019
train,liquid,266,89539,80020
train,liquid,266,27639,80022
train,liquid,266,91067,80041
train,liquid,266,32118,80048
train,liquid,266,6841,80058
train,liquid,266,16982,80075
train,liquid,268,41567,80405
train,liquid,268,49669,80421
train,liquid,268,48158,80436
train,liquid,268,62848,80454
train,liquid,268,9227,80486
train,liquid,268,70517,80506
train,liquid,268,44513,80507
train,liquid,268,70007,80515
train,liquid,268,59295,80518
train,liquid,268,86079,80520
train,liquid,268,97380,80523
train,liquid,268,10940,80551
train,liquid,268,52851,80552
train,liquid,268,1262,80553
train,liquid,268,92566,80555
train,liquid,268,23082,80561
train,liquid,268,32606,80565
train,liquid,268,6837,80567
train,liquid,268,78514,80571
train,liquid,268,7896,80573
train,liquid,268,44713,80574
train,liquid,268,12242,80578
train,liquid,268,26483,80585
train,liquid,268,55816,80598
train,liquid,268,47073,80606
train,liquid,268,19440,80622
train,liquid,268,89641,80623
train,liquid,268,45090,80625
train,liquid,268,80251,80672
train,liquid,268,33507,80674
train,liquid,268,4912,80682
train,liquid,268,84443,80683
train,liquid,268,44986,80691
train,liquid,268,85942,80694
train,liquid,268,58793,80698
train,liquid,269,83929,80706
train,liquid,269,32719,80710
train,liquid,269,5781,80730
train,liquid,269,36904,80733
train,liquid,269,37040,80754
train,liquid,269,45436,80756
train,liquid,269,92254,80757
train,liquid,269,28613,80758
train,liquid,269,6113,80760
train,liquid,269,59479,80762
train,liquid,269,87715,80767
train,liquid,269,86842,80783
train,liquid,269,58276,80789
train,liquid,269,8514,80793
train,liquid,269,53109,80795
train,liquid,269,64105,80813
train,liquid,269,64275,80823
train,liquid,269,104407,80824
train,liquid,269,55317,80848
train,liquid,269,9036,80855
train,liquid,269,35882,80868
train,liquid,269,105978,80875
train,liquid,269,34349,80880
train,liquid,269,53617,80885
train,liquid,269,27185,80902
train,liquid,269,10867,80911
train,liquid,269,38787,80917
train,liquid,269,103960,80919
train,liquid,269,52467,80921
train,liquid,269,52086,80926
train,liquid,269,75107,80947
train,liquid,269,15216,80958
train,liquid,269,87308,80967
train,liquid,269,35289,80972
train,liquid,269,26732,80976
train,liquid,269,42703,80993
train,liquid,270,9498,81006
train,liquid,270,82787,81016
train,liquid,270,55872,81034
train,liquid,270,56213,81038
train,liquid,270,69079,81043
train,liquid,270,40463,81064
train,liquid,270,71714,81065
train,liquid,270,10230,81113
train,liquid,270,67540,81128
train,liquid,270,95699,81144
train,liquid,270,87525,81161
train,liquid,270,40512,81162
train,liquid,270,56007,81174
train,liquid,270,105610,81185
train,liquid,270,86022,81201
train,liquid,270,24715,81211
train,liquid,270,94597,81217
train,liquid,270,104012,81228
train,liquid,270,82019,81231
train,liquid,270,12579,81242
train,liquid,270,51646,81264
train,liquid,270,38478,81272
train,liquid,270,24686,81294
train,liquid,272,42517,81604
train,liquid,272,6574,81612
train,liquid,272,54076,81619
train,liquid,272,72209,81623
train,liquid,272,60792,81631
train,liquid,272,48576,81639
train,liquid,272,27108,81649
train,liquid,272,11567,81673
train,liquid,272,77435,81678
train,liquid,272,57410,81680
train,liquid,272,93440,81690
train,liquid,272,55107,81701
train,liquid,272,17453,81711
train,liquid,272,70721,81714
train,liquid,272,107174,81717
train,liquid,272,107140,81738
train,liquid,272,28249,81747
train,liquid,272,19691,81757
train,liquid,272,83958,81775
train,liquid,272,22567,81807
train,liquid,272,2972,81810
train,liquid,272,38137,81815
train,liquid,272,58368,81820
train,liquid,272,66794,81838
train,liquid,272,38465,81853
train,liquid,272,5060,81863
train,liquid,272,94025,81869
train,liquid,272,422,81872
train,liquid,272,4567,81873
train,liquid,273,93954,81910
train,liquid,273,91903,81912
train,liquid,273,69380,81923
train,liquid,273,10165,81941
train,liquid,273,77659,81950
train,liquid,273,32376,81956
train,liquid,273,33027,81957
train,liquid,273,57595,81959
train,liquid,273,72598,81982
train,liquid,273,75678,81987
train,liquid,273,84801,81991
train,liquid,273,81238,81996
train,liquid,273,23441,82000
train,liquid,273,49294,82003
train,liquid,273,104988,82013
train,liquid,273,81181,82017
train,liquid,273,78938,82023
train,liquid,273,64955,82024
train,liquid,273,24143,82065
train,liquid,273,53140,82087
train,liquid,273,41057,82088
train,liquid,273,68722,82094
train,liquid,273,81400,82098
train,liquid,273,67077,82102
train,liquid,273,69960,82122
train,liquid,273,61310,82123
train,liquid,273,80583,82136
train,liquid,273,14769,82155
train,liquid,273,7711,82163
train,liquid,273,68400,82174
train,liquid,273,39492,82188
train,liquid,275,81716,82508
train,liquid,275,6925,82534
train,liquid,275,107317,82536
train,liquid,275,67256,82539
train,liquid,275,20427,82542
train,liquid,275,95228,82594
train,liquid,275,23969,82600
train,liquid,275,50308,82619
train,liquid,275,32570,82627
train,liquid,275,62132,82635
train,liquid,275,102878,82652
train,liquid,275,19418,82671
train,liquid,275,96740,82675
train,liquid,275,89452,82688
train,liquid,275,79559,82704
train,liquid,275,83680,82708
train,liquid,275,86759,82720
train,liquid,275,61625,82723
train,liquid,275,55995,82729
train,liquid,275,90368,82735
train,liquid,275,41555,82744
train,liquid,275,68343,82746
train,liquid,275,80408,82776
train,liquid,276,27003,82817
train,liquid,276,7226,82818
train,liquid,276,29017,82827
train,liquid,276,76587,82839
train,liquid,276,100371,82845
train,liquid,276,62397,82854
train,liquid,276,78778,82860
train,liquid,276,46540,82865
train,liquid,276,45106,82874
train,liquid,276,77091,82880
train,liquid,276,84119,82884
train,liquid,276,34579,82898
train,liquid,276,35062,82902
train,liquid,276,74813,82905
train,liquid,276,44772,82911
train,liquid,276,30926,82921
train,liquid,276,48567,82944
train,liquid,276,73872,82959
train,liquid,276,39628,83008
train,liquid,276,35761,83016
train,liquid,276,59551,83017
train,liquid,276,76302,83020
train,liquid,276,66165,83053
train,liquid,276,45391,83074
train,liquid,276,50184,83078
train,liquid,276,58323,83080
train,liquid,276,77716,83081
train,liquid,277,28174,83109
train,liquid,277,38191,83110
train,liquid,277,66469,83121
train,liquid,277,91993,83176
train,liquid,277,8862,83188
train,liquid,277,77989,83190
train,liquid,277,75253,83194
train,liquid,277,38707,83197
train,liquid,277,53039,83200
train,liquid,277,53676,83204
train,liquid,277,33278,83248
train,liquid,277,943,83252
train,liquid,277,45846,83254
train,liquid,277,23703,83283
train,liquid,277,46705,83287
train,liquid,277,68595,83289
train,liquid,277,40380,83290
train,liquid,277,33335,83292
train,liquid,277,106005,83318
train,liquid,277,18660,83324
train,liquid,277,52693,83325
train,liquid,277,66503,83334
train,liquid,277,33319,83338
train,liquid,277,15160,83347
train,liquid,277,5929,83368
train,liquid,277,27347,83379
train,liquid,278,9950,83410
train,liquid,278,85609,83427
train,liquid,278,102240,83429
train,liquid,278,51852,83430
train,liquid,278,69819,83445
train,liquid,278,92475,83447
train,liquid,278,72567,83460
train,liquid,278,64238,83461
train,liquid,278,102305,83462
train,liquid,278,80105,83467
train,liquid,278,1608,83473
train,liquid,278,29823,83477
train,liquid,278,84088,83486
train,liquid,278,103962,83491
train,liquid,278,84128,83516
train,liquid,278,19203,83525
train,liquid,278,56867,83527
train,liquid,278,74893,83532
train,liquid,278,53186,83558
train,liquid,278,97641,83579
train,liquid,278,35300,83591
train,liquid,278,99872,83593
train,liquid,278,54406,83608
train,liquid,278,59943,83617
train,liquid,278,75295,83636
train,liquid,278,91190,83638
train,liquid,278,75635,83642
train,liquid,278,63233,83664
train,liquid,278,35032,83674
train,liquid,278,61508,83675
train,liquid,278,22237,83685
train,liquid,278,79288,83697
train,liquid,279,79800,83702
train,liquid,279,6781,83715
train,liquid,279,28646,83719
train,liquid,279,26150,83738
train,liquid,279,81288,83750
train,liquid,279,7656,83765
train,liquid,279,94805,83772
train,liquid,279,96513,83776
train,liquid,279,36195,83779
train,liquid,279,95927,83787
train,liquid,279,87283,83809
train,liquid,279,39156,83811
train,liquid,279,57563,83817
train,liquid,279,22582,83822
train,liquid,279,71605,83826
train,liquid,279,20728,83828
train,liquid,279,11407,83830
train,liquid,279,62627,83834
train,liquid,279,105064,83865
train,liquid,279,40667,83866
train,liquid,279,69725,83871
train,liquid,279,93312,83872
train,liquid,279,65109,83876
train,liquid,279,86725,83882
train,liquid,279,19398,83887
train,liquid,279,2678,83897
train,liquid,279,2372,83904
train,liquid,279,41663,83912
train,liquid,279,75354,83917
train,liquid,279,78271,83931
train,liquid,279,68631,83950
train,liquid,279,25262,83955
train,liquid,279,70959,83963
train,liquid,279,55689,83964
train,liquid,279,35113,83970
train,liquid,279,6480,83985
train,liquid,279,86696,83988
train,liquid,279,38883,83989
train,liquid,279,51278,83992
train,liquid,279,37526,83996
train,liquid,280,60002,84004
train,liquid,280,30557,84013
train,liquid,280,72631,84018
train,liquid,280,9015,84026
train,liquid,280,82902,84033
train,liquid,280,23878,84034
train,liquid,280,53541,84058
train,liquid,280,8412,84074
train,liquid,280,96751,84086
train,liquid,280,82622,84102
train,liquid,280,51694,84106
train,liquid,280,55765,84111
train,liquid,280,32551,84116
train,liquid,280,107455,84125
train,liquid,280,62881,84139
train,liquid,280,77511,84152
train,liquid,280,50929,84153
train,liquid,280,43429,84172
train,liquid,280,73001,84182
train,liquid,280,12742,84192
train,liquid,280,46686,84197
train,liquid,280,74380,84200
train,liquid,280,100096,84219
train,liquid,280,63584,84229
train,liquid,280,16807,84255
train,liquid,280,42432,84265
train,liquid,280,15591,84268
train,liquid,280,101395,84282
train,liquid,281,8882,84332
train,liquid,281,36410,84333
train,liquid,281,106615,84335
train,liquid,281,93415,84340
train,liquid,281,86009,84354
train,liquid,281,79390,84356
train,liquid,281,18168,84359
train,liquid,281,69613,84383
train,liquid,281,9339,84385
train,liquid,281,81453,84395
train,liquid,281,89940,84425
train,liquid,281,46980,84434
train,liquid,281,10420,84437
train,liquid,281,14384,84450
train,liquid,281,2899,84459
train,liquid,281,36994,84467
train,liquid,281,99720,84489
train,liquid,281,44445,84506
train,liquid,281,14360,84519
train,liquid,281,8705,84521
train,liquid,281,29601,84523
train,liquid,281,813,84532
train,liquid,281,459,84559
train,liquid,281,92034,84563
train,liquid,281,59347,84575
train,liquid,282,37701,84606
train,liquid,282,65912,84610
train,liquid,282,47262,84620
train,liquid,282,46415,84628
train,liquid,282,63061,84634
train,liquid,282,21137,84636
train,liquid,282,80587,84637
train,liquid,282,101324,84641
train,liquid,282,28888,84661
train,liquid,282,98436,84679
train,liquid,282,89046,84680
train,liquid,282,46363,84692
train,liquid,282,69206,84695
train,liquid,282,54178,84718
train,liquid,282,37221,84719
train,liquid,282,35279,84726
train,liquid,282,93216,84729
train,liquid,282,97108,84760
train,liquid,282,34896,84771
train,liquid,282,17954,84778
train,liquid,282,10008,84802
train,liquid,282,99923,84805
train,liquid,282,35597,84836
train,liquid,282,35325,84848
train,liquid,282,83319,84851
train,liquid,282,92088,84876
train,liquid,282,2438,84889
train,liquid,282,4991,84897
train,liquid,283,71260,84902
train,liquid,283,98503,84907
train,liquid,283,106884,84908
train,liquid,283,55536,84913
train,liquid,283,34245,84916
train,liquid,283,13028,84934
train,liquid,283,3080,84948
train,liquid,283,22536,84949
train,liquid,283,39352,84950
train,liquid,283,51444,84956
train,liquid,283,12521,84964
train,liquid,283,6508,84968
train,liquid,283,55960,84973
train,liquid,283,67068,85003
train,liquid,283,56351,85008
train,liquid,283,57746,85056
train,liquid,283,67996,85077
train,liquid,283,54425,85084
train,liquid,283,45478,85094
train,liquid,283,100133,85095
train,liquid,283,105309,85098
train,liquid,283,71332,85108
train,liquid,283,69816,85119
train,liquid,283,86859,85131
train,liquid,283,1724,85136
train,liquid,283,13656,85160
train,liquid,283,43109,85172
train,liquid,283,77015,85173
train,liquid,283,97138,85184
train,liquid,283,86910,85195
train,liquid,283,24138,85198
train,liquid,287,106911,86111
train,liquid,287,16509,86130
train,liquid,287,31414,86138
train,liquid,287,10801,86154
train,liquid,287,90913,86178
train,liquid,287,38281,86187
train,liquid,287,12086,86191
train,liquid,287,9216,86212
train,liquid,287,24123,86237
train,liquid,287,87174,86250
train,liquid,287,89042,86253
train,liquid,287,15028,86262
train,liquid,287,17538,86264
train,liquid,287,1731,86294
train,liquid,287,51893,86297
train,liquid,287,102259,86303
train,liquid,287,29490,86310
train,liquid,287,37396,86317
train,liquid,287,63532,86334
train,liquid,287,65170,86335
train,liquid,287,67717,86352
train,liquid,287,81977,86370
train,liquid,287,57035,86379
train,liquid,287,17665,86396
train,liquid,287,72126,86398
train,liquid,289,98454,86702
train,liquid,289,38054,86720
train,liquid,289,43431,86750
train,liquid,289,89429,86763
train,liquid,289,22147,86765
train,liquid,289,56130,86767
train,liquid,289,9532,86799
train,liquid,289,45378,86815
train,liquid,289,73594,86817
train,liquid,289,59762,86829
train,liquid,289,90029,86833
train,liquid,289,55210,86840
train,liquid,289,43977,86845
train,liquid,289,19811,86849
train,liquid,289,74309,86855
train,liquid,289,100875,86861
train,liquid,289,25711,86878
train,liquid,289,38722,86881
train,liquid,289,32285,86898
train,liquid,289,16950,86912
train,liquid,289,8425,86916
train,liquid,289,29591,86960
train,liquid,289,74134,86975
train,liquid,289,77065,86977
train,liquid,289,43210,86978
train,liquid,290,49375,87005
train,liquid,290,60237,87011
train,liquid,290,84987,87016
train,liquid,290,92852,87017
train,liquid,290,39116,87024
train,liquid,290,38837,87039
train,liquid,290,87494,87085
train,liquid,290,43297,87091
train,liquid,290,44538,87093
train,liquid,290,68378,87132
train,liquid,290,74313,87141
train,liquid,290,47467,87143
train,liquid,290,24093,87181
train,liquid,290,95545,87185
train,liquid,290,96082,87236
train,liquid,290,41274,87242
train,liquid,290,12805,87252
train,liquid,290,60534,87258
train,liquid,290,74016,87259
train,liquid,290,28269,87261
train,liquid,290,98662,87271
train,liquid,290,7866,87275
train,liquid,290,39462,87281
train,liquid,290,49218,87285
train,liquid,293,92051,87904
train,liquid,293,76375,87912
train,liquid,293,82790,87943
train,liquid,293,60762,87978
train,liquid,293,11053,88007
train,liquid,293,34509,88017
train,liquid,293,21456,88036
train,liquid,293,59616,88038
train,liquid,293,29994,88052
train,liquid,293,54982,88062
train,liquid,293,10830,88110
train,liquid,293,10154,88120
train,liquid,293,6460,88129
train,liquid,293,92351,88130
train,liquid,293,85925,88147
train,liquid,293,92535,88154
train,liquid,293,17089,88166
train,liquid,293,7484,88171
train,liquid,293,61413,88180
train,liquid,295,71398,88522
train,liquid,295,46938,88524
train,liquid,295,94256,88530
train,liquid,295,105930,88565
train,liquid,295,9349,88568
train,liquid,295,38813,88570
train,liquid,295,98593,88592
train,liquid,295,86856,88598
train,liquid,295,3699,88607
train,liquid,295,82638,88615
train,liquid,295,101980,88645
train,liquid,295,9773,88657
train,liquid,295,71851,88659
train,liquid,295,48478,88693
train,liquid,295,8309,88698
train,liquid,295,44087,88717
train,liquid,295,96269,88748
train,liquid,295,3634,88771
train,liquid,295,95166,88777
train,liquid,295,48337,88781
train,liquid,295,30762,88795
train,liquid,296,80229,88806
train,liquid,296,48953,88807
train,liquid,296,35604,88825
train,liquid,296,97414,88834
train,liquid,296,21669,88863
train,liquid,296,33612,88866
train,liquid,296,86881,88872
train,liquid,296,7032,88881
train,liquid,296,1781,88886
train,liquid,296,65468,88916
train,liquid,296,61468,88917
train,liquid,296,19156,88923
train,liquid,296,8395,88926
train,liquid,296,66755,88934
train,liquid,296,60617,88936
train,liquid,296,10717,88946
train,liquid,296,70742,88947
train,liquid,296,38604,88966
train,liquid,296,91889,88978
train,liquid,296,103119,88987
train,liquid,296,78502,88995
train,liquid,296,55304,89005
train,liquid,296,49167,89006
train,liquid,296,23631,89007
train,liquid,296,80406,89008
train,liquid,296,67850,89015
train,liquid,296,105619,89020
train,liquid,296,79796,89036
train,liquid,296,27029,89041
train,liquid,296,83372,89053
train,liquid,296,92460,89069
train,liquid,296,20237,89074
train,liquid,296,80496,89093
train,liquid,299,69709,89742
train,liquid,299,60359,89782
train,liquid,299,10885,89799
train,liquid,299,31846,89801
train,liquid,299,86210,89802
train,liquid,299,81511,89814
train,liquid,299,10759,89820
train,liquid,299,20627,89832
train,liquid,299,7414,89835
train,liquid,299,50712,89842
train,liquid,299,28570,89865
train,liquid,299,94782,89875
train,liquid,299,30349,89876
train,liquid,299,73855,89878
train,liquid,299,52657,89885
train,liquid,299,82397,89889
train,liquid,299,104805,89898
train,liquid,299,70960,89900
train,liquid,299,70584,89926
train,liquid,299,90551,89930
train,liquid,299,40417,89992
train,liquid,299,41447,89993
train,liquid,300,91229,90004
train,liquid,300,60789,90039
train,liquid,300,25953,90042
train,liquid,300,36899,90058
train,liquid,300,80944,90073
train,liquid,300,51043,90093
train,liquid,300,80063,90101
train,liquid,300,17695,90110
train,liquid,300,5580,90132
train,liquid,300,19038,90134
train,liquid,300,46929,90139
train,liquid,300,61057,90149
train,liquid,300,8697,90156
train,liquid,300,16420,90172
train,liquid,300,91953,90177
train,liquid,300,102961,90184
train,liquid,300,99782,90192
train,liquid,300,36523,90195
train,liquid,300,42445,90201
train,liquid,300,82431,90204
train,liquid,300,80412,90205
train,liquid,300,73557,90235
train,liquid,300,34326,90250
train,liquid,300,14242,90259
train,liquid,300,44784,90273
train,liquid,300,48730,90281
train,liquid,300,12976,90282
train,liquid,300,99227,90287
val,fcc,8,19207,2458
val,fcc,8,14878,2463
val,fcc,8,3078,2482
val,fcc,8,65412,2503
val,fcc,8,47010,2504
val,fcc,8,2989,2507
val,fcc,8,4274,2518
val,fcc,8,62109,2525
val,fcc,8,98114,2527
val,fcc,8,65379,2541
val,fcc,8,6801,2548
val,fcc,8,79468,2585
val,fcc,8,84762,2589
val,fcc,8,102003,2593
val,fcc,8,2848,2643
val,fcc,8,86519,2650
val,fcc,8,49775,2652
val,fcc,8,54350,2656
val,fcc,8,27380,2677
val,fcc,8,68846,2681
val,fcc,8,41794,2695
val,fcc,10,31945,3039
val,fcc,10,65757,3043
val,fcc,10,48219,3081
val,fcc,10,66174,3103
val,fcc,10,38380,3111
val,fcc,10,19932,3141
val,fcc,10,81829,3151
val,fcc,10,79113,3177
val,fcc,10,12146,3222
val,fcc,10,49660,3293
val,fcc,14,95316,4207
val,fcc,14,33481,4227
val,fcc,14,10843,4265
val,fcc,14,68003,4275
val,fcc,14,56774,4276
val,fcc,14,51985,4282
val,fcc,14,107866,4298
val,fcc,14,78351,4303
val,fcc,14,101929,4318
val,fcc,14,65524,4321
val,fcc,14,78310,4357
val,fcc,14,48292,4423
val,fcc,14,93889,4429
val,fcc,14,28327,4434
val,fcc,14,107146,4441
val,fcc,14,79886,4492
val,fcc,19,12074,5709
val,fcc,19,6070,5714
val,fcc,19,31811,5731
val,fcc,19,104838,5734
val,fcc,19,44233,5748
val,fcc,19,6046,5761
val,fcc,19,88054,5776
val,fcc,19,58213,5777
val,fcc,19,51477,5781
val,fcc,19,104,5783
val,fcc,19,6251,5833
val,fcc,19,45614,5848
val,fcc,19,43018,5858
val,fcc,19,14572,5875
val,fcc,19,91045,5913
val,fcc,19,67905,5948
val,fcc,19,11426,5964
val,fcc,19,60002,5978
val,fcc,19,65913,5983
val,fcc,24,43245,7211
val,fcc,24,76940,7220
val,fcc,24,65955,7221
val,fcc,24,91413,7222
val,fcc,24,54723,7278
val,fcc,24,5555,7283
val,fcc,24,55428,7318
val,fcc,24,24934,7323
val,fcc,24,93415,7334
val,fcc,24,87844,7337
val,fcc,24,60458,7348
val,fcc,24,71499,7362
val,fcc,24,10105,7381
val,fcc,24,49534,7431
val,fcc,24,79146,7432
val,fcc,24,82122,7454
val,fcc,24,57547,7478
val,fcc,24,27102,7480
val,fcc,24,18817,7493
val,fcc,27,60823,8105
val,fcc,27,5470,8108
val,fcc,27,88636,8160
val,fcc,27,102865,8174
val,fcc,27,102041,8186
val,fcc,27,77294,8196
val,fcc,27,11451,8198
val,fcc,27,61491,8226
val,fcc,27,23475,8243
val,fcc,27,42104,8258
val,fcc,27,57063,8269
val,fcc,27,100930,8288
val,fcc,27,99635,8336
val,fcc,27,51471,8363
val,fcc,39,79718,11716
val,fcc,39,98978,11738
val,fcc,39,6095,11743
val,fcc,39,70828,11770
val,fcc,39,103285,11803
val,fcc,39,15932,11804
val,fcc,39,4763,11847
val,fcc,39,57757,11875
val,fcc,39,21096,11881
val,fcc,39,60926,11890
val,fcc,39,90688,11910
val,fcc,39,33258,11913
val,fcc,39,71828,11917
val,fcc,39,103524,11952
val,fcc,39,24162,11953
val,fcc,39,15917,11958
val,fcc,39,52191,11975
val,fcc,39,81408,11981
val,fcc,56,31414,16821
val,fcc,56,17809,16822
val,fcc,56,77833,16823
val,fcc,56,39009,16828
val,fcc,56,33043,16834
val,fcc,56,96855,16845
val,fcc,56,69930,16853
val,fcc,56,106047,16892
val,fcc,56,100983,16896
val,fcc,56,75946,16903
val,fcc,56,17176,16969
val,fcc,56,991,17019
val,fcc,56,35613,17047
val,fcc,56,7139,17048
val,fcc,56,79286,17057
val,fcc,56,82289,17075
val,fcc,56,25714,17086
val,fcc,56,70480,17092
val,fcc,61,105243,18312
val,fcc,61,76124,18314
val,fcc,61,101126,18317
val,fcc,61,2518,18329
val,fcc,61,34892,18382
val,fcc,61,82643,18401
val,fcc,61,63756,18411
val,fcc,61,79409,18413
val,fcc,61,14641,18420
val,fcc,61,21601,18432
val,fcc,61,28837,18452
val,fcc,61,44249,18469
val,fcc,61,16771,18513
val,fcc,61,25876,18519
val,fcc,61,20495,18523
val,fcc,61,32171,18548
val,fcc,61,21259,18551
val,fcc,61,33506,18556
val,fcc,61,1574,18591
val,fcc,63,60145,18911
val,fcc,63,12600,18940
val,fcc,63,105337,18950
val,fcc,63,86785,18978
val,fcc,63,82542,18981
val,fcc,63,39672,19005
val,fcc,63,32682,19038
val,fcc,63,96202,19052
val,fcc,63,1335,19077
val,fcc,63,68917,19092
val,fcc,63,80221,19114
val,fcc,63,39027,19134
val,fcc,63,93249,19137
val,fcc,69,33646,20700
val,fcc,69,14528,20754
val,fcc,69,54051,20777
val,fcc,69,372,20816
val,fcc,69,46721,20820
val,fcc,69,33033,20838
val,fcc,69,83257,20852
val,fcc,69,38544,20856
val,fcc,69,84492,20864
val,fcc,69,51779,20876
val,fcc,69,26456,20890
val,fcc,69,16971,20896
val,fcc,69,57477,20911
val,fcc,69,96301,20913
val,fcc,69,77104,20996
val,fcc,73,83885,21901
val,fcc,73,5094,21922
val,fcc,73,67883,21986
val,fcc,73,45119,22016
val,fcc,73,85093,22047
val,fcc,73,9411,22056
val,fcc,73,103819,22068
val,fcc,73,14381,22074
val,fcc,73,84649,22092
val,fcc,73,73023,22117
val,fcc,73,24814,22121
val,fcc,73,98987,22123
val,fcc,73,53544,22132
val,fcc,73,36429,22136
val,fcc,73,31636,22184
val,fcc,77,79520,23103
val,fcc,77,46974,23128
val,fcc,77,52533,23132
val,fcc,77,93572,23154
val,fcc,77,40672,23163
val,fcc,77,6829,23168
val,fcc,77,29467,23171
val,fcc,77,40767,23191
val,fcc,77,52035,23217
val,fcc,77,99102,23231
val,fcc,77,54453,23244
val,fcc,77,63576,23246
val,fcc,77,62350,23249
val,fcc,77,18906,23262
val,fcc,77,95898,23265
val,fcc,77,19718,23272
val,fcc,77,27983,23319
val,fcc,77,79086,23371
val,fcc,77,17004,23379
val,fcc,81,17973,24302
val,fcc,81,72292,24322
val,fcc,81,34261,24323
val,fcc,81,85907,24326
val,fcc,81,60881,24333
val,fcc,81,18315,24345
val,fcc,81,54364,24373
val,fcc,81,105648,24380
val,fcc,81,91478,24382
val,fcc,81,26319,24389
val,fcc,81,22349,24392
val,fcc,81,8866,24440
val,fcc,81,66792,24460
val,fcc,81,31159,24468
val,fcc,81,31950,24535
val,fcc,81,82683,24551
val,fcc,81,22596,24560
val,fcc,88,59527,26411
val,fcc,88,85116,26416
val,fcc,88,48732,26481
val,fcc,88,38308,26482
val,fcc,88,94281,26505
val,fcc,88,87335,26532
val,fcc,88,78196,26565
val,fcc,88,84734,26573
val,fcc,88,10008,26583
val,fcc,88,50009,26636
val,fcc,88,874,26637
val,fcc,88,44304,26648
val,fcc,88,5946,26681
val,fcc,88,1803,26691
val,fcc,96,930,28802
val,fcc,96,58837,28810
val,fcc,96,20641,28826
val,fcc,96,57677,28882
val,fcc,96,3675,28909
val,fcc,96,29769,28956
val,fcc,96,78110,28957
val,fcc,96,44462,28983
val,fcc,96,100890,28985
val,fcc,96,15533,29004
val,fcc,96,97768,29044
val,fcc,96,80144,29087
val,fcc,97,26176,29116
val,fcc,97,45012,29131
val,fcc,97,32533,29163
val,fcc,97,102175,29164
val,fcc,97,75728,29168
val,fcc,97,90012,29211
val,fcc,97,24978,29216
val,fcc,97,95939,29223
val,fcc,97,62083,29261
val,fcc,97,2621,29274
val,fcc,97,20915,29278
val,fcc,97,7305,29282
val,fcc,97,17714,29290
val,fcc,97,53445,29321
val,fcc,97,107146,29362
val,fcc,101,62139,30319
val,fcc,101,72672,30322
val,fcc,101,63661,30323
val,fcc,101,16415,30333
val,fcc,101,86750,30345
val,fcc,101,78184,30348
val,fcc,101,76428,30351
val,fcc,101,76042,30378
val,fcc,101,35597,30382
val,fcc,101,8035,30389
val,fcc,101,60587,30433
val,fcc,101,5839,30436
val,fcc,101,57730,30437
val,fcc,101,102679,30482
val,fcc,101,81560,30497
val,fcc,101,78079,30532
val,fcc,101,32658,30543
val,fcc,101,100495,30547
val,fcc,101,69122,30548
val,fcc,101,40856,30570
val,fcc,101,90561,30587
val,fcc,101,22449,30597
val,fcc,103,100146,30906
val,fcc,103,5958,30938
val,fcc,103,7969,30947
val,fcc,103,24894,30951
val,fcc,103,55345,30961
val,fcc,103,105157,30973
val,fcc,103,22438,30983
val,fcc,103,96182,31019
val,fcc,103,74305,31026
val,fcc,103,1048,31067
val,fcc,103,13703,31068
val,fcc,103,21143,31127
val,fcc,103,33394,31143
val,fcc,103,18712,31160
val,fcc,103,40640,31162
val,fcc,103,89328,31169
val,fcc,103,35815,31180
val,fcc,103,52128,31187
val,fcc,145,80309,43508
val,fcc,145,49442,43538
val,fcc,145,4734,43569
val,fcc,145,94666,43591
val,fcc,145,68987,43597
val,fcc,145,36282,43607
val,fcc,145,64413,43609
val,fcc,145,86572,43613
val,fcc,145,104430,43661
val,fcc,145,91952,43682
val,fcc,145,98410,43702
val,fcc,145,97417,43712
val,fcc,145,27314,43715
val,fcc,145,56478,43764
val,fcc,145,60567,43783
val,fcc,152,78170,45625
val,fcc,152,70022,45660
val,fcc,152,73848,45669
val,fcc,152,64759,45685
val,fcc,152,33752,45699
val,fcc,152,2484,45722
val,fcc,152,37324,45758
val,fcc,152,13347,45764
val,fcc,152,16505,45774
val,fcc,152,64911,45790
val,fcc,152,18701,45794
val,fcc,152,6247,45802
val,fcc,152,57609,45864
val,fcc,158,60067,47430
val,fcc,158,19099,47451
val,fcc,158,100733,47475
val,fcc,158,51459,47527
val,fcc,158,40655,47540
val,fcc,158,60425,47578
val,fcc,158,1432,47630
val,fcc,158,28422,47660
val,fcc,158,46293,47687
val,fcc,158,33026,47689
val,fcc,159,70626,47713
val,fcc,159,58789,47731
val,fcc,159,31442,47734
val,fcc,159,12829,47752
val,fcc,159,65035,47760
val,fcc,159,16735,47797
val,fcc,159,93798,47803
val,fcc,159,101051,47840
val,fcc,159,20446,47850
val,fcc,159,14380,47856
val,fcc,159,24781,47865
val,fcc,159,56330,47878
val,fcc,159,91831,47923
val,fcc,159,61044,47927
val,fcc,159,54956,47948
val,fcc,159,20781,47949
val,fcc,163,104936,48940
val,fcc,163,73673,48942
val,fcc,163,86968,48948
val,fcc,163,78254,48958
val,fcc,163,15126,48959
val,fcc,163,28305,48960
val,fcc,163,43637,48972
val,fcc,163,6232,48987
val,fcc,163,64703,48996
val,fcc,163,19317,49062
val,fcc,163,68646,49081
val,fcc,163,82844,49106
val,fcc,163,85146,49113
val,fcc,163,66470,49124
val,fcc,163,105007,49135
val,fcc,163,47713,49150
val,fcc,163,53255,49157
val,fcc,163,10113,49174
val,fcc,166,94436,49816
val,fcc,166,44442,49832
val,fcc,166,106930,49878
val,fcc,166,48708,49900
val,fcc,166,48729,49901
val,fcc,166,54599,49944
val,fcc,166,12907,49960
val,fcc,166,23868,49966
val,fcc,166,73683,49979
val,fcc,166,69095,49995
val,fcc,166,27328,49996
val,fcc,166,106128,49998
val,fcc,166,4863,50020
val,fcc,176,78105,52812
val,fcc,176,89038,52849
val,fcc,176,53763,52866
val,fcc,176,2420,52867
val,fcc,176,104365,52870
val,fcc,176,5134,52883
val,fcc,176,22036,52887
val,fcc,176,11904,52892
val,fcc,176,78181,52894
val,fcc,176,78909,52896
val,fcc,176,11211,52925
val,fcc,176,37606,52954
val,fcc,176,24291,52955
val,fcc,176,87703,53016
val,fcc,176,24962,53018
val,fcc,176,63487,53021
val,fcc,176,9249,53055
val,fcc,176,4752,53073
val,fcc,176,60675,53078
val,fcc,176,40398,53084
val,fcc,181,84837,54300
val,fcc,181,70153,54322
val,fcc,181,74310,54366
val,fcc,181,27844,54375
val,fcc,181,104013,54383
val,fcc,181,28723,54492
val,fcc,181,20836,54540
val,fcc,181,78096,54557
val,fcc,181,51945,54578
val,fcc,189,12478,56712
val,fcc,189,66319,56719
val,fcc,189,57860,56797
val,fcc,189,40057,56845
val,fcc,189,69923,56852
val,fcc,189,40016,56862
val,fcc,189,34872,56867
val,fcc,189,62536,56868
val,fcc,189,15102,56892
val,fcc,189,52056,56894
val,fcc,189,47708,56909
val,fcc,189,64890,56918
val,fcc,189,73708,56943
val,fcc,189,68334,56981
val,fcc,189,64810,56982
val,fcc,195,66571,58506
val,fcc,195,98476,58508
val,fcc,195,48480,58519
val,fcc,195,54852,58535
val,fcc,195,56718,58554
val,fcc,195,63002,58568
val,fcc,195,47323,58572
val,fcc,195,1921,58648
val,fcc,195,43063,58656
val,fcc,195,96825,58675
val,fcc,195,61212,58685
val,fcc,195,45244,58690
val,fcc,195,12392,58715
val,fcc,195,18898,58740
val,fcc,195,37269,58751
val,fcc,195,22520,58798
val,fcc,198,88481,59422
val,fcc,198,104012,59437
val,fcc,198,26209,59440
val,fcc,198,77724,59441
val,fcc,198,55377,59465
val,fcc,198,50569,59468
val,fcc,198,49924,59471
val,fcc,198,32249,59483
val,fcc,198,67228,59489
val,fcc,198,3395,59518
val,fcc,198,18935,59520
val,fcc,198,4963,59526
val,fcc,198,20350,59528
val,fcc,198,38457,59571
val,fcc,198,42262,59585
val,fcc,198,64901,59589
val,fcc,198,39729,59594
val,fcc,198,107228,59606
val,fcc,198,87831,59611
val,fcc,198,93402,59614
val,fcc,198,620,59615
val,fcc,198,42905,59637
val,fcc,198,88268,59644
val,fcc,198,13949,59659
val,fcc,198,69296,59661
val,fcc,198,98056,59694
val,fcc,198,75750,59697
val,fcc,206,53870,61829
val,fcc,206,69887,61850
val,fcc,206,40118,61880
val,fcc,206,70676,61881
val,fcc,206,36430,61896
val,fcc,206,66984,61909
val,fcc,206,21758,61941
val,fcc,206,63242,61953
val,fcc,206,75062,61954
val,fcc,206,106975,61973
val,fcc,206,89977,61978
val,fcc,206,71661,61979
val,fcc,206,33749,61985
val,fcc,206,10177,61997
val,fcc,206,42712,62036
val,fcc,206,23691,62037
val,fcc,206,50390,62045
val,fcc,206,75792,62051
val,fcc,206,79878,62052
val,fcc,206,61547,62059
val,fcc,206,68383,62092
val,fcc,206,104347,62099
val,fcc,209,70315,62703
val,fcc,209,56587,62707
val,fcc,209,61741,62721
val,fcc,209,16128,62754
val,fcc,209,82170,62763
val,fcc,209,91483,62766
val,fcc,209,34664,62773
val,fcc,209,64673,62812
val,fcc,209,64100,62814
val,fcc,209,12127,62819
val,fcc,209,106576,62834
val,fcc,209,90597,62837
val,fcc,209,6741,62855
val,fcc,209,80411,62886
val,fcc,209,10379,62894
val,fcc,209,45260,62920
val,fcc,209,90468,62925
val,fcc,209,89662,62942
val,fcc,209,51277,62943
val,fcc,221,92780,66301
val,fcc,221,82315,66308
val,fcc,221,56995,66327
val,fcc,221,83244,66348
val,fcc,221,67120,66352
val,fcc,221,26078,66368
val,fcc,221,982,66372
val,fcc,221,6892,66387
val,fcc,221,99732,66398
val,fcc,221,46225,66419
val,fcc,221,13733,66431
val,fcc,221,43935,66469
val,fcc,221,26041,66493
val,fcc,221,11976,66521
val,fcc,221,97971,66534
val,fcc,221,52453,66548
val,fcc,225,92771,67533
val,fcc,225,28292,67540
val,fcc,225,73996,67559
val,fcc,225,103083,67605
val,fcc,225,82586,67626
val,fcc,225,103317,67636
val,fcc,225,94105,67655
val,fcc,225,42865,67665
val,fcc,225,21514,67669
val,fcc,225,29301,67670
val,fcc,225,100976,67696
val,fcc,225,105385,67703
val,fcc,225,47034,67746
val,fcc,225,21727,67763
val,fcc,225,56055,67780
val,fcc,225,48498,67792
val,fcc,229,57150,68708
val,fcc,229,93552,68709
val,fcc,229,42713,68714
val,fcc,229,12106,68715
val,fcc,229,98253,68732
val,fcc,229,34223,68740
val,fcc,229,8330,68742
val,fcc,229,87905,68765
val,fcc,229,100424,68786
val,fcc,229,19114,68795
val,fcc,229,50213,68797
val,fcc,229,30666,68830
val,fcc,229,95771,68841
val,fcc,229,42757,68842
val,fcc,229,103350,68844
val,fcc,229,71940,68860
val,fcc,229,94680,68919
val,fcc,229,64517,68947
val,fcc,229,45025,68994
val,fcc,241,43014,72300
val,fcc,241,1338,72344
val,fcc,241,35975,72351
val,fcc,241,46129,72358
val,fcc,241,101493,72415
val,fcc,241,73848,72419
val,fcc,241,70865,72422
val,fcc,241,9813,72450
val,fcc,241,93635,72473
val,fcc,241,92878,72496
val,fcc,241,94951,72512
val,fcc,241,99705,72522
val,fcc,241,98125,72525
val,fcc,241,40660,72530
val,fcc,241,68080,72531
val,fcc,241,71193,72539
val,fcc,241,92318,72556
val,fcc,241,85240,72579
val,fcc,241,24590,72594
val,fcc,241,8670,72595
val,fcc,247,96778,74106
val,fcc,247,59051,74116
val,fcc,247,94268,74133
val,fcc,247,83723,74150
val,fcc,247,61551,74175
val,fcc,247,4288,74202
val,fcc,247,40283,74269
val,fcc,247,31048,74307
val,fcc,247,52210,74310
val,fcc,247,30878,74338
val,fcc,247,90595,74354
val,fcc,247,90279,74388
val,fcc,251,33255,75301
val,fcc,251,87478,75304
val,fcc,251,104262,75324
val,fcc,251,69236,75328
val,fcc,251,4776,75357
val,fcc,251,53519,75414
val,fcc,251,107079,75431
val,fcc,251,12282,75459
val,fcc,251,82405,75480
val,fcc,251,5459,75485
val,fcc,251,1989,75487
val,fcc,251,74986,75520
val,fcc,251,103028,75532
val,fcc,251,20162,75538
val,fcc,251,25448,75582
val,fcc,253,80613,75907
val,fcc,253,6317,75915
val,fcc,253,23478,75926
val,fcc,253,49969,75931
val,fcc,253,73982,75933
val,fcc,253,86840,75972
val,fcc,253,57046,75977
val,fcc,253,31910,75984
val,fcc,253,53919,75989
val,fcc,253,46280,76012
val,fcc,253,4722,76016
val,fcc,253,85257,76045
val,fcc,253,5883,76078
val,fcc,253,86649,76081
val,fcc,253,25327,76100
val,fcc,253,94005,76102
val,fcc,253,93644,76138
val,fcc,253,41359,76186
val,fcc,261,34960,78313
val,fcc,261,32865,78323
val,fcc,261,48102,78334
val,fcc,261,70320,78352
val,fcc,261,32971,78401
val,fcc,261,72295,78430
val,fcc,261,55450,78431
val,fcc,261,63455,78433
val,fcc,261,27518,78461
val,fcc,261,34797,78496
val,fcc,261,80271,78551
val,fcc,261,435,78582
val,fcc,261,20840,78585
val,fcc,261,102712,78595
val,fcc,272,93016,81601
val,fcc,272,53880,81606
val,fcc,272,21200,81623
val,fcc,272,90714,81643
val,fcc,272,67716,81664
val,fcc,272,91981,81679
val,fcc,272,25289,81732
val,fcc,272,18020,81756
val,fcc,272,54246,81783
val,fcc,272,50856,81787
val,fcc,272,33142,81795
val,fcc,272,85892,81796
val,fcc,272,14977,81801
val,fcc,272,40497,81878
val,fcc,272,84518,81890
val,fcc,272,76598,81896
val,fcc,276,69911,82805
val,fcc,276,38222,82849
val,fcc,276,57879,82872
val,fcc,276,3330,82873
val,fcc,276,24904,82874
val,fcc,276,47844,82895
val,fcc,276,33743,82900
val,fcc,276,100400,82902
val,fcc,276,51466,82903
val,fcc,276,65842,82911
val,fcc,276,6308,82912
val,fcc,276,21622,82923
val,fcc,276,19280,82927
val,fcc,276,75080,82941
val,fcc,276,32009,82950
val,fcc,276,85602,83025
val,fcc,276,89204,83042
val,fcc,276,73562,83056
val,fcc,276,8756,83065
val,fcc,276,99187,83074
val,fcc,276,53366,83086
val,fcc,278,958,83426
val,fcc,278,88001,83442
val,fcc,278,67377,83453
val,fcc,278,5989,83456
val,fcc,278,72192,83480
val,fcc,278,71196,83505
val,fcc,278,91304,83513
val,fcc,278,93918,83515
val,fcc,278,101519,83516
val,fcc,278,43947,83552
val,fcc,278,32625,83554
val,fcc,278,40902,83610
val,fcc,278,100427,83631
val,fcc,278,58579,83648
val,fcc,278,33257,83650
val,fcc,278,60245,83653
val,fcc,278,81146,83668
val,fcc,278,87359,83676
val,fcc,278,49936,83677
val,fcc,278,98967,83684
val,fcc,278,56341,83689
val,fcc,289,71501,86707
val,fcc,289,648,86748
val,fcc,289,44935,86750
val,fcc,289,56616,86751
val,fcc,289,49994,86791
val,fcc,289,67597,86792
val,fcc,289,89326,86796
val,fcc,289,9688,86819
val,fcc,289,75187,86831
val,fcc,289,67623,86844
val,fcc,289,29163,86854
val,fcc,289,77926,86863
val,fcc,289,58774,86872
val,fcc,289,80005,86899
val,fcc,289,101363,86939
val,fcc,289,45622,86943
val,fcc,289,64949,86960
val,fcc,289,85253,86977
val,fcc,291,35473,87308
val,fcc,291,106342,87310
val,fcc,291,12735,87317
val,fcc,291,75168,87338
val,fcc,291,74386,87339
val,fcc,291,52702,87346
val,fcc,291,102655,87365
val,fcc,291,34778,87372
val,fcc,291,78687,87431
val,fcc,291,60454,87434
val,fcc,291,67734,87445
val,fcc,291,95731,87450
val,fcc,291,70037,87452
val,fcc,291,65824,87495
val,fcc,291,52293,87511
val,fcc,291,87139,87512
val,fcc,291,49918,87524
val,fcc,291,54154,87543
val,fcc,291,99278,87566
val,fcc,291,77603,87570
val,fcc,291,96793,87575
val,fcc,291,104394,87589
val,fcc,296,99085,88814
val,fcc,296,11863,88815
val,fcc,296,47187,88817
val,fcc,296,80568,88840
val,fcc,296,49756,88847
val,fcc,296,35050,88869
val,fcc,296,6833,88870
val,fcc,296,38642,88892
val,fcc,296,39984,88910
val,fcc,296,76666,88927
val,fcc,296,29532,88972
val,fcc,296,66481,88979
val,fcc,296,15690,88986
val,fcc,296,2186,89007
val,fcc,298,37415,89406
val,fcc,298,49589,89409
val,fcc,298,50,89412
val,fcc,298,71348,89428
val,fcc,298,97108,89476
val,fcc,298,60165,89502
val,fcc,298,80197,89507
val,fcc,298,21064,89517
val,fcc,298,49678,89551
val,fcc,298,47221,89558
val,fcc,298,76926,89573
val,fcc,298,90733,89600
val,fcc,298,98443,89613
val,fcc,298,61286,89628
val,fcc,298,25544,89631
val,fcc,298,4654,89660
val,fcc,298,10361,89678
val,fcc,298,1835,89679
val,fcc,298,48824,89684
val,fcc,298,87054,89699
val,fcc,313,101175,93903
val,fcc,313,100927,93922
val,fcc,313,5441,93924
val,fcc,313,23007,93946
val,fcc,313,106217,94002
val,fcc,313,67730,94032
val,fcc,313,17809,94049
val,fcc,313,50405,94052
val,fcc,313,5859,94068
val,fcc,313,20695,94079
val,fcc,313,106783,94087
val,fcc,313,29422,94094
val,fcc,313,37749,94111
val,fcc,313,53879,94114
val,fcc,313,24329,94133
val,fcc,313,14411,94140
val,fcc,313,21971,94142
val,fcc,313,43050,94172
val,fcc,313,50640,94179
val,fcc,323,32437,96922
val,fcc,323,77505,96937
val,fcc,323,16566,96942
val,fcc,323,44874,96951
val,fcc,323,75517,96957
val,fcc,323,626,96960
val,fcc,323,88174,97008
val,fcc,323,69881,97009
val,fcc,323,47985,97014
val,fcc,323,7302,97037
val,fcc,323,102791,97049
val,fcc,323,24675,97063
val,fcc,323,7839,97064
val,fcc,323,54733,97068
val,fcc,323,36044,97078
val,fcc,323,49301,97080
val,fcc,323,67078,97083
val,fcc,323,82512,97110
val,fcc,323,106566,97120
val,fcc,323,5205,97151
val,fcc,323,106701,97159
val,fcc,323,62098,97160
val,fcc,327,1534,98124
val,fcc,327,94334,98143
val,fcc,327,40221,98190
val,fcc,327,35059,98207
val,fcc,327,92840,98243
val,fcc,327,2590,98267
val,fcc,327,82332,98270
val,fcc,327,67364,98276
val,fcc,327,1313,98293
val,fcc,327,13076,98296
val,fcc,327,26480,98303
val,fcc,327,85580,98319
val,fcc,327,19450,98342
val,fcc,327,89278,98367
val,fcc,327,103452,98381
val,fcc,327,36530,98391
val,fcc,327,73002,98392
val,fcc,333,46637,99935
val,fcc,333,73102,99937
val,fcc,333,73025,99975
val,fcc,333,93126,99989
val,fcc,333,18398,100004
val,fcc,333,91883,100035
val,fcc,333,67430,100043
val,fcc,333,28557,100046
val,fcc,333,66488,100053
val,fcc,333,5261,100071
val,fcc,333,78341,100078
val,fcc,333,93029,100080
val,fcc,333,90509,100091
val,fcc,333,98438,100092
val,fcc,333,69054,100107
val,fcc,333,9049,100113
val,fcc,333,35867,100120
val,fcc,333,37709,100125
val,fcc,333,34040,100126
val,fcc,333,16074,100133
val,fcc,333,56942,100172
val,fcc,333,51642,100192
val,fcc,333,85913,100196
val,fcc,334,27896,100239
val,fcc,334,5917,100252
val,fcc,334,95331,100267
val,fcc,334,33569,100302
val,fcc,334,64604,100329
val,fcc,334,6150,100333
val,fcc,334,30130,100424
val,fcc,334,7009,100454
val,fcc,334,18671,100465
val,fcc,334,99948,100481
val,fcc,339,98367,101712
val,fcc,339,41626,101717
val,fcc,339,81761,101764
val,fcc,339,4604,101773
val,fcc,339,29519,101787
val,fcc,339,92561,101824
val,fcc,339,65776,101832
val,fcc,339,102840,101887
val,fcc,339,26570,101914
val,fcc,339,80579,101917
val,fcc,339,10133,101921
val,fcc,339,105502,101951
val,fcc,339,59839,101989
val,fcc,347,98345,104101
val,fcc,347,787,104104
val,fcc,347,90504,104137
val,fcc,347,18354,104176
val,fcc,347,5423,104218
val,fcc,347,44657,104228
val,fcc,347,19055,104245
val,fcc,347,21308,104266
val,fcc,347,36782,104275
val,fcc,347,56625,104307
val,fcc,347,91821,104317
val,fcc,347,16202,104345
val,fcc,347,25101,104376
val,fcc,347,49914,104390
val,fcc,356,62762,106804
val,fcc,356,39748,106839
val,fcc,356,21191,106842
val,fcc,356,91152,106844
val,fcc,356,43570,106845
val,fcc,356,11674,106871
val,fcc,356,55656,106896
val,fcc,356,38243,106937
val,fcc,356,14921,106949
val,fcc,356,91228,106951
val,fcc,356,39911,106973
val,fcc,356,62730,107010
val,fcc,356,49550,107049
val,fcc,356,28410,107050
val,fcc,356,99221,107068
val,fcc,356,102435,107081
val,fcc,356,104611,107088
val,fcc,358,72166,107437
val,fcc,358,55221,107448
val,fcc,358,92302,107463
val,fcc,358,53350,107504
val,fcc,358,107393,107506
val,fcc,358,80243,107519
val,fcc,358,52198,107570
val,fcc,358,79951,107584
val,fcc,358,22442,107623
val,fcc,358,88830,107633
val,fcc,358,97656,107635
val,fcc,358,16449,107642
val,fcc,358,9116,107696
val,fcc,365,93637,109509
val,fcc,365,61201,109510
val,fcc,365,96132,109527
val,fcc,365,63617,109536
val,fcc,365,27905,109548
val,fcc,365,41598,109552
val,fcc,365,107251,109597
val,fcc,365,90468,109635
val,fcc,365,49867,109637
val,fcc,365,41234,109669
val,fcc,365,65459,109672
val,fcc,365,54393,109685
val,fcc,365,28319,109694
val,fcc,365,9208,109699
val,fcc,365,53270,109702
val,fcc,365,47636,109707
val,fcc,365,59208,109796
val,fcc,374,31169,112240
val,fcc,374,45162,112243
val,fcc,374,52926,112249
val,fcc,374,101069,112256
val,fcc,374,25518,112275
val,fcc,374,64001,112281
val,fcc,374,71535,112300
val,fcc,374,59011,112333
val,fcc,374,87490,112362
val,fcc,374,14929,112384
val,fcc,374,91014,112389
val,fcc,374,65218,112392
val,fcc,374,25704,112429
val,fcc,374,42501,112470
val,fcc,397,27863,119128
val,fcc,397,51716,119165
val,fcc,397,41689,119178
val,fcc,397,57992,119181
val,fcc,397,95983,119187
val,fcc,397,14893,119198
val,fcc,397,10057,119213
val,fcc,397,54452,119220
val,fcc,397,64236,119228
val,fcc,397,99740,119234
val,fcc,397,76221,119254
val,fcc,397,25041,119260
val,fcc,397,58549,119268
val,fcc,397,67825,119320
val,fcc,397,27696,119324
val,fcc,397,19161,119347
val,fcc,397,30708,119358
val,fcc,397,78490,119368
val,fcc,397,105435,119372
val,fcc,397,62300,119385
val,fcc,404,19371,121250
val,fcc,404,106940,121259
val,fcc,404,51344,121336
val,fcc,404,58000,121348
val,fcc,404,95487,121354
val,fcc,404,38594,121362
val,fcc,404,24152,121374
val,fcc,404,91329,121377
val,fcc,404,27094,121380
val,fcc,404,44871,121386
val,fcc,404,38867,121407
val,fcc,404,24136,121408
val,fcc,404,107676,121415
val,fcc,404,2852,121418
val,fcc,404,61282,121431
val,fcc,404,100105,121443
val,fcc,404,5221,121483
val,fcc,404,50844,121486
val,fcc,406,58990,121811
val,fcc,406,72231,121822
val,fcc,406,9341,121825
val,fcc,406,34633,121831
val,fcc,406,37088,121864
val,fcc,406,74285,121865
val,fcc,406,1506,121868
val,fcc,406,98122,121911
val,fcc,406,60101,121941
val,fcc,406,85012,121949
val,fcc,406,20822,121953
val,fcc,406,21389,121979
val,fcc,406,106989,121989
val,fcc,406,93258,122000
val,fcc,406,11440,122004
val,fcc,406,77532,122013
val,fcc,406,105954,122019
val,fcc,406,9143,122040
val,fcc,406,35427,122064
val,fcc,406,48650,122085
val,fcc,409,11411,122713
val,fcc,409,49696,122731
val,fcc,409,15197,122737
val,fcc,409,22076,122748
val,fcc,409,92729,122762
val,fcc,409,101639,122777
val,fcc,409,50320,122787
val,fcc,409,37668,122791
val,fcc,409,68167,122805
val,fcc,409,67597,122819
val,fcc,409,93002,122845
val,fcc,409,52909,122847
val,fcc,409,41802,122867
val,fcc,409,91532,122904
val,fcc,409,57014,122924
val,fcc,409,36552,122932
val,fcc,409,856,122963
val,fcc,409,2452,122982
val,fcc,409,58471,122989
val,fcc,421,82245,126348
val,fcc,421,20279,126352
val,fcc,421,44037,126366
val,fcc,421,91291,126383
val,fcc,421,74968,126402
val,fcc,421,94163,126403
val,fcc,421,84541,126413
val,fcc,421,4060,126454
val,fcc,421,80545,126467
val,fcc,421,83920,126533
val,fcc,421,60019,126549
val,fcc,421,61158,126578
val,fcc,421,38275,126583
val,fcc,425,63160,127519
val,fcc,425,105882,127525
val,fcc,425,94509,127692
val,fcc,425,31117,127716
val,fcc,425,40701,127729
val,fcc,425,107549,127744
val,fcc,425,13623,127764
val,fcc,425,18822,127780
val,fcc,425,102320,127783
val,fcc,425,75715,127789
val,fcc,431,55526,129349
val,fcc,431,23505,129373
val,fcc,431,24507,129375
val,fcc,431,55328,129380
val,fcc,431,58754,129383
val,fcc,431,46302,129424
val,fcc,431,45533,129465
val,fcc,431,62177,129470
val,fcc,431,72091,129523
val,fcc,431,9033,129530
val,fcc,431,25388,129584
val,fcc,432,97523,129602
val,fcc,432,17257,129626
val,fcc,432,34437,129668
val,fcc,432,75240,129705
val,fcc,432,29402,129740
val,fcc,432,58016,129764
val,fcc,432,65946,129805
val,fcc,432,82104,129827
val,fcc,432,48831,129833
val,fcc,432,39917,129846
val,fcc,432,9978,129857
val,fcc,432,95187,129860
val,fcc,432,20851,129868
val,fcc,432,56375,129883
val,fcc,432,82314,129897
val,fcc,438,36027,131408
val,fcc,438,2046,131422
val,fcc,438,74132,131453
val,fcc,438,64889,131491
val,fcc,438,25315,131508
val,fcc,438,41570,131516
val,fcc,438,51521,131525
val,fcc,438,39683,131530
val,fcc,438,96632,131544
val,fcc,438,45964,131551
val,fcc,438,53144,131553
val,fcc,438,106752,131565
val,fcc,438,29360,131575
val,fcc,438,67357,131609
val,fcc,438,59431,131626
val,fcc,438,59888,131632
val,fcc,438,16691,131643
val,fcc,438,94567,131656
val,fcc,438,82388,131658
val,fcc,438,46771,131675
val,fcc,438,69035,131681
val,fcc,438,19576,131696
val,fcc,449,78112,134726
val,fcc,449,45576,134779
val,fcc,449,62805,134792
val,fcc,449,58249,134876
val,fcc,449,30314,134882
val,fcc,449,91891,134884
val,fcc,449,52764,134904
val,fcc,449,41751,134913
val,fcc,449,72396,134938
val,fcc,449,79447,134939
val,fcc,449,102682,134950
val,fcc,449,16821,134988
val,fcc,449,23242,134997
val,fcc,450,31576,135000
val,fcc,450,64196,135054
val,fcc,450,19458,135081
val,fcc,450,33086,135103
val,fcc,450,51367,135108
val,fcc,450,64581,135137
val,fcc,450,58682,135141
val,fcc,450,35579,135165
val,fcc,450,31811,135172
val,fcc,450,15983,135203
val,fcc,450,91549,135215
val,fcc,450,17160,135251
val,fcc,450,91157,135255
val,fcc,450,93327,135273
val,fcc,450,84109,135275
val,fcc,450,2402,135279
val,fcc,450,103768,135291
val,fcc,450,101489,135292
val,fcc,457,102436,137105
val,fcc,457,12251,137131
val,fcc,457,26487,137154
val,fcc,457,8815,137206
val,fcc,457,83550,137217
val,fcc,457,23724,137222
val,fcc,457,85210,137256
val,fcc,457,80268,137279
val,fcc,457,6604,137293
val,fcc,457,66713,137301
val,fcc,457,106880,137302
val,fcc,457,50679,137310
val,fcc,457,77660,137314
val,fcc,457,83198,137353
val,fcc,457,103054,137354
val,fcc,457,98029,137356
val,fcc,457,53764,137363
val,fcc,457,14145,137390
val,fcc,462,7995,138603
val,fcc,462,98061,138607
val,fcc,462,23676,138625
val,fcc,462,50996,138672
val,fcc,462,30237,138698
val,fcc,462,85948,138700
val,fcc,462,33160,138705
val,fcc,462,70116,138743
val,fcc,462,19044,138757
val,fcc,462,99951,138760
val,fcc,462,27054,138809
val,fcc,462,81853,138813
val,fcc,462,33053,138850
val,fcc,462,99898,138875
val,fcc,462,92535,138884
val,fcc,469,50523,140700
val,fcc,469,69874,140733
val,fcc,469,9506,140734
val,fcc,469,22738,140760
val,fcc,469,26295,140779
val,fcc,469,71653,140797
val,fcc,469,55343,140825
val,fcc,469,21255,140831
val,fcc,469,31068,140838
val,fcc,469,27174,140842
val,fcc,469,45486,140871
val,fcc,469,6828,140894
val,fcc,469,51942,140906
val,fcc,469,40449,140911
val,fcc,469,12672,140912
val,fcc,469,29436,140936
val,fcc,469,18735,140939
val,fcc,469,63100,140944
val,fcc,469,74939,140946
val,fcc,469,50736,140952
val,fcc,469,79983,140984
val,fcc,469,23921,140994
val,fcc,474,54517,142207
val,fcc,474,56841,142234
val,fcc,474,23082,142250
val,fcc,474,45832,142283
val,fcc,474,49536,142301
val,fcc,474,10165,142303
val,fcc,474,57728,142335
val,fcc,474,91681,142355
val,fcc,474,13626,142358
val,fcc,474,79327,142368
val,fcc,474,42267,142376
val,fcc,474,88236,142394
val,fcc,474,78277,142397
val,fcc,474,7973,142419
val,fcc,474,95402,142453
val,fcc,474,42378,142489
val,fcc,475,74837,142511
val,fcc,475,87527,142524
val,fcc,475,99194,142530
val,fcc,475,46908,142574
val,fcc,475,6240,142624
val,fcc,475,43451,142637
val,fcc,475,21836,142638
val,fcc,475,99906,142656
val,fcc,475,11861,142666
val,fcc,475,51539,142669
val,fcc,475,83443,142676
val,fcc,475,87761,142680
val,fcc,475,37283,142716
val,fcc,475,4274,142754
val,fcc,475,26967,142769
val,fcc,475,20117,142796
val,fcc,484,52049,145206
val,fcc,484,46232,145208
val,fcc,484,63828,145252
val,fcc,484,41325,145269
val,fcc,484,11279,145290
val,fcc,484,63723,145296
val,fcc,484,71563,145351
val,fcc,484,23193,145377
val,fcc,484,64832,145384
val,fcc,484,20696,145386
val,fcc,484,9817,145398
val,fcc,484,5081,145402
val,fcc,484,57398,145411
val,fcc,484,11002,145418
val,fcc,484,10527,145445
val,fcc,484,75589,145454
val,fcc,484,85182,145485
val,fcc,484,80942,145489
val,fcc,484,19933,145496
val,fcc,486,16624,145825
val,fcc,486,63115,145861
val,fcc,486,105793,145878
val,fcc,486,25067,145894
val,fcc,486,103181,145896
val,fcc,486,6999,145901
val,fcc,486,101685,145983
val,fcc,486,7974,145991
val,fcc,486,94870,146030
val,fcc,486,86352,146044
val,fcc,486,22655,146053
val,fcc,486,9787,146081
val,fcc,486,64535,146086
val,fcc,486,50658,146088
val,fcc,491,16233,147303
val,fcc,491,49588,147389
val,fcc,491,22694,147392
val,fcc,491,83270,147396
val,fcc,491,27973,147450
val,fcc,491,94418,147465
val,fcc,491,67055,147477
val,fcc,491,71919,147505
val,fcc,491,61039,147525
val,fcc,491,78836,147534
val,fcc,491,49996,147543
val,fcc,491,90642,147561
val,fcc,491,15924,147564
val,fcc,491,38310,147577
val,fcc,491,4343,147583
val,fcc,491,68882,147587
val,fcc,491,88495,147594
val,fcc,492,66009,147604
val,fcc,492,59281,147619
val,fcc,492,89190,147685
val,fcc,492,77784,147714
val,fcc,492,29880,147733
val,fcc,492,36859,147740
val,fcc,492,27155,147785
val,fcc,492,73760,147789
val,fcc,492,18208,147801
val,fcc,492,63129,147817
val,fcc,492,66087,147846
val,fcc,492,72283,147857
val,fcc,492,105534,147859
val,fcc,492,32652,147883
val,fcc,492,87764,147892
val,fcc,492,99458,147897
val,fcc,498,26995,149407
val,fcc,498,92444,149438
val,fcc,498,74726,149468
val,fcc,498,91277,149470
val,fcc,498,13337,149490
val,fcc,498,35459,149506
val,fcc,498,8623,149534
val,fcc,498,39246,149590
val,fcc,498,44498,149606
val,fcc,498,52267,149624
val,fcc,498,11204,149630
val,fcc,498,28576,149653
val,fcc,498,73958,149664
val,fcc,499,41544,149705
val,fcc,499,75403,149709
val,fcc,499,99452,149736
val,fcc,499,52426,149743
val,fcc,499,47109,149773
val,fcc,499,14122,149784
val,fcc,499,15627,149787
val,fcc,499,26909,149859
val,fcc,499,46829,149867
val,fcc,499,106341,149869
val,fcc,499,19813,149889
val,fcc,499,96,149902
val,fcc,499,64597,149907
val,fcc,499,51321,149929
val,fcc,499,76715,149944
val,fcc,499,12628,149984
val,fcc,499,3551,149996
val,fcc,500,35003,150001
val,fcc,500,53716,150008
val,fcc,500,67966,150021
val,fcc,500,39210,150039
val,fcc,500,25181,150058
val,fcc,500,54359,150074
val,fcc,500,68511,150088
val,fcc,500,89488,150120
val,fcc,500,102251,150127
val,fcc,500,89622,150147
val,fcc,500,29323,150163
val,fcc,500,53686,150165
val,fcc,500,46528,150167
val,fcc,500,73556,150200
val,fcc,500,93678,150201
val,fcc,500,58188,150213
val,fcc,500,105721,150218
val,fcc,500,93546,150220
val,fcc,500,98973,150239
val,fcc,500,6989,150240
val,fcc,500,60210,150267
val,fcc,504,25472,151203
val,fcc,504,37406,151238
val,fcc,504,22180,151250
val,fcc,504,86488,151258
val,fcc,504,36979,151266
val,fcc,504,53011,151316
val,fcc,504,14533,151345
val,fcc,504,59928,151374
val,fcc,504,32632,151402
val,fcc,504,24343,151411
val,fcc,504,89542,151418
val,fcc,504,80200,151421
val,fcc,504,1301,151431
val,fcc,504,65646,151436
val,fcc,504,17107,151459
val,fcc,512,31827,153601
val,fcc,512,104625,153607
val,fcc,512,69508,153618
val,fcc,512,73362,153628
val,fcc,512,1298,153644
val,fcc,512,81981,153665
val,fcc,512,32883,153671
val,fcc,512,107075,153680
val,fcc,512,100473,153696
val,fcc,512,107209,153711
val,fcc,512,17964,153726
val,fcc,512,52257,153727
val,fcc,512,15514,153745
val,fcc,512,59158,153760
val,fcc,512,6950,153864
val,fcc,512,97621,153869
val,fcc,522,51957,156603
val,fcc,522,24588,156605
val,fcc,522,101485,156617
val,fcc,522,41668,156628
val,fcc,522,30040,156639
val,fcc,522,36707,156644
val,fcc,522,30633,156652
val,fcc,522,2943,156690
val,fcc,522,68758,156693
val,fcc,522,98556,156707
val,fcc,522,77179,156741
val,fcc,522,72679,156772
val,fcc,522,43425,156778
val,fcc,522,81295,156792
val,fcc,522,58110,156812
val,fcc,522,58660,156816
val,fcc,522,94030,156825
val,fcc,522,67605,156827
val,fcc,527,24014,158113
val,fcc,527,34532,158127
val,fcc,527,28544,158174
val,fcc,527,93687,158184
val,fcc,527,6177,158197
val,fcc,527,56427,158219
val,fcc,527,12665,158312
val,fcc,527,68993,158322
val,fcc,527,53610,158324
val,fcc,527,39739,158352
val,fcc,527,67183,158387
val,fcc,527,23594,158397
val,fcc,547,75518,164110
val,fcc,547,75765,164117
val,fcc,547,96515,164130
val,fcc,547,99104,164146
val,fcc,547,12759,164150
val,fcc,547,73565,164170
val,fcc,547,34996,164176
val,fcc,547,99380,164181
val,fcc,547,94314,164197
val,fcc,547,107032,164198
val,fcc,547,74577,164199
val,fcc,547,44745,164202
val,fcc,547,96963,164243
val,fcc,547,4468,164275
val,fcc,547,82258,164281
val,fcc,547,33758,164282
val,fcc,547,72071,164330
val,fcc,547,12493,164373
val,fcc,547,100547,164393
val,fcc,551,64857,165334
val,fcc,551,34647,165342
val,fcc,551,72637,165344
val,fcc,551,99823,165363
val,fcc,551,7274,165364
val,fcc,551,72139,165379
val,fcc,551,41169,165380
val,fcc,551,105849,165390
val,fcc,551,28917,165392
val,fcc,551,33776,165399
val,fcc,551,12916,165408
val,fcc,551,29950,165441
val,fcc,551,94119,165471
val,fcc,551,12612,165488
val,fcc,551,14602,165517
val,fcc,551,34065,165552
val,fcc,551,10794,165553
val,fcc,551,44954,165568
val,fcc,551,24771,165577
val,fcc,551,88651,165584
val,fcc,551,20755,165587
val,fcc,556,4691,166800
val,fcc,556,47178,166826
val,fcc,556,8640,166830
val,fcc,556,25545,166845
val,fcc,556,60988,166883
val,fcc,556,82935,166895
val,fcc,556,105229,166896
val,fcc,556,71868,166903
val,fcc,556,27295,166916
val,fcc,556,43170,166944
val,fcc,556,82838,166949
val,fcc,556,99643,166953
val,fcc,556,919,166955
val,fcc,556,13251,167010
val,fcc,556,68113,167067
val,fcc,556,78466,167071
val,fcc,568,60164,170429
val,fcc,568,21864,170437
val,fcc,568,98318,170454
val,fcc,568,14006,170476
val,fcc,568,94552,170497
val,fcc,568,77303,170519
val,fcc,568,83669,170520
val,fcc,568,6234,170563
val,fcc,568,45369,170582
val,fcc,568,90348,170603
val,fcc,568,64247,170617
val,fcc,568,21546,170657
val,fcc,568,33765,170675
val,fcc,568,39978,170677
val,fcc,568,97404,170699
val,fcc,575,57054,172541
val,fcc,575,49175,172559
val,fcc,575,406,172562
val,fcc,575,100787,172566
val,fcc,575,55753,172634
val,fcc,575,10334,172639
val,fcc,575,4001,172649
val,fcc,575,48306,172657
val,fcc,575,27189,172697
val,fcc,575,61715,172700
val,fcc,575,18240,172720
val,fcc,575,97275,172726
val,fcc,575,83064,172733
val,fcc,575,12531,172753
val,fcc,575,53631,172754
val,fcc,575,1535,172769
val,fcc,575,82334,172786
val,hcp,0,50928,10
val,hcp,0,68409,13
val,hcp,0,54666,16
val,hcp,0,3711,74
val,hcp,0,14724,87
val,hcp,0,12921,102
val,hcp,0,62608,172
val,hcp,0,87442,179
val,hcp,0,95546,214
val,hcp,0,89778,238
val,hcp,0,830,244
val,hcp,0,92582,251
val,hcp,0,98666,276
val,hcp,0,99162,283
val,hcp,0,74760,289
val,hcp,3,46225,902
val,hcp,3,34635,904
val,hcp,3,28484,907
val,hcp,3,73455,908
val,hcp,3,52267,930
val,hcp,3,27585,945
val,hcp,3,31977,965
val,hcp,3,61455,971
val,hcp,3,73204,1016
val,hcp,3,97432,1051
val,hcp,3,88609,1054
val,hcp,3,2410,1059
val,hcp,3,87312,1068
val,hcp,3,23448,1076
val,hcp,3,2852,1077
val,hcp,3,5430,1090
val,hcp,3,77562,1094
val,hcp,3,19568,1129
val,hcp,3,39861,1151
val,hcp,3,53139,1154
val,hcp,3,97539,1198
val,hcp,6,93867,1812
val,hcp,6,56352,1814
val,hcp,6,53324,1850
val,hcp,6,100400,1851
val,hcp,6,46702,1873
val,hcp,6,43033,1883
val,hcp,6,53774,1884
val,hcp,6,28809,1885
val,hcp,6,83510,1905
val,hcp,6,25259,1943
val,hcp,6,27151,1988
val,hcp,6,89231,1994
val,hcp,6,2028,2014
val,hcp,6,21993,2021
val,hcp,6,36510,2024
val,hcp,6,68395,2050
val,hcp,6,69570,2097
val,hcp,20,59998,6039
val,hcp,20,93283,6059
val,hcp,20,45912,6093
val,hcp,20,65341,6106
val,hcp,20,45287,6139
val,hcp,20,72811,6148
val,hcp,20,66064,6244
val,hcp,20,98038,6247
val,hcp,20,22256,6261
val,hcp,20,5237,6298
val,hcp,26,60670,7803
val,hcp,26,14385,7820
val,hcp,26,9005,7826
val,hcp,26,27123,7831
val,hcp,26,73933,7837
val,hcp,26,10148,7853
val,hcp,26,100775,7885
val,hcp,26,22411,7905
val,hcp,26,10735,7910
val,hcp,26,92574,7914
val,hcp,26,11971,7936
val,hcp,26,107451,7958
val,hcp,26,12638,7993
val,hcp,26,84608,8002
val,hcp,26,106685,8035
val,hcp,26,79302,8036
val,hcp,26,86946,8082
val,hcp,26,17718,8096
val,hcp,29,26925,8704
val,hcp,29,76599,8724
val,hcp,29,90027,8747
val,hcp,29,95571,8757
val,hcp,29,91486,8799
val,hcp,29,87288,8822
val,hcp,29,19976,8841
val,hcp,29,705,8845
val,hcp,29,28512,8865
val,hcp,29,58627,8877
val,hcp,29,49155,8882
val,hcp,29,104403,8893
val,hcp,29,59406,8943
val,hcp,29,76231,8971
val,hcp,29,98590,8985
val,hcp,30,101180,9008
val,hcp,30,76901,9016
val,hcp,30,27560,9017
val,hcp,30,100758,9086
val,hcp,30,93138,9113
val,hcp,30,43942,9148
val,hcp,30,74905,9171
val,hcp,30,22102,9184
val,hcp,30,100622,9232
val,hcp,30,90668,9233
val,hcp,30,84362,9251
val,hcp,30,60796,9257
val,hcp,33,93512,9912
val,hcp,33,67256,9933
val,hcp,33,55966,9934
val,hcp,33,99920,9956
val,hcp,33,68009,9957
val,hcp,33,71536,9990
val,hcp,33,102795,10016
val,hcp,33,85185,10034
val,hcp,33,57089,10069
val,hcp,33,77675,10070
val,hcp,33,72610,10076
val,hcp,33,53665,10078
val,hcp,33,101036,10098
val,hcp,33,74043,10110
val,hcp,33,54843,10124
val,hcp,33,59169,10171
val,hcp,33,105844,10181
val,hcp,33,101378,10195
val,hcp,34,80829,10270
val,hcp,34,8338,10277
val,hcp,34,88361,10280
val,hcp,34,102898,10283
val,hcp,34,43336,10341
val,hcp,34,72202,10346
val,hcp,34,26970,10363
val,hcp,34,45946,10398
val,hcp,34,85927,10413
val,hcp,34,53904,10424
val,hcp,34,91306,10443
val,hcp,34,58046,10471
val,hcp,34,18869,10481
val,hcp,42,79202,12605
val,hcp,42,1343,12611
val,hcp,42,43442,12613
val,hcp,42,74062,12684
val,hcp,42,5873,12781
val,hcp,42,90438,12798
val,hcp,42,80517,12809
val,hcp,42,46756,12810
val,hcp,42,26236,12817
val,hcp,42,34340,12825
val,hcp,42,30151,12835
val,hcp,42,66256,12865
val,hcp,42,97474,12888
val,hcp,42,25297,12889
val,hcp,46,52604,13810
val,hcp,46,95238,13832
val,hcp,46,67172,13837
val,hcp,46,83721,13858
val,hcp,46,43961,13859
val,hcp,46,48722,13864
val,hcp,46,79710,13875
val,hcp,46,71232,13876
val,hcp,46,79209,13897
val,hcp,46,16392,13901
val,hcp,46,86312,13905
val,hcp,46,66672,13912
val,hcp,46,20767,13927
val,hcp,46,17396,13932
val,hcp,46,15266,13942
val,hcp,46,100517,13943
val,hcp,46,21998,13955
val,hcp,46,30006,13990
val,hcp,46,53878,14006
val,hcp,46,77240,14020
val,hcp,46,106895,14025
val,hcp,46,78967,14033
val,hcp,46,29902,14092
val,hcp,48,38989,14442
val,hcp,48,42955,14445
val,hcp,48,30712,14490
val,hcp,48,82827,14498
val,hcp,48,10845,14507
val,hcp,48,97135,14517
val,hcp,48,54920,14530
val,hcp,48,25647,14535
val,hcp,48,92520,14559
val,hcp,48,40597,14587
val,hcp,48,24106,14605
val,hcp,48,93355,14640
val,hcp,48,50992,14643
val,hcp,48,82996,14653
val,hcp,48,82801,14656
val,hcp,48,10324,14673
val,hcp,48,22638,14675
val,hcp,48,36713,14682
val,hcp,48,95845,14686
val,hcp,50,62359,15011
val,hcp,50,10529,15018
val,hcp,50,80731,15022
val,hcp,50,98075,15043
val,hcp,50,61264,15044
val,hcp,50,104641,15049
val,hcp,50,44501,15079
val,hcp,50,95811,15085
val,hcp,50,36646,15086
val,hcp,50,26530,15093
val,hcp,50,94319,15127
val,hcp,50,78635,15132
val,hcp,50,25220,15152
val,hcp,50,55703,15220
val,hcp,50,14445,15235
val,hcp,50,15794,15243
val,hcp,50,76513,15289
val,hcp,50,21994,15291
val,hcp,59,43424,17730
val,hcp,59,304,17746
val,hcp,59,34645,17783
val,hcp,59,9112,17788
val,hcp,59,56645,17789
val,hcp,59,67157,17848
val,hcp,59,93517,17887
val,hcp,59,66689,17942
val,hcp,59,105750,17965
val,hcp,59,105072,17993
val,hcp,64,13449,19207
val,hcp,64,23555,19231
val,hcp,64,30581,19242
val,hcp,64,32408,19249
val,hcp,64,13614,19330
val,hcp,64,102,19366
val,hcp,64,84429,19375
val,hcp,64,99144,19386
val,hcp,64,70175,19387
val,hcp,64,96700,19392
val,hcp,64,40254,19401
val,hcp,64,19252,19462
val,hcp,64,107334,19488
val,hcp,64,95017,19499
val,hcp,66,98973,19844
val,hcp,66,69849,19854
val,hcp,66,93592,19859
val,hcp,66,72182,19894
val,hcp,66,2779,19897
val,hcp,66,18107,19909
val,hcp,66,79654,19993
val,hcp,66,60090,20010
val,hcp,66,41701,20062
val,hcp,66,5006,20094
val,hcp,71,106971,21301
val,hcp,71,43074,21320
val,hcp,71,107468,21326
val,hcp,71,101318,21335
val,hcp,71,12260,21367
val,hcp,71,71634,21374
val,hcp,71,106556,21378
val,hcp,71,47123,21382
val,hcp,71,83686,21388
val,hcp,71,40874,21389
val,hcp,71,51045,21391
val,hcp,71,93970,21407
val,hcp,71,10286,21411
val,hcp,71,51515,21422
val,hcp,71,27765,21423
val,hcp,71,100614,21428
val,hcp,71,36240,21474
val,hcp,71,665,21482
val,hcp,71,6208,21484
val,hcp,71,91886,21485
val,hcp,71,76790,21506
val,hcp,71,33087,21522
val,hcp,71,76251,21564
val,hcp,78,51828,23404
val,hcp,78,50710,23413
val,hcp,78,17794,23420
val,hcp,78,311,23429
val,hcp,78,19699,23448
val,hcp,78,104992,23449
val,hcp,78,61515,23480
val,hcp,78,62523,23515
val,hcp,78,106736,23519
val,hcp,78,82520,23533
val,hcp,78,7366,23536
val,hcp,78,57106,23537
val,hcp,78,15904,23541
val,hcp,78,98667,23548
val,hcp,78,61895,23567
val,hcp,78,93857,23594
val,hcp,78,3819,23604
val,hcp,78,38770,23605
val,hcp,78,32481,23628
val,hcp,78,69173,23629
val,hcp,78,64652,23656
val,hcp,78,7939,23688
val,hcp,78,42984,23697
val,hcp,79,18672,23703
val,hcp,79,65166,23736
val,hcp,79,9155,23743
val,hcp,79,33607,23750
val,hcp,79,84469,23752
val,hcp,79,93489,23766
val,hcp,79,81851,23798
val,hcp,79,23530,23818
val,hcp,79,95238,23823
val,hcp,79,99576,23860
val,hcp,79,83756,23917
val,hcp,79,39700,23919
val,hcp,79,481,23928
val,hcp,79,73232,23947
val,hcp,79,952,23979
val,hcp,89,7600,26717
val,hcp,89,2302,26757
val,hcp,89,22038,26783
val,hcp,89,81311,26813
val,hcp,89,8760,26817
val,hcp,89,66460,26846
val,hcp,89,100377,26857
val,hcp,89,91034,26866
val,hcp,89,43396,26874
val,hcp,89,38731,26911
val,hcp,89,10901,26919
val,hcp,89,38628,26921
val,hcp,89,10391,26930
val,hcp,89,107901,26981
val,hcp,89,63341,26988
val,hcp,89,67214,26989
val,hcp,89,69824,26996
val,hcp,109,60839,32733
val,hcp,109,89763,32755
val,hcp,109,51267,32779
val,hcp,109,53202,32781
val,hcp,109,14151,32791
val,hcp,109,38691,32807
val,hcp,109,77449,32835
val,hcp,109,35795,32887
val,hcp,109,47639,32899
val,hcp,109,88768,32910
val,hcp,109,65918,32916
val,hcp,109,33578,32925
val,hcp,109,37671,32938
val,hcp,109,18828,32979
val,hcp,122,65683,36634
val,hcp,122,92389,36658
val,hcp,122,72631,36701
val,hcp,122,35013,36703
val,hcp,122,26473,36708
val,hcp,122,8675,36712
val,hcp,122,4136,36719
val,hcp,122,99260,36754
val,hcp,122,1982,36759
val,hcp,122,85235,36761
val,hcp,122,62194,36796
val,hcp,122,1612,36799
val,hcp,122,98231,36816
val,hcp,122,64008,36822
val,hcp,122,60006,36832
val,hcp,122,92552,36882
val,hcp,123,19876,36949
val,hcp,123,64240,36955
val,hcp,123,104186,36960
val,hcp,123,51993,37002
val,hcp,123,22684,37017
val,hcp,123,75876,37045
val,hcp,123,98676,37047
val,hcp,123,47598,37052
val,hcp,123,25682,37055
val,hcp,123,87588,37087
val,hcp,123,39449,37102
val,hcp,123,80565,37112
val,hcp,123,66947,37119
val,hcp,123,63812,37129
val,hcp,123,2055,37149
val,hcp,123,95608,37150
val,hcp,123,69994,37162
val,hcp,123,32994,37171
val,hcp,123,41137,37184
val,hcp,129,76453,38735
val,hcp,129,72152,38750
val,hcp,129,91239,38780
val,hcp,129,67350,38781
val,hcp,129,1680,38791
val,hcp,129,68584,38797
val,hcp,129,84820,38803
val,hcp,129,24154,38805
val,hcp,129,25699,38813
val,hcp,129,12254,38835
val,hcp,129,192,38862
val,hcp,129,98903,38870
val,hcp,129,35605,38886
val,hcp,129,77821,38906
val,hcp,129,57468,38929
val,hcp,129,89085,38932
val,hcp,129,98986,38949
val,hcp,129,101820,38950
val,hcp,129,105305,38955
val,hcp,129,56059,38960
val,hcp,129,60687,38961
val,hcp,129,91695,38989
val,hcp,144,16576,43245
val,hcp,144,56236,43250
val,hcp,144,65652,43251
val,hcp,144,105918,43273
val,hcp,144,43590,43281
val,hcp,144,79621,43284
val,hcp,144,18941,43304
val,hcp,144,44866,43307
val,hcp,144,58175,43328
val,hcp,144,13524,43331
val,hcp,144,102785,43336
val,hcp,144,24349,43356
val,hcp,144,31927,43370
val,hcp,144,42839,43384
val,hcp,144,64840,43391
val,hcp,144,53632,43412
val,hcp,144,77499,43416
val,hcp,144,44161,43421
val,hcp,144,93490,43434
val,hcp,144,58419,43449
val,hcp,144,44019,43465
val,hcp,144,62506,43482
val,hcp,145,16197,43549
val,hcp,145,103168,43551
val,hcp,145,65455,43564
val,hcp,145,96697,43565
val,hcp,145,90526,43566
val,hcp,145,84417,43602
val,hcp,145,89402,43614
val,hcp,145,21987,43622
val,hcp,145,46969,43638
val,hcp,145,34007,43645
val,hcp,145,17076,43649
val,hcp,145,9107,43657
val,hcp,145,71562,43705
val,hcp,145,95422,43719
val,hcp,145,66494,43727
val,hcp,145,72325,43739
val,hcp,145,102833,43744
val,hcp,145,25391,43750
val,hcp,145,63713,43763
val,hcp,145,29838,43769
val,hcp,145,53995,43775
val,hcp,145,12903,43777
val,hcp,145,42430,43789
val,hcp,146,48694,43816
val,hcp,146,29390,43824
val,hcp,146,44048,43918
val,hcp,146,98739,43920
val,hcp,146,23836,43977
val,hcp,146,62877,43985
val,hcp,146,16583,43988
val,hcp,146,64199,44023
val,hcp,146,34818,44026
val,hcp,146,42139,44028
val,hcp,146,45703,44049
val,hcp,146,43726,44055
val,hcp,146,55521,44066
val,hcp,146,88230,44092
val,hcp,152,94298,45647
val,hcp,152,91686,45651
val,hcp,152,105996,45680
val,hcp,152,5122,45687
val,hcp,152,75440,45755
val,hcp,152,29872,45768
val,hcp,152,74875,45771
val,hcp,152,82127,45778
val,hcp,152,64126,45795
val,hcp,152,79996,45820
val,hcp,152,19960,45821
val,hcp,152,103219,45829
val,hcp,152,45369,45830
val,hcp,152,42368,45844
val,hcp,152,45545,45866
val,hcp,152,56822,45880
val,hcp,155,83964,46537
val,hcp,155,86151,46562
val,hcp,155,523,46569
val,hcp,155,97345,46593
val,hcp,155,29688,46597
val,hcp,155,25817,46601
val,hcp,155,71941,46603
val,hcp,155,54695,46653
val,hcp,155,23611,46664
val,hcp,155,8936,46737
val,hcp,155,41497,46764
val,hcp,169,99771,50708
val,hcp,169,28944,50718
val,hcp,169,28500,50728
val,hcp,169,48826,50750
val,hcp,169,17425,50760
val,hcp,169,106840,50766
val,hcp,169,41697,50817
val,hcp,169,1688,50821
val,hcp,169,92339,50959
val,hcp,169,16439,50961
val,hcp,169,17180,50987
val,hcp,171,74160,51305
val,hcp,171,48429,51317
val,hcp,171,97926,51319
val,hcp,171,79026,51328
val,hcp,171,40225,51348
val,hcp,171,50234,51362
val,hcp,171,82711,51402
val,hcp,171,18817,51420
val,hcp,171,14753,51440
val,hcp,171,103946,51443
val,hcp,171,47680,51453
val,hcp,171,105538,51463
val,hcp,171,89855,51475
val,hcp,171,28309,51481
val,hcp,171,55167,51495
val,hcp,171,92664,51507
val,hcp,171,55857,51517
val,hcp,171,41502,51518
val,hcp,171,21591,51551
val,hcp,171,45109,51591
val,hcp,175,79031,52506
val,hcp,175,99865,52510
val,hcp,175,68776,52514
val,hcp,175,8231,52525
val,hcp,175,55533,52547
val,hcp,175,92639,52598
val,hcp,175,15033,52604
val,hcp,175,7925,52626
val,hcp,175,95585,52632
val,hcp,175,24973,52635
val,hcp,175,4402,52638
val,hcp,175,76198,52662
val,hcp,175,2552,52667
val,hcp,175,81611,52684
val,hcp,175,101367,52685
val,hcp,175,100808,52694
val,hcp,175,50933,52697
val,hcp,175,101090,52762
val,hcp,175,24191,52767
val,hcp,176,86053,52813
val,hcp,176,107030,52815
val,hcp,176,26843,52842
val,hcp,176,79451,52884
val,hcp,176,11759,52902
val,hcp,176,104182,52952
val,hcp,176,33407,52963
val,hcp,176,40114,52992
val,hcp,176,52456,53024
val,hcp,176,17602,53060
val,hcp,176,82207,53074
val,hcp,176,76360,53091
val,hcp,180,43508,54006
val,hcp,180,84266,54008
val,hcp,180,73931,54053
val,hcp,180,69308,54071
val,hcp,180,57315,54090
val,hcp,180,34676,54118
val,hcp,180,27735,54127
val,hcp,180,24813,54160
val,hcp,180,39646,54166
val,hcp,180,53084,54194
val,hcp,180,76602,54197
val,hcp,180,19893,54198
val,hcp,180,34903,54213
val,hcp,180,83088,54214
val,hcp,180,103556,54218
val,hcp,180,46602,54234
val,hcp,180,836,54235
val,hcp,180,6835,54240
val,hcp,187,73705,56108
val,hcp,187,84760,56119
val,hcp,187,21864,56152
val,hcp,187,18155,56229
val,hcp,187,65614,56267
val,hcp,187,105072,56285
val,hcp,187,102159,56290
val,hcp,187,79663,56319
val,hcp,187,50283,56320
val,hcp,187,107784,56322
val,hcp,187,92371,56324
val,hcp,187,5959,56368
val,hcp,187,18511,56381
val,hcp,187,62438,56382
val,hcp,187,6074,56387
val,hcp,187,47774,56392
val,hcp,192,41425,57636
val,hcp,192,82530,57638
val,hcp,192,94765,57642
val,hcp,192,89921,57653
val,hcp,192,29668,57656
val,hcp,192,25067,57751
val,hcp,192,101420,57770
val,hcp,192,98492,57781
val,hcp,192,54512,57787
val,hcp,192,88364,57788
val,hcp,192,51041,57793
val,hcp,192,78636,57812
val,hcp,192,100980,57834
val,hcp,192,83880,57835
val,hcp,192,11705,57848
val,hcp,192,30661,57870
val,hcp,192,66649,57877
val,hcp,192,15319,57892
val,hcp,202,100654,60609
val,hcp,202,79899,60714
val,hcp,202,76201,60733
val,hcp,202,12439,60742
val,hcp,202,66144,60755
val,hcp,202,85473,60756
val,hcp,202,85632,60777
val,hcp,202,46215,60794
val,hcp,202,9061,60801
val,hcp,202,38222,60832
val,hcp,202,67668,60842
val,hcp,202,22497,60854
val,hcp,202,92739,60894
val,hcp,202,72846,60897
val,hcp,216,60728,64836
val,hcp,216,54456,64853
val,hcp,216,103293,64862
val,hcp,216,88010,64869
val,hcp,216,26730,64872
val,hcp,216,14913,64887
val,hcp,216,24990,64894
val,hcp,216,82108,64895
val,hcp,216,77435,64905
val,hcp,216,7845,64923
val,hcp,216,3049,64924
val,hcp,216,13493,64935
val,hcp,216,15225,64950
val,hcp,216,55482,64974
val,hcp,216,41578,64986
val,hcp,216,60054,64987
val,hcp,216,18838,64991
val,hcp,216,98498,64998
val,hcp,216,48228,65003
val,hcp,216,105043,65004
val,hcp,216,98357,65013
val,hcp,216,9996,65051
val,hcp,216,78668,65075
val,hcp,216,43911,65082
val,hcp,216,32375,65085
val,hcp,216,92302,65096
val,hcp,219,15780,65701
val,hcp,219,51161,65705
val,hcp,219,2443,65713
val,hcp,219,99271,65742
val,hcp,219,100555,65834
val,hcp,219,83394,65835
val,hcp,219,60617,65870
val,hcp,219,95473,65908
val,hcp,219,92691,65923
val,hcp,219,34534,65952
val,hcp,227,6199,68125
val,hcp,227,86186,68132
val,hcp,227,101195,68152
val,hcp,227,94061,68176
val,hcp,227,88455,68178
val,hcp,227,102980,68200
val,hcp,227,25848,68205
val,hcp,227,8856,68208
val,hcp,227,52736,68299
val,hcp,227,48381,68308
val,hcp,227,49094,68378
val,hcp,231,29966,69303
val,hcp,231,33485,69306
val,hcp,231,106572,69319
val,hcp,231,83351,69344
val,hcp,231,51389,69356
val,hcp,231,79707,69362
val,hcp,231,53405,69388
val,hcp,231,99355,69411
val,hcp,231,36269,69432
val,hcp,231,72872,69440
val,hcp,231,30379,69467
val,hcp,231,101183,69495
val,hcp,231,83175,69536
val,hcp,231,92427,69573
val,hcp,232,86605,69622
val,hcp,232,64744,69624
val,hcp,232,8122,69655
val,hcp,232,27959,69666
val,hcp,232,3689,69678
val,hcp,232,69054,69686
val,hcp,232,8703,69700
val,hcp,232,47323,69727
val,hcp,232,13737,69735
val,hcp,232,64529,69774
val,hcp,232,103653,69804
val,hcp,232,67008,69811
val,hcp,232,70821,69816
val,hcp,232,4564,69833
val,hcp,232,1999,69844
val,hcp,232,22214,69893
val,hcp,254,20661,76207
val,hcp,254,51271,76219
val,hcp,254,16041,76224
val,hcp,254,92002,76229
val,hcp,254,100663,76240
val,hcp,254,33828,76241
val,hcp,254,97172,76287
val,hcp,254,90417,76306
val,hcp,254,72130,76331
val,hcp,254,53524,76335
val,hcp,254,66825,76345
val,hcp,254,76377,76372
val,hcp,254,32432,76373
val,hcp,254,76839,76379
val,hcp,254,39796,76397
val,hcp,254,76701,76413
val,hcp,254,14455,76417
val,hcp,254,12535,76425
val,hcp,254,65803,76445
val,hcp,254,5654,76456
val,hcp,254,20254,76467
val,hcp,254,9102,76473
val,hcp,254,55446,76475
val,hcp,254,3870,76483
val,hcp,263,39450,78906
val,hcp,263,84575,78934
val,hcp,263,6888,78947
val,hcp,263,51148,78965
val,hcp,263,98659,79014
val,hcp,263,4722,79024
val,hcp,263,94626,79058
val,hcp,263,34283,79063
val,hcp,263,79911,79071
val,hcp,263,100451,79098
val,hcp,263,893,79124
val,hcp,263,87208,79128
val,hcp,263,4992,79151
val,hcp,263,61644,79182
val,hcp,263,102793,79190
val,hcp,263,89574,79192
val,hcp,272,30631,81601
val,hcp,272,73971,81610
val,hcp,272,26605,81631
val,hcp,272,89633,81644
val,hcp,272,1033,81651
val,hcp,272,96401,81675
val,hcp,272,83221,81685
val,hcp,272,104197,81703
val,hcp,272,37739,81712
val,hcp,272,23446,81729
val,hcp,272,67318,81740
val,hcp,272,68752,81756
val,hcp,272,90882,81769
val,hcp,272,75189,81772
val,hcp,272,12458,81782
val,hcp,272,8789,81824
val,hcp,272,45898,81827
val,hcp,272,48623,81835
val,hcp,272,51148,81872
val,hcp,272,43510,81880
val,hcp,272,42271,81882
val,hcp,272,1886,81889
val,hcp,272,2928,81892
val,hcp,272,23097,81899
val,hcp,275,45453,82504
val,hcp,275,60080,82505
val,hcp,275,17761,82506
val,hcp,275,97551,82513
val,hcp,275,41319,82559
val,hcp,275,2274,82576
val,hcp,275,81678,82577
val,hcp,275,80465,82609
val,hcp,275,106458,82622
val,hcp,275,81335,82653
val,hcp,275,64967,82684
val,hcp,275,42311,82705
val,hcp,275,36705,82744
val,hcp,275,66181,82791
val,hcp,275,94803,82799
val,hcp,279,84370,83738
val,hcp,279,52051,83742
val,hcp,279,61720,83840
val,hcp,279,76792,83846
val,hcp,279,80720,83857
val,hcp,279,81669,83888
val,hcp,279,29700,83951
val,hcp,279,51850,83991
val,hcp,280,25020,84006
val,hcp,280,77844,84075
val,hcp,280,102517,84079
val,hcp,280,103303,84094
val,hcp,280,46301,84102
val,hcp,280,49345,84186
val,hcp,280,102489,84204
val,hcp,280,10041,84226
val,hcp,280,15972,84233
val,hcp,280,48316,84241
val,hcp,280,42933,84255
val,hcp,280,105543,84295
val,hcp,288,87903,86418
val,hcp,288,73390,86430
val,hcp,288,81987,86457
val,hcp,288,53492,86459
val,hcp,288,63615,86496
val,hcp,288,13352,86522
val,hcp,288,61887,86528
val,hcp,288,66466,86560
val,hcp,288,8105,86563
val,hcp,288,41624,86623
val,hcp,288,32402,86625
val,hcp,288,61984,86627
val,hcp,288,102961,86639
val,hcp,288,11103,86667
val,hcp,288,7247,86690
val,hcp,296,64843,88803
val,hcp,296,12923,88827
val,hcp,296,98169,88851
val,hcp,296,60360,88920
val,hcp,296,4241,88932
val,hcp,296,17599,88938
val,hcp,296,30726,88940
val,hcp,296,94368,88944
val,hcp,296,57378,88967
val,hcp,296,81424,88991
val,hcp,296,1305,88994
val,hcp,296,72371,89012
val,hcp,296,59811,89047
val,hcp,296,89921,89050
val,hcp,296,33379,89064
val,hcp,296,2921,89088
val,hcp,308,40979,92400
val,hcp,308,24303,92436
val,hcp,308,12322,92464
val,hcp,308,94543,92503
val,hcp,308,64338,92510
val,hcp,308,6251,92513
val,hcp,308,30337,92520
val,hcp,308,41149,92538
val,hcp,308,12516,92555
val,hcp,308,80511,92561
val,hcp,308,33403,92588
val,hcp,308,23919,92602
val,hcp,308,93603,92607
val,hcp,308,31427,92611
val,hcp,308,87748,92647
val,hcp,308,105882,92666
val,hcp,308,66293,92680
val,hcp,313,56884,93913
val,hcp,313,91845,93960
val,hcp,313,81381,93967
val,hcp,313,7453,93989
val,hcp,313,44298,93990
val,hcp,313,41595,94091
val,hcp,313,69070,94118
val,hcp,313,66407,94120
val,hcp,313,75048,94138
val,hcp,313,98997,94147
val,hcp,313,76689,94149
val,hcp,313,2794,94153
val,hcp,313,44086,94154
val,hcp,320,27386,96016
val,hcp,320,23186,96053
val,hcp,320,58663,96060
val,hcp,320,7898,96072
val,hcp,320,3374,96073
val,hcp,320,42116,96095
val,hcp,320,74104,96100
val,hcp,320,4014,96110
val,hcp,320,100982,96178
val,hcp,320,91463,96187
val,hcp,320,91028,96217
val,hcp,320,75034,96222
val,hcp,320,64632,96225
val,hcp,320,44400,96233
val,hcp,320,49780,96237
val,hcp,320,48129,96247
val,hcp,320,83864,96253
val,hcp,320,24876,96263
val,hcp,320,100415,96278
val,hcp,320,73115,96279
val,hcp,320,41762,96297
val,hcp,321,93330,96313
val,hcp,321,6516,96320
val,hcp,321,81029,96324
val,hcp,321,12062,96370
val,hcp,321,92775,96378
val,hcp,321,87498,96382
val,hcp,321,54623,96384
val,hcp,321,98990,96438
val,hcp,321,29054,96471
val,hcp,321,40573,96496
val,hcp,321,86580,96497
val,hcp,321,44930,96504
val,hcp,321,84897,96508
val,hcp,321,76809,96510
val,hcp,321,36590,96526
val,hcp,321,4128,96548
val,hcp,321,55028,96567
val,hcp,321,42380,96593
val,hcp,346,45563,103812
val,hcp,346,89233,103839
val,hcp,346,58006,103843
val,hcp,346,48220,103867
val,hcp,346,2566,103874
val,hcp,346,27115,103883
val,hcp,346,96914,103890
val,hcp,346,7940,103892
val,hcp,346,70948,103895
val,hcp,346,59397,103926
val,hcp,346,79882,103927
val,hcp,346,66612,103940
val,hcp,346,35010,103991
val,hcp,346,56616,103998
val,hcp,346,15494,104020
val,hcp,346,89329,104022
val,hcp,346,87125,104038
val,hcp,346,33316,104075
val,hcp,346,26620,104080
val,hcp,351,92872,105342
val,hcp,351,88555,105344
val,hcp,351,72281,105348
val,hcp,351,83916,105367
val,hcp,351,18755,105371
val,hcp,351,26136,105374
val,hcp,351,79003,105388
val,hcp,351,104468,105407
val,hcp,351,21892,105418
val,hcp,351,95544,105423
val,hcp,351,96650,105429
val,hcp,351,21137,105467
val,hcp,351,72250,105469
val,hcp,351,70149,105487
val,hcp,351,46264,105508
val,hcp,351,6334,105517
val,hcp,351,13039,105539
val,hcp,351,64909,105592
val,hcp,353,8930,105904
val,hcp,353,100569,105986
val,hcp,353,43443,105992
val,hcp,353,56698,106038
val,hcp,353,103124,106084
val,hcp,353,43644,106134
val,hcp,353,98772,106145
val,hcp,353,92876,106156
val,hcp,353,96595,106160
val,hcp,353,73333,106163
val,hcp,353,99459,106167
val,hcp,353,8017,106175
val,hcp,353,92427,106182
val,hcp,353,52047,106197
val,hcp,362,3818,108603
val,hcp,362,49743,108614
val,hcp,362,63761,108623
val,hcp,362,17190,108625
val,hcp,362,25871,108642
val,hcp,362,59722,108647
val,hcp,362,92476,108650
val,hcp,362,34279,108660
val,hcp,362,51294,108664
val,hcp,362,58903,108729
val,hcp,362,53682,108733
val,hcp,362,97940,108734
val,hcp,362,19449,108744
val,hcp,362,15177,108776
val,hcp,362,75796,108858
val,hcp,362,105778,108868
val,hcp,362,100571,108879
val,hcp,362,42670,108885
val,hcp,362,22453,108889
val,hcp,365,2759,109503
val,hcp,365,80596,109506
val,hcp,365,57169,109518
val,hcp,365,15875,109522
val,hcp,365,84729,109525
val,hcp,365,79123,109543
val,hcp,365,13977,109559
val,hcp,365,88799,109569
val,hcp,365,91361,109570
val,hcp,365,87131,109579
val,hcp,365,72221,109580
val,hcp,365,76315,109612
val,hcp,365,46780,109617
val,hcp,365,86982,109631
val,hcp,365,18,109647
val,hcp,365,60526,109686
val,hcp,365,65587,109695
val,hcp,365,96412,109704
val,hcp,365,60149,109709
val,hcp,365,45683,109743
val,hcp,365,11783,109756
val,hcp,365,93184,109762
val,hcp,365,25837,109770
val,hcp,365,28482,109780
val,hcp,365,80748,109794
val,hcp,372,26957,111606
val,hcp,372,19839,111664
val,hcp,372,90132,111716
val,hcp,372,25836,111734
val,hcp,372,11871,111776
val,hcp,372,62714,111801
val,hcp,372,72177,111826
val,hcp,372,34085,111841
val,hcp,372,74461,111864
val,hcp,372,107673,111874
val,hcp,372,25344,111886
val,hcp,372,48601,111890
val,hcp,372,37650,111898
val,hcp,374,49981,112214
val,hcp,374,16381,112215
val,hcp,374,38601,112252
val,hcp,374,82809,112269
val,hcp,374,78641,112274
val,hcp,374,97788,112276
val,hcp,374,14487,112284
val,hcp,374,97902,112327
val,hcp,374,84922,112341
val,hcp,374,49558,112399
val,hcp,374,63807,112400
val,hcp,374,24259,112413
val,hcp,374,103877,112421
val,hcp,374,10880,112422
val,hcp,374,64116,112423
val,hcp,374,56608,112444
val,hcp,374,55430,112455
val,hcp,374,106994,112474
val,hcp,374,32192,112494
val,hcp,385,38532,115519
val,hcp,385,20567,115548
val,hcp,385,20432,115551
val,hcp,385,56653,115553
val,hcp,385,40098,115563
val,hcp,385,39369,115597
val,hcp,385,51462,115604
val,hcp,385,49506,115612
val,hcp,385,45590,115638
val,hcp,385,46655,115661
val,hcp,385,11216,115688
val,hcp,385,90515,115753
val,hcp,393,95880,117912
val,hcp,393,17407,117918
val,hcp,393,83140,117920
val,hcp,393,104586,117933
val,hcp,393,49421,117935
val,hcp,393,47894,117948
val,hcp,393,27405,117966
val,hcp,393,53489,118052
val,hcp,393,100568,118088
val,hcp,393,91864,118093
val,hcp,393,76809,118098
val,hcp,393,26516,118099
val,hcp,393,11713,118158
val,hcp,393,33105,118160
val,hcp,393,96909,118163
val,hcp,393,87448,118173
val,hcp,393,3473,118179
val,hcp,393,37731,118181
val,hcp,393,102720,118198
val,hcp,407,105153,122105
val,hcp,407,30639,122111
val,hcp,407,2501,122161
val,hcp,407,101884,122164
val,hcp,407,73127,122166
val,hcp,407,97483,122178
val,hcp,407,91944,122218
val,hcp,407,33634,122263
val,hcp,407,69215,122295
val,hcp,407,105259,122298
val,hcp,407,58535,122317
val,hcp,407,107918,122338
val,hcp,407,81407,122347
val,hcp,407,49914,122384
val,hcp,407,51637,122387
val,hcp,415,82785,124532
val,hcp,415,31598,124548
val,hcp,415,21147,124559
val,hcp,415,47486,124573
val,hcp,415,102514,124575
val,hcp,415,41971,124581
val,hcp,415,1929,124602
val,hcp,415,23818,124608
val,hcp,415,30604,124639
val,hcp,415,6137,124640
val,hcp,415,102493,124681
val,hcp,415,4181,124683
val,hcp,415,63897,124686
val,hcp,415,14972,124695
val,hcp,415,28020,124696
val,hcp,415,7040,124700
val,hcp,415,5874,124718
val,hcp,415,56121,124722
val,hcp,415,82945,124728
val,hcp,415,54693,124732
val,hcp,415,24750,124747
val,hcp,415,43502,124761
val,hcp,415,50630,124773
val,hcp,415,107134,124796
val,hcp,423,2124,126900
val,hcp,423,88548,126904
val,hcp,423,21498,126905
val,hcp,423,41342,126960
val,hcp,423,42393,127005
val,hcp,423,68266,127039
val,hcp,423,90762,127051
val,hcp,423,70666,127065
val,hcp,423,99458,127098
val,hcp,423,106128,127099
val,hcp,423,79412,127152
val,hcp,423,104570,127179
val,hcp,423,33339,127188
val,hcp,423,48900,127191
val,hcp,423,63863,127193
val,hcp,423,29712,127196
val,hcp,440,23145,132001
val,hcp,440,4243,132008
val,hcp,440,32123,132009
val,hcp,440,88500,132017
val,hcp,440,49991,132073
val,hcp,440,6810,132078
val,hcp,440,75520,132103
val,hcp,440,75907,132129
val,hcp,440,62676,132145
val,hcp,440,76313,132148
val,hcp,440,8464,132228
val,hcp,440,31188,132233
val,hcp,440,18258,132236
val,hcp,440,95876,132244
val,hcp,441,20011,132303
val,hcp,441,46063,132305
val,hcp,441,11057,132314
val,hcp,441,78578,132362
val,hcp,441,36749,132375
val,hcp,441,41958,132377
val,hcp,441,52071,132417
val,hcp,441,59545,132428
val,hcp,441,89324,132429
val,hcp,441,41804,132439
val,hcp,441,37859,132442
val,hcp,441,58713,132507
val,hcp,441,49090,132511
val,hcp,441,29752,132521
val,hcp,441,34199,132527
val,hcp,441,71217,132536
val,hcp,441,29955,132538
val,hcp,441,17309,132541
val,hcp,441,43695,132544
val,hcp,441,67730,132567
val,hcp,441,90869,132570
val,hcp,441,30985,132571
val,hcp,445,50075,133511
val,hcp,445,43121,133513
val,hcp,445,55874,133519
val,hcp,445,47737,133546
val,hcp,445,20941,133559
val,hcp,445,81885,133561
val,hcp,445,33303,133563
val,hcp,445,103597,133567
val,hcp,445,69462,133588
val,hcp,445,36972,133596
val,hcp,445,20796,133626
val,hcp,445,49683,133653
val,hcp,445,59083,133659
val,hcp,445,27550,133690
val,hcp,445,43993,133716
val,hcp,445,56939,133750
val,hcp,445,70086,133757
val,hcp,445,85274,133784
val,hcp,459,69430,137719
val,hcp,459,48397,137735
val,hcp,459,31939,137748
val,hcp,459,96844,137774
val,hcp,459,88958,137776
val,hcp,459,92384,137803
val,hcp,459,22114,137826
val,hcp,459,25094,137828
val,hcp,459,52385,137841
val,hcp,459,80983,137848
val,hcp,459,64321,137857
val,hcp,459,52346,137881
val,hcp,459,22291,137933
val,hcp,459,92235,137956
val,hcp,459,39589,137963
val,hcp,467,9320,140103
val,hcp,467,13745,140112
val,hcp,467,47871,140132
val,hcp,467,101404,140260
val,hcp,467,70608,140285
val,hcp,467,36537,140299
val,hcp,467,99014,140319
val,hcp,467,4981,140328
val,hcp,467,84988,140346
val,hcp,467,80131,140352
val,hcp,470,76203,141045
val,hcp,470,85112,141050
val,hcp,470,13044,141062
val,hcp,470,67536,141100
val,hcp,470,45317,141102
val,hcp,470,32971,141119
val,hcp,470,96559,141125
val,hcp,470,49552,141131
val,hcp,470,34223,141167
val,hcp,470,21828,141177
val,hcp,470,63532,141182
val,hcp,470,47764,141191
val,hcp,470,2193,141209
val,hcp,470,37413,141280
val,hcp,471,25202,141333
val,hcp,471,92099,141369
val,hcp,471,47531,141373
val,hcp,471,22181,141385
val,hcp,471,100052,141400
val,hcp,471,48267,141404
val,hcp,471,64493,141432
val,hcp,471,3429,141477
val,hcp,471,52243,141496
val,hcp,471,27965,141529
val,hcp,471,58830,141533
val,hcp,471,85467,141551
val,hcp,471,63595,141571
val,hcp,471,60309,141578
val,hcp,480,105245,144012
val,hcp,480,24782,144048
val,hcp,480,28840,144060
val,hcp,480,26455,144064
val,hcp,480,40977,144075
val,hcp,480,70647,144117
val,hcp,480,103185,144126
val,hcp,480,37792,144133
val,hcp,480,89939,144146
val,hcp,480,73485,144172
val,hcp,480,98261,144173
val,hcp,480,66617,144194
val,hcp,480,19208,144209
val,hcp,480,93513,144218
val,hcp,480,96500,144220
val,hcp,480,43914,144246
val,hcp,480,76070,144251
val,hcp,480,2463,144260
val,hcp,480,22583,144271
val,hcp,480,79143,144299
val,hcp,486,37646,145802
val,hcp,486,88506,145806
val,hcp,486,14627,145811
val,hcp,486,34841,145829
val,hcp,486,7765,145859
val,hcp,486,257,145875
val,hcp,486,81866,145892
val,hcp,486,64327,145912
val,hcp,486,86533,145933
val,hcp,486,83484,145936
val,hcp,486,83525,145974
val,hcp,486,52500,145980
val,hcp,486,24108,145987
val,hcp,486,5313,145994
val,hcp,486,106314,146004
val,hcp,486,17503,146011
val,hcp,486,9688,146014
val,hcp,486,39050,146028
val,hcp,486,78520,146045
val,hcp,486,21986,146049
val,hcp,486,16757,146094
val,hcp,499,47982,149716
val,hcp,499,58301,149776
val,hcp,499,46825,149781
val,hcp,499,7027,149794
val,hcp,499,75834,149796
val,hcp,499,76282,149824
val,hcp,499,63369,149827
val,hcp,499,78878,149866
val,hcp,499,103,149871
val,hcp,499,41415,149874
val,hcp,499,9910,149878
val,hcp,499,40161,149888
val,hcp,499,93422,149924
val,hcp,499,2549,149933
val,hcp,499,48079,149944
val,hcp,499,72413,149957
val,hcp,499,28851,149997
val,hcp,503,12661,150916
val,hcp,503,52914,150928
val,hcp,503,54234,150931
val,hcp,503,12424,150942
val,hcp,503,34256,150944
val,hcp,503,56352,150979
val,hcp,503,17895,150990
val,hcp,503,100978,151001
val,hcp,503,2077,151047
val,hcp,503,35050,151051
val,hcp,503,57100,151056
val,hcp,503,29419,151087
val,hcp,503,92818,151098
val,hcp,503,1906,151109
val,hcp,503,63253,151123
val,hcp,503,6466,151124
val,hcp,503,14129,151139
val,hcp,503,104907,151141
val,hcp,503,30459,151149
val,hcp,503,60980,151157
val,hcp,503,28586,151165
val,hcp,503,35996,151173
val,hcp,503,16812,151179
val,hcp,503,68488,151180
val,hcp,503,21659,151190
val,hcp,503,60240,151196
val,hcp,517,80534,155103
val,hcp,517,49256,155109
val,hcp,517,41721,155131
val,hcp,517,8778,155138
val,hcp,517,23694,155156
val,hcp,517,92092,155157
val,hcp,517,84107,155159
val,hcp,517,35617,155166
val,hcp,517,50089,155167
val,hcp,517,65368,155242
val,hcp,517,18579,155243
val,hcp,517,75395,155251
val,hcp,517,19356,155261
val,hcp,517,72830,155343
val,hcp,517,96223,155352
val,hcp,517,90909,155380
val,hcp,517,12287,155381
val,hcp,517,105017,155384
val,hcp,521,8342,156303
val,hcp,521,85536,156312
val,hcp,521,86854,156315
val,hcp,521,13397,156340
val,hcp,521,34131,156351
val,hcp,521,66543,156355
val,hcp,521,62610,156364
val,hcp,521,81211,156371
val,hcp,521,53589,156375
val,hcp,521,71642,156414
val,hcp,521,52675,156423
val,hcp,521,16356,156433
val,hcp,521,979,156462
val,hcp,521,61839,156474
val,hcp,521,36486,156490
val,hcp,524,68074,157203
val,hcp,524,56101,157204
val,hcp,524,3321,157210
val,hcp,524,23066,157221
val,hcp,524,60239,157222
val,hcp,524,83705,157259
val,hcp,524,21314,157267
val,hcp,524,19352,157280
val,hcp,524,28852,157323
val,hcp,524,12332,157325
val,hcp,524,11969,157372
val,hcp,524,74870,157380
val,hcp,524,23845,157384
val,hcp,524,97312,157399
val,hcp,524,97178,157404
val,hcp,524,30918,157413
val,hcp,524,49924,157440
val,hcp,524,20100,157460
val,hcp,524,33873,157487
val,hcp,542,54795,162622
val,hcp,542,2872,162628
val,hcp,542,47042,162653
val,hcp,542,44176,162655
val,hcp,542,74976,162669
val,hcp,542,6157,162689
val,hcp,542,37208,162691
val,hcp,542,46000,162707
val,hcp,542,32584,162709
val,hcp,542,83414,162713
val,hcp,542,68175,162714
val,hcp,542,50330,162721
val,hcp,542,63999,162734
val,hcp,542,28959,162742
val,hcp,542,47613,162814
val,hcp,542,21538,162817
val,hcp,542,37961,162859
val,hcp,542,29130,162864
val,hcp,545,36943,163547
val,hcp,545,64842,163569
val,hcp,545,44542,163577
val,hcp,545,51469,163592
val,hcp,545,1671,163608
val,hcp,545,66443,163622
val,hcp,545,26592,163642
val,hcp,545,41297,163654
val,hcp,545,32506,163686
val,hcp,545,68890,163738
val,hcp,545,88155,163748
val,hcp,545,66689,163784
val,hcp,545,16787,163787
val,hcp,557,7837,167118
val,hcp,557,22611,167130
val,hcp,557,34493,167133
val,hcp,557,33073,167185
val,hcp,557,928,167199
val,hcp,557,93289,167203
val,hcp,557,14491,167226
val,hcp,557,63949,167233
val,hcp,557,96030,167237
val,hcp,557,43223,167312
val,hcp,557,90941,167317
val,hcp,557,79801,167318
val,hcp,557,31403,167378
val,hcp,557,7423,167393
val,hcp,561,103377,168408
val,hcp,561,34211,168423
val,hcp,561,56466,168431
val,hcp,561,46083,168439
val,hcp,561,5078,168477
val,hcp,561,82797,168491
val,hcp,561,20624,168544
val,hcp,561,22969,168545
val,hcp,561,65670,168556
val,hcp,561,107204,168570
val,hcp,561,70837,168578
val,hcp,561,3334,168583
val,hcp,570,62080,171005
val,hcp,570,94757,171095
val,hcp,570,135,171161
val,hcp,570,14451,171206
val,hcp,570,40049,171253
val,hcp,570,67147,171259
val,hcp,570,36954,171272
val,hcp,570,61989,171277
val,hcp,570,20564,171283
val,hcp,571,87801,171316
val,hcp,571,42783,171339
val,hcp,571,102310,171346
val,hcp,571,80730,171367
val,hcp,571,50997,171396
val,hcp,571,61958,171397
val,hcp,571,94353,171413
val,hcp,571,86955,171420
val,hcp,571,84487,171437
val,hcp,571,57045,171449
val,hcp,571,55640,171456
val,hcp,571,19970,171484
val,hcp,571,107063,171490
val,hcp,571,21030,171555
val,hcp,571,24875,171574
val,hcp,571,3321,171580
val,hcp,578,18818,173402
val,hcp,578,98752,173436
val,hcp,578,9348,173479
val,hcp,578,93220,173494
val,hcp,578,29639,173543
val,hcp,578,25077,173550
val,hcp,578,42393,173566
val,hcp,578,103906,173581
val,hcp,578,27554,173596
val,hcp,578,94654,173599
val,hcp,578,5888,173601
val,hcp,578,32256,173602
val,hcp,578,103535,173627
val,hcp,578,98312,173643
val,hcp,578,61785,173651
val,hcp,578,53407,173665
val,hcp,596,60605,178802
val,hcp,596,21610,178812
val,hcp,596,100575,178818
val,hcp,596,44455,178821
val,hcp,596,28961,178823
val,hcp,596,104944,178859
val,hcp,596,45525,178861
val,hcp,596,101738,178868
val,hcp,596,99097,178884
val,hcp,596,87682,178893
val,hcp,596,5320,178902
val,hcp,596,48608,178910
val,hcp,596,1818,178931
val,hcp,596,86509,178938
val,hcp,596,10434,178940
val,hcp,596,68190,178971
val,hcp,596,51239,178977
val,hcp,596,53944,178984
val,hcp,596,25392,179003
val,hcp,596,27058,179005
val,hcp,596,46012,179008
val,hcp,596,54998,179013
val,hcp,596,7690,179020
val,hcp,596,76996,179022
val,hcp,596,64777,179023
val,hcp,596,3948,179035
val,hcp,596,15642,179050
val,hcp,596,6605,179063
val,hcp,596,103,179070
val,hcp,596,79685,179088
val,hcp,599,11160,179706
val,hcp,599,103161,179710
val,hcp,599,8463,179720
val,hcp,599,96750,179803
val,hcp,599,11604,179817
val,hcp,599,51451,179885
val,hcp,599,20839,179886
val,hcp,599,92963,179898
val,hcp,599,104854,179909
val,hcp,599,100219,179922
val,hcp,599,18908,179950
val,hcp,599,33982,179957
val,hcp,599,64580,179975
val,hcp,599,57776,179979
val,hcp,600,89324,180005
val,hcp,600,53066,180023
val,hcp,600,49649,180034
val,hcp,600,40834,180042
val,hcp,600,45694,180052
val,hcp,600,22385,180055
val,hcp,600,11354,180064
val,hcp,600,57829,180098
val,hcp,600,102247,180119
val,hcp,600,44762,180218
val,hcp,600,20625,180240
val,hcp,600,107880,180246
val,hcp,600,26411,180277
val,hcp,600,60793,180287
val,hcp,600,101978,180289
val,hcp,600,63781,180299
val,liquid,18,82579,5401
val,liquid,18,80526,5428
val,liquid,18,33791,5441
val,liquid,18,9120,5449
val,liquid,18,82026,5467
val,liquid,18,84104,5479
val,liquid,18,9978,5497
val,liquid,18,21650,5503
val,liquid,18,33344,5515
val,liquid,18,77094,5526
val,liquid,18,107086,5528
val,liquid,18,80891,5530
val,liquid,18,29400,5537
val,liquid,18,27749,5540
val,liquid,18,3756,5541
val,liquid,18,107463,5544
val,liquid,18,106116,5555
val,liquid,18,63516,5559
val,liquid,18,83183,5569
val,liquid,18,71109,5584
val,liquid,18,16479,5601
val,liquid,18,57416,5607
val,liquid,18,58100,5618
val,liquid,18,56288,5621
val,liquid,18,15890,5622
val,liquid,18,27331,5627
val,liquid,18,12727,5652
val,liquid,18,95561,5653
val,liquid,18,57965,5657
val,liquid,18,23070,5659
val,liquid,18,5802,5660
val,liquid,18,33811,5664
val,liquid,18,24890,5680
val,liquid,18,61323,5688
val,liquid,24,7008,7213
val,liquid,24,53762,7221
val,liquid,24,56467,7228
val,liquid,24,62322,7247
val,liquid,24,49059,7261
val,liquid,24,62564,7265
val,liquid,24,95020,7266
val,liquid,24,51194,7270
val,liquid,24,80418,7273
val,liquid,24,34536,7279
val,liquid,24,62813,7290
val,liquid,24,43672,7304
val,liquid,24,26187,7318
val,liquid,24,86644,7320
val,liquid,24,62408,7346
val,liquid,24,57304,7352
val,liquid,24,27204,7354
val,liquid,24,105107,7361
val,liquid,24,67824,7370
val,liquid,24,106788,7378
val,liquid,24,28881,7382
val,liquid,24,34891,7398
val,liquid,24,105694,7402
val,liquid,24,6252,7410
val,liquid,24,58416,7420
val,liquid,24,24567,7421
val,liquid,24,14529,7428
val,liquid,24,80157,7434
val,liquid,24,62160,7441
val,liquid,24,85485,7442
val,liquid,24,78938,7468
val,liquid,24,10501,7483
val,liquid,24,94217,7497
val,liquid,30,36877,9000
val,liquid,30,71489,9001
val,liquid,30,95128,9004
val,liquid,30,100335,9013
val,liquid,30,5097,9030
val,liquid,30,57389,9033
val,liquid,30,72024,9040
val,liquid,30,57820,9043
val,liquid,30,93832,9052
val,liquid,30,19278,9053
val,liquid,30,3968,9057
val,liquid,30,90180,9065
val,liquid,30,10617,9089
val,liquid,30,16652,9093
val,liquid,30,18730,9094
val,liquid,30,20008,9106
val,liquid,30,93447,9111
val,liquid,30,44819,9112
val,liquid,30,33918,9116
val,liquid,30,65159,9117
val,liquid,30,24364,9130
val,liquid,30,24868,9131
val,liquid,30,69734,9140
val,liquid,30,77513,9162
val,liquid,30,78116,9165
val,liquid,30,32859,9169
val,liquid,30,70379,9170
val,liquid,30,89437,9175
val,liquid,30,105647,9179
val,liquid,30,1669,9188
val,liquid,30,82984,9191
val,liquid,30,31344,9196
val,liquid,30,90282,9201
val,liquid,30,50833,9219
val,liquid,30,80787,9234
val,liquid,30,101039,9236
val,liquid,30,4838,9238
val,liquid,30,21181,9251
val,liquid,30,62971,9255
val,liquid,30,22268,9280
val,liquid,30,40928,9282
val,liquid,30,59012,9289
val,liquid,37,59187,11111
val,liquid,37,95722,11133
val,liquid,37,18803,11159
val,liquid,37,18744,11162
val,liquid,37,97498,11164
val,liquid,37,6335,11184
val,liquid,37,27389,11185
val,liquid,37,92283,11186
val,liquid,37,169,11187
val,liquid,37,87797,11193
val,liquid,37,3428,11197
val,liquid,37,18588,11201
val,liquid,37,51749,11204
val,liquid,37,6208,11215
val,liquid,37,84532,11218
val,liquid,37,104809,11236
val,liquid,37,71124,11257
val,liquid,37,96055,11264
val,liquid,37,61680,11286
val,liquid,37,91416,11287
val,liquid,37,9684,11301
val,liquid,37,16297,11308
val,liquid,37,38405,11309
val,liquid,37,43315,11328
val,liquid,37,63178,11351
val,liquid,37,104890,11353
val,liquid,37,51266,11355
val,liquid,37,57407,11371
val,liquid,37,55239,11376
val,liquid,37,91130,11377
val,liquid,37,55486,11383
val,liquid,39,88002,11704
val,liquid,39,28770,11723
val,liquid,39,10884,11725
val,liquid,39,58136,11728
val,liquid,39,50198,11730
val,liquid,39,30167,11735
val,liquid,39,83257,11754
val,liquid,39,82180,11755
val,liquid,39,51404,11763
val,liquid,39,51800,11781
val,liquid,39,49106,11793
val,liquid,39,17574,11804
val,liquid,39,80559,11810
val,liquid,39,968,11814
val,liquid,39,43488,11815
val,liquid,39,10024,11820
val,liquid,39,2460,11834
val,liquid,39,103547,11843
val,liquid,39,4048,11845
val,liquid,39,16641,11896
val,liquid,39,105927,11904
val,liquid,39,74262,11912
val,liquid,39,86758,11913
val,liquid,39,97521,11941
val,liquid,39,54358,11945
val,liquid,39,27608,11948
val,liquid,39,91972,11963
val,liquid,39,35241,11978
val,liquid,39,56041,11984
val,liquid,45,8088,13502
val,liquid,45,39042,13508
val,liquid,45,12522,13517
val,liquid,45,11038,13522
val,liquid,45,76242,13527
val,liquid,45,107856,13528
val,liquid,45,11125,13546
val,liquid,45,90502,13555
val,liquid,45,87375,13566
val,liquid,45,22206,13568
val,liquid,45,63804,13587
val,liquid,45,99820,13590
val,liquid,45,12179,13591
val,liquid,45,49236,13612
val,liquid,45,40383,13622
val,liquid,45,50712,13625
val,liquid,45,17549,13632
val,liquid,45,66097,13641
val,liquid,45,19742,13652
val,liquid,45,60735,13678
val,liquid,45,51593,13685
val,liquid,45,56922,13691
val,liquid,45,67663,13703
val,liquid,45,61988,13705
val,liquid,45,97230,13713
val,liquid,45,46846,13724
val,liquid,45,94762,13734
val,liquid,45,12065,13748
val,liquid,45,81479,13766
val,liquid,45,82672,13771
val,liquid,45,27506,13796
val,liquid,66,85848,19813
val,liquid,66,61455,19822
val,liquid,66,12972,19830
val,liquid,66,17174,19831
val,liquid,66,104959,19837
val,liquid,66,44899,19868
val,liquid,66,101896,19873
val,liquid,66,53466,19885
val,liquid,66,42852,19888
val,liquid,66,59535,19892
val,liquid,66,4340,19900
val,liquid,66,84582,19901
val,liquid,66,85017,19913
val,liquid,66,69606,19914
val,liquid,66,94334,19921
val,liquid,66,30683,19936
val,liquid,66,1999,19953
val,liquid,66,24015,19963
val,liquid,66,83290,19977
val,liquid,66,82644,19991
val,liquid,66,11399,19993
val,liquid,66,106027,19995
val,liquid,66,107380,20010
val,liquid,66,28371,20011
val,liquid,66,1839,20012
val,liquid,66,93755,20020
val,liquid,66,25687,20025
val,liquid,66,51284,20030
val,liquid,66,75816,20035
val,liquid,66,67396,20038
val,liquid,66,22266,20062
val,liquid,66,85417,20089
val,liquid,68,66424,20403
val,liquid,68,60452,20404
val,liquid,68,57191,20414
val,liquid,68,72424,20425
val,liquid,68,36869,20430
val,liquid,68,62798,20460
val,liquid,68,72232,20470
val,liquid,68,31719,20476
val,liquid,68,71506,20500
val,liquid,68,22618,20511
val,liquid,68,62590,20532
val,liquid,68,61302,20547
val,liquid,68,99955,20555
val,liquid,68,3723,20556
val,liquid,68,65520,20568
val,liquid,68,34430,20572
val,liquid,68,54634,20580
val,liquid,68,30770,20588
val,liquid,68,74627,20590
val,liquid,68,99503,20603
val,liquid,68,17565,20604
val,liquid,68,107489,20608
val,liquid,68,71277,20610
val,liquid,68,56607,20625
val,liquid,68,14832,20633
val,liquid,68,104030,20638
val,liquid,68,57975,20660
val,liquid,68,54212,20661
val,liquid,68,47653,20667
val,liquid,68,78104,20677
val,liquid,68,43347,20695
val,liquid,68,41910,20696
val,liquid,73,61660,21905
val,liquid,73,84652,21927
val,liquid,73,66981,21933
val,liquid,73,23695,21939
val,liquid,73,22184,21954
val,liquid,73,55960,21971
val,liquid,73,104645,21972
val,liquid,73,53368,21980
val,liquid,73,95362,21991
val,liquid,73,95618,22002
val,liquid,73,24326,22049
val,liquid,73,5348,22056
val,liquid,73,67947,22058
val,liquid,73,95283,22066
val,liquid,73,11067,22085
val,liquid,73,58842,22111
val,liquid,73,97872,22116
val,liquid,73,4969,22118
val,liquid,73,83590,22119
val,liquid,73,7462,22125
val,liquid,73,51254,22131
val,liquid,73,96577,22144
val,liquid,73,18330,22149
val,liquid,73,31148,22158
val,liquid,73,92931,22165
val,liquid,73,78591,22188
val,liquid,73,38722,22190
val,liquid,73,38853,22199
val,liquid,81,22414,24309
val,liquid,81,17627,24327
val,liquid,81,76099,24332
val,liquid,81,27755,24337
val,liquid,81,36933,24342
val,liquid,81,13338,24343
val,liquid,81,50866,24352
val,liquid,81,102600,24354
val,liquid,81,102700,24365
val,liquid,81,97119,24383
val,liquid,81,72283,24387
val,liquid,81,35986,24409
val,liquid,81,48749,24419
val,liquid,81,50797,24425
val,liquid,81,34729,24428
val,liquid,81,26433,24431
val,liquid,81,85697,24432
val,liquid,81,59193,24433
val,liquid,81,101042,24447
val,liquid,81,55222,24451
val,liquid,81,56823,24452
val,liquid,81,88258,24455
val,liquid,81,84605,24459
val,liquid,81,92239,24462
val,liquid,81,99085,24465
val,liquid,81,4293,24474
val,liquid,81,72553,24478
val,liquid,81,34847,24482
val,liquid,81,85742,24484
val,liquid,81,80097,24490
val,liquid,81,38598,24491
val,liquid,81,63079,24494
val,liquid,81,75123,24515
val,liquid,81,68311,24530
val,liquid,81,10217,24540
val,liquid,81,61214,24544
val,liquid,81,99812,24563
val,liquid,81,81327,24564
val,liquid,81,6389,24565
val,liquid,81,5608,24572
val,liquid,81,16941,24573
val,liquid,81,33649,24575
val,liquid,81,1733,24576
val,liquid,81,88904,24591
val,liquid,81,99012,24593
val,liquid,81,18770,24596
val,liquid,92,22884,27619
val,liquid,92,52401,27640
val,liquid,92,34005,27643
val,liquid,92,78794,27646
val,liquid,92,5161,27648
val,liquid,92,11646,27653
val,liquid,92,75459,27659
val,liquid,92,69782,27661
val,liquid,92,41553,27663
val,liquid,92,11720,27667
val,liquid,92,672,27681
val,liquid,92,12153,27706
val,liquid,92,42774,27716
val,liquid,92,71482,27731
val,liquid,92,93426,27745
val,liquid,92,7647,27746
val,liquid,92,55188,27751
val,liquid,92,2476,27754
val,liquid,92,67768,27755
val,liquid,92,32586,27763
val,liquid,92,43543,27765
val,liquid,92,66144,27774
val,liquid,92,65738,27778
val,liquid,92,77624,27779
val,liquid,92,61997,27789
val,liquid,92,66702,27816
val,liquid,92,80167,27836
val,liquid,92,26423,27885
val,liquid,92,88792,27889
val,liquid,92,23154,27896
val,liquid,92,24890,27897
val,liquid,107,94836,32100
val,liquid,107,68628,32101
val,liquid,107,17627,32119
val,liquid,107,106438,32125
val,liquid,107,94521,32131
val,liquid,107,54403,32149
val,liquid,107,8983,32151
val,liquid,107,72750,32153
val,liquid,107,84871,32158
val,liquid,107,19218,32171
val,liquid,107,61563,32177
val,liquid,107,95024,32182
val,liquid,107,36143,32198
val,liquid,107,19692,32206
val,liquid,107,51356,32213
val,liquid,107,47366,32217
val,liquid,107,47225,32219
val,liquid,107,35046,32228
val,liquid,107,63600,32235
val,liquid,107,21942,32238
val,liquid,107,21611,32239
val,liquid,107,22708,32241
val,liquid,107,81584,32246
val,liquid,107,102312,32251
val,liquid,107,91574,32267
val,liquid,107,13144,32269
val,liquid,107,94393,32273
val,liquid,107,86196,32288
val,liquid,107,100436,32289
val,liquid,107,83181,32291
val,liquid,107,77963,32306
val,liquid,107,21161,32314
val,liquid,107,61417,32326
val,liquid,107,74208,32337
val,liquid,107,87385,32343
val,liquid,107,33273,32345
val,liquid,107,70983,32356
val,liquid,107,18706,32360
val,liquid,107,8574,32364
val,liquid,107,59188,32373
val,liquid,107,69037,32388
val,liquid,107,8464,32396
val,liquid,107,53331,32398
val,liquid,108,5586,32403
val,liquid,108,100071,32412
val,liquid,108,2061,32421
val,liquid,108,15794,32426
val,liquid,108,13014,32438
val,liquid,108,47972,32441
val,liquid,108,18361,32449
val,liquid,108,26348,32453
val,liquid,108,3472,32458
val,liquid,108,102856,32467
val,liquid,108,81308,32468
val,liquid,108,70495,32475
val,liquid,108,80534,32487
val,liquid,108,90967,32490
val,liquid,108,106221,32509
val,liquid,108,61934,32539
val,liquid,108,93134,32561
val,liquid,108,40031,32562
val,liquid,108,92687,32563
val,liquid,108,88194,32571
val,liquid,108,50473,32588
val,liquid,108,16271,32589
val,liquid,108,14205,32594
val,liquid,108,37706,32597
val,liquid,108,66937,32599
val,liquid,108,62064,32605
val,liquid,108,18596,32612
val,liquid,108,74398,32614
val,liquid,108,24265,32632
val,liquid,108,33282,32637
val,liquid,108,86993,32638
val,liquid,108,88785,32657
val,liquid,108,16586,32660
val,liquid,108,1678,32667
val,liquid,108,28118,32669
val,liquid,108,84796,32674
val,liquid,108,104804,32693
val,liquid,109,42844,32701
val,liquid,109,65173,32722
val,liquid,109,14018,32741
val,liquid,109,17150,32746
val,liquid,109,52964,32770
val,liquid,109,73017,32778
val,liquid,109,70164,32789
val,liquid,109,57500,32790
val,liquid,109,11268,32799
val,liquid,109,584,32804
val,liquid,109,12898,32836
val,liquid,109,83873,32840
val,liquid,109,39553,32850
val,liquid,109,20781,32861
val,liquid,109,53670,32879
val,liquid,109,40502,32881
val,liquid,109,62551,32894
val,liquid,109,16610,32902
val,liquid,109,49974,32907
val,liquid,109,39618,32921
val,liquid,109,55790,32922
val,liquid,109,30296,32934
val,liquid,109,39019,32958
val,liquid,109,34794,32965
val,liquid,109,102741,32970
val,liquid,109,88359,32975
val,liquid,109,58967,32977
val,liquid,109,93784,32981
val,liquid,109,82578,32988
val,liquid,109,65051,32996
val,liquid,116,102356,34806
val,liquid,116,62993,34813
val,liquid,116,53881,34814
val,liquid,116,31630,34821
val,liquid,116,58886,34825
val,liquid,116,30751,34832
val,liquid,116,17482,34838
val,liquid,116,8995,34849
val,liquid,116,35468,34851
val,liquid,116,45953,34860
val,liquid,116,5943,34863
val,liquid,116,46307,34896
val,liquid,116,57828,34919
val,liquid,116,87594,34926
val,liquid,116,89240,34936
val,liquid,116,50189,34939
val,liquid,116,23025,34957
val,liquid,116,6016,34972
val,liquid,116,75686,34973
val,liquid,116,96546,35001
val,liquid,116,58029,35027
val,liquid,116,67563,35036
val,liquid,116,62818,35038
val,liquid,116,45993,35042
val,liquid,116,69537,35048
val,liquid,116,5979,35049
val,liquid,116,31765,35054
val,liquid,116,70400,35056
val,liquid,116,66032,35068
val,liquid,116,99448,35075
val,liquid,116,35733,35080
val,liquid,116,93572,35094
val,liquid,130,6893,39002
val,liquid,130,36213,39005
val,liquid,130,41006,39028
val,liquid,130,53320,39055
val,liquid,130,12146,39058
val,liquid,130,102759,39082
val,liquid,130,67696,39087
val,liquid,130,55918,39104
val,liquid,130,86648,39109
val,liquid,130,2399,39116
val,liquid,130,3626,39118
val,liquid,130,102645,39121
val,liquid,130,33402,39140
val,liquid,130,16244,39153
val,liquid,130,31572,39158
val,liquid,130,10760,39174
val,liquid,130,11143,39179
val,liquid,130,78453,39193
val,liquid,130,8586,39208
val,liquid,130,58159,39260
val,liquid,130,34394,39275
val,liquid,130,88535,39283
val,liquid,130,63243,39292
val,liquid,130,4086,39295
val,liquid,138,57765,41403
val,liquid,138,35700,41404
val,liquid,138,8710,41405
val,liquid,138,41589,41409
val,liquid,138,84433,41411
val,liquid,138,31571,41419
val,liquid,138,57490,41429
val,liquid,138,94231,41451
val,liquid,138,107496,41454
val,liquid,138,90419,41459
val,liquid,138,100069,41474
val,liquid,138,16633,41479
val,liquid,138,9735,41480
val,liquid,138,57651,41493
val,liquid,138,39936,41506
val,liquid,138,22592,41514
val,liquid,138,65214,41517
val,liquid,138,7875,41519
val,liquid,138,98740,41529
val,liquid,138,61357,41535
val,liquid,138,91201,41541
val,liquid,138,2489,41546
val,liquid,138,10157,41552
val,liquid,138,60046,41553
val,liquid,138,55974,41569
val,liquid,138,87139,41575
val,liquid,138,43324,41589
val,liquid,138,34644,41592
val,liquid,138,10415,41603
val,liquid,138,34608,41631
val,liquid,138,104930,41638
val,liquid,138,74863,41642
val,liquid,138,93529,41646
val,liquid,138,29313,41676
val,liquid,138,10518,41693
val,liquid,147,95589,44106
val,liquid,147,72827,44107
val,liquid,147,8568,44110
val,liquid,147,51091,44112
val,liquid,147,20472,44119
val,liquid,147,28550,44120
val,liquid,147,28609,44129
val,liquid,147,3232,44132
val,liquid,147,101161,44136
val,liquid,147,3186,44143
val,liquid,147,50373,44167
val,liquid,147,100004,44170
val,liquid,147,52456,44175
val,liquid,147,36696,44181
val,liquid,147,105419,44195
val,liquid,147,18640,44197
val,liquid,147,92917,44216
val,liquid,147,45252,44217
val,liquid,147,11297,44223
val,liquid,147,55211,44230
val,liquid,147,106323,44233
val,liquid,147,29874,44244
val,liquid,147,29306,44245
val,liquid,147,58749,44265
val,liquid,147,85935,44275
val,liquid,147,56117,44279
val,liquid,147,92407,44290
val,liquid,147,22210,44300
val,liquid,147,30315,44317
val,liquid,147,105184,44329
val,liquid,147,102219,44330
val,liquid,147,1720,44343
val,liquid,147,17692,44354
val,liquid,147,95782,44355
val,liquid,147,79448,44387
val,liquid,153,96136,45912
val,liquid,153,10118,45914
val,liquid,153,51430,45920
val,liquid,153,15495,45925
val,liquid,153,69317,45938
val,liquid,153,11760,45947
val,liquid,153,53191,45955
val,liquid,153,95068,45956
val,liquid,153,43300,45982
val,liquid,153,68703,45983
val,liquid,153,12951,46018
val,liquid,153,47953,46023
val,liquid,153,41163,46040
val,liquid,153,35872,46050
val,liquid,153,6700,46051
val,liquid,153,20503,46055
val,liquid,153,50270,46061
val,liquid,153,79492,46064
val,liquid,153,5205,46065
val,liquid,153,91940,46098
val,liquid,153,99417,46105
val,liquid,153,14928,46123
val,liquid,153,21624,46143
val,liquid,153,93077,46145
val,liquid,153,84995,46163
val,liquid,153,34893,46164
val,liquid,153,53625,46165
val,liquid,153,30427,46167
val,liquid,153,58821,46179
val,liquid,153,25725,46187
val,liquid,153,107662,46189
val,liquid,153,69994,46195
val,liquid,153,37742,46198
val,liquid,167,68016,50113
val,liquid,167,16504,50118
val,liquid,167,106760,50145
val,liquid,167,29267,50150
val,liquid,167,69344,50155
val,liquid,167,10768,50160
val,liquid,167,44603,50190
val,liquid,167,597,50198
val,liquid,167,25090,50210
val,liquid,167,14287,50213
val,liquid,167,98103,50224
val,liquid,167,59010,50229
val,liquid,167,85073,50237
val,liquid,167,54222,50246
val,liquid,167,67541,50248
val,liquid,167,31526,50264
val,liquid,167,93863,50270
val,liquid,167,43427,50271
val,liquid,167,103831,50277
val,liquid,167,45396,50286
val,liquid,167,43250,50295
val,liquid,167,21519,50319
val,liquid,167,72975,50328
val,liquid,167,100659,50330
val,liquid,167,23908,50343
val,liquid,167,45175,50346
val,liquid,167,85081,50348
val,liquid,167,56714,50351
val,liquid,167,102895,50353
val,liquid,167,107731,50364
val,liquid,167,68944,50368
val,liquid,167,54612,50378
val,liquid,167,46799,50386
val,liquid,167,16139,50390
val,liquid,167,107292,50399
val,liquid,171,43527,51301
val,liquid,171,4150,51316
val,liquid,171,68290,51330
val,liquid,171,97628,51352
val,liquid,171,106655,51359
val,liquid,171,12455,51362
val,liquid,171,42187,51371
val,liquid,171,77451,51374
val,liquid,171,28881,51376
val,liquid,171,2449,51380
val,liquid,171,16635,51396
val,liquid,171,50119,51397
val,liquid,171,80937,51399
val,liquid,171,22301,51413
val,liquid,171,85387,51418
val,liquid,171,102972,51435
val,liquid,171,17327,51448
val,liquid,171,93787,51450
val,liquid,171,73012,51462
val,liquid,171,39645,51464
val,liquid,171,65633,51470
val,liquid,171,17904,51476
val,liquid,171,63499,51489
val,liquid,171,79986,51490
val,liquid,171,76239,51492
val,liquid,171,22370,51505
val,liquid,171,80993,51507
val,liquid,171,92393,51512
val,liquid,171,46188,51518
val,liquid,171,44527,51532
val,liquid,171,22026,51533
val,liquid,171,77773,51545
val,liquid,171,5394,51551
val,liquid,171,47398,51567
val,liquid,171,79055,51578
val,liquid,171,50278,51583
val,liquid,171,519,51586
val,liquid,171,9008,51593
val,liquid,173,507,51904
val,liquid,173,45242,51906
val,liquid,173,23754,51907
val,liquid,173,90672,51915
val,liquid,173,26801,51926
val,liquid,173,81110,51931
val,liquid,173,51687,51944
val,liquid,173,47441,51947
val,liquid,173,59204,51951
val,liquid,173,41451,51968
val,liquid,173,100691,52006
val,liquid,173,87763,52018
val,liquid,173,52048,52027
val,liquid,173,64529,52038
val,liquid,173,32005,52095
val,liquid,173,23140,52096
val,liquid,173,29450,52102
val,liquid,173,32513,52111
val,liquid,173,60459,52113
val,liquid,173,46769,52119
val,liquid,173,33962,52120
val,liquid,173,34178,52123
val,liquid,173,11750,52129
val,liquid,173,54880,52130
val,liquid,173,76316,52134
val,liquid,173,57093,52140
val,liquid,173,14338,52148
val,liquid,173,69119,52171
val,liquid,173,101622,52176
val,liquid,173,5898,52177
val,liquid,173,91553,52192
val,liquid,173,44337,52199
val,liquid,191,79477,57319
val,liquid,191,100448,57322
val,liquid,191,17304,57330
val,liquid,191,102099,57342
val,liquid,191,51541,57355
val,liquid,191,26626,57358
val,liquid,191,72283,57362
val,liquid,191,1287,57371
val,liquid,191,69289,57372
val,liquid,191,9098,57375
val,liquid,191,56929,57388
val,liquid,191,20657,57391
val,liquid,191,59329,57401
val,liquid,191,4214,57413
val,liquid,191,34341,57423
val,liquid,191,65626,57435
val,liquid,191,85498,57436
val,liquid,191,76231,57438
val,liquid,191,57330,57441
val,liquid,191,29334,57446
val,liquid,191,85484,57449
val,liquid,191,71919,57450
val,liquid,191,65338,57459
val,liquid,191,22969,57465
val,liquid,191,49835,57481
val,liquid,191,3833,57482
val,liquid,191,10981,57493
val,liquid,191,56872,57497
val,liquid,191,62259,57501
val,liquid,191,22312,57502
val,liquid,191,38182,57511
val,liquid,191,54162,57513
val,liquid,191,55217,57527
val,liquid,191,88251,57533
val,liquid,191,44888,57544
val,liquid,191,104132,57555
val,liquid,191,7264,57560
val,liquid,191,100878,57575
val,liquid,194,26062,58218
val,liquid,194,13584,58227
val,liquid,194,97274,58229
val,liquid,194,7311,58255
val,liquid,194,63326,58281
val,liquid,194,15280,58318
val,liquid,194,90528,58327
val,liquid,194,10671,58330
val,liquid,194,71898,58335
val,liquid,194,41539,58352
val,liquid,194,78794,58355
val,liquid,194,69925,58377
val,liquid,194,81677,58378
val,liquid,194,37788,58381
val,liquid,194,94399,58396
val,liquid,194,64985,58402
val,liquid,194,42269,58405
val,liquid,194,95272,58417
val,liquid,194,47881,58422
val,liquid,194,94195,58423
val,liquid,194,43541,58431
val,liquid,194,58341,58444
val,liquid,194,38326,58465
val,liquid,194,84917,58496
val,liquid,198,67860,59418
val,liquid,198,31877,59436
val,liquid,198,42229,59443
val,liquid,198,6026,59455
val,liquid,198,40208,59483
val,liquid,198,100199,59491
val,liquid,198,76807,59504
val,liquid,198,76376,59526
val,liquid,198,43402,59536
val,liquid,198,95751,59543
val,liquid,198,65907,59545
val,liquid,198,53527,59575
val,liquid,198,98700,59584
val,liquid,198,39103,59593
val,liquid,198,17142,59603
val,liquid,198,66579,59608
val,liquid,198,54700,59616
val,liquid,198,69114,59624
val,liquid,198,49019,59631
val,liquid,198,5355,59633
val,liquid,198,64354,59640
val,liquid,198,94058,59644
val,liquid,198,65530,59647
val,liquid,198,63621,59661
val,liquid,198,32977,59667
val,liquid,198,80158,59689
val,liquid,198,75783,59693
val,liquid,198,16350,59696
val,liquid,200,107109,60003
val,liquid,200,98792,60021
val,liquid,200,102239,60022
val,liquid,200,76681,60024
val,liquid,200,29467,60025
val,liquid,200,28958,60043
val,liquid,200,46569,60062
val,liquid,200,90199,60080
val,liquid,200,11160,60084
val,liquid,200,9225,60085
val,liquid,200,44075,60086
val,liquid,200,20726,60088
val,liquid,200,45030,60113
val,liquid,200,76191,60125
val,liquid,200,76584,60138
val,liquid,200,189,60141
val,liquid,200,84263,60142
val,liquid,200,2292,60145
val,liquid,200,9931,60146
val,liquid,200,47891,60162
val,liquid,200,88894,60195
val,liquid,200,59314,60201
val,liquid,200,65349,60206
val,liquid,200,18510,60207
val,liquid,200,77262,60217
val,liquid,200,15234,60231
val,liquid,200,33659,60235
val,liquid,200,33062,60254
val,liquid,200,95724,60256
val,liquid,200,83359,60265
val,liquid,200,8483,60284
val,liquid,200,30341,60286
val,liquid,209,63492,62710
val,liquid,209,5679,62745
val,liquid,209,18439,62762
val,liquid,209,4936,62766
val,liquid,209,12575,62769
val,liquid,209,49331,62783
val,liquid,209,60256,62801
val,liquid,209,1285,62811
val,liquid,209,83976,62819
val,liquid,209,97116,62833
val,liquid,209,79278,62840
val,liquid,209,29415,62846
val,liquid,209,20959,62851
val,liquid,209,42589,62863
val,liquid,209,47242,62876
val,liquid,209,55070,62881
val,liquid,209,54348,62907
val,liquid,209,12130,62917
val,liquid,209,56005,62926
val,liquid,209,47449,62932
val,liquid,209,83577,62934
val,liquid,209,85654,62936
val,liquid,209,64942,62954
val,liquid,209,46415,62956
val,liquid,209,87677,62964
val,liquid,209,1574,62966
val,liquid,209,12528,62975
val,liquid,209,56375,62976
val,liquid,209,29099,62984
val,liquid,209,59062,62990
val,liquid,210,5420,63022
val,liquid,210,97536,63027
val,liquid,210,37925,63028
val,liquid,210,40893,63032
val,liquid,210,88528,63035
val,liquid,210,9215,63042
val,liquid,210,20187,63049
val,liquid,210,33184,63064
val,liquid,210,62194,63071
val,liquid,210,25651,63078
val,liquid,210,85966,63085
val,liquid,210,23015,63086
val,liquid,210,46754,63096
val,liquid,210,44590,63113
val,liquid,210,15317,63121
val,liquid,210,19337,63127
val,liquid,210,2097,63132
val,liquid,210,15572,63133
val,liquid,210,309,63144
val,liquid,210,60713,63146
val,liquid,210,70143,63155
val,liquid,210,45677,63168
val,liquid,210,101415,63170
val,liquid,210,96370,63177
val,liquid,210,39995,63191
val,liquid,210,97998,63193
val,liquid,210,54136,63204
val,liquid,210,85819,63225
val,liquid,210,14565,63278
val,liquid,210,29296,63285
val,liquid,212,24662,63600
val,liquid,212,39316,63602
val,liquid,212,88083,63604
val,liquid,212,100187,63606
val,liquid,212,73376,63609
val,liquid,212,65851,63612
val,liquid,212,48988,63620
val,liquid,212,79921,63623
val,liquid,212,75516,63624
val,liquid,212,104111,63630
val,liquid,212,47430,63637
val,liquid,212,13892,63641
val,liquid,212,65188,63656
val,liquid,212,67070,63660
val,liquid,212,65840,63666
val,liquid,212,82425,63670
val,liquid,212,74247,63682
val,liquid,212,30223,63685
val,liquid,212,42239,63708
val,liquid,212,35760,63713
val,liquid,212,103369,63724
val,liquid,212,102288,63725
val,liquid,212,43843,63733
val,liquid,212,97465,63735
val,liquid,212,34790,63749
val,liquid,212,102341,63772
val,liquid,212,98647,63778
val,liquid,212,51599,63783
val,liquid,212,73626,63788
val,liquid,212,13252,63795
val,liquid,212,102753,63796
val,liquid,212,103081,63802
val,liquid,212,66128,63810
val,liquid,212,72681,63845
val,liquid,212,50840,63849
val,liquid,212,90774,63853
val,liquid,212,101764,63856
val,liquid,212,52482,63864
val,liquid,212,15549,63867
val,liquid,212,6813,63871
val,liquid,212,86348,63875
val,liquid,212,82569,63892
val,liquid,212,52893,63895
val,liquid,215,83217,64503
val,liquid,215,34238,64517
val,liquid,215,2400,64538
val,liquid,215,21633,64567
val,liquid,215,6341,64590
val,liquid,215,33881,64608
val,liquid,215,49581,64609
val,liquid,215,15009,64621
val,liquid,215,24939,64638
val,liquid,215,107669,64666
val,liquid,215,3819,64675
val,liquid,215,15329,64719
val,liquid,215,39338,64721
val,liquid,215,75307,64723
val,liquid,215,50008,64724
val,liquid,215,46900,64738
val,liquid,215,87991,64751
val,liquid,215,60913,64771
val,liquid,215,43323,64782
val,liquid,215,78097,64798
val,liquid,219,15302,65706
val,liquid,219,79941,65711
val,liquid,219,94075,65715
val,liquid,219,12833,65721
val,liquid,219,14627,65729
val,liquid,219,80143,65731
val,liquid,219,80565,65758
val,liquid,219,3949,65763
val,liquid,219,98787,65768
val,liquid,219,20960,65773
val,liquid,219,51755,65777
val,liquid,219,26427,65780
val,liquid,219,53291,65783
val,liquid,219,105670,65808
val,liquid,219,74117,65829
val,liquid,219,48539,65837
val,liquid,219,65632,65839
val,liquid,219,48933,65846
val,liquid,219,71407,65847
val,liquid,219,88902,65858
val,liquid,219,58681,65861
val,liquid,219,23238,65867
val,liquid,219,57280,65874
val,liquid,219,1407,65879
val,liquid,219,14056,65884
val,liquid,219,54921,65887
val,liquid,219,2222,65889
val,liquid,219,62712,65900
val,liquid,219,48187,65912
val,liquid,219,43763,65925
val,liquid,219,71367,65928
val,liquid,219,85583,65930
val,liquid,219,54762,65933
val,liquid,219,56023,65939
val,liquid,219,98671,65945
val,liquid,219,106046,65950
val,liquid,219,75861,65954
val,liquid,219,90891,65995
val,liquid,219,20780,65998
val,liquid,238,68012,71404
val,liquid,238,98480,71411
val,liquid,238,74239,71419
val,liquid,238,41309,71431
val,liquid,238,13632,71439
val,liquid,238,77171,71441
val,liquid,238,62693,71448
val,liquid,238,74888,71466
val,liquid,238,27201,71475
val,liquid,238,62092,71485
val,liquid,238,43655,71489
val,liquid,238,79230,71491
val,liquid,238,55974,71507
val,liquid,238,12767,71516
val,liquid,238,54156,71525
val,liquid,238,6914,71531
val,liquid,238,81989,71536
val,liquid,238,26084,71537
val,liquid,238,11961,71546
val,liquid,238,64179,71548
val,liquid,238,3072,71554
val,liquid,238,26902,71567
val,liquid,238,8962,71568
val,liquid,238,89897,71575
val,liquid,238,94233,71582
val,liquid,238,66967,71600
val,liquid,238,58155,71603
val,liquid,238,983,71615
val,liquid,238,18545,71617
val,liquid,238,6564,71629
val,liquid,238,39596,71645
val,liquid,238,56938,71672
val,liquid,238,48265,71676
val,liquid,238,69470,71678
val,liquid,238,12616,71683
val,liquid,238,10952,71684
val,liquid,239,44923,71721
val,liquid,239,14970,71726
val,liquid,239,3529,71734
val,liquid,239,69419,71737
val,liquid,239,103520,71741
val,liquid,239,37352,71750
val,liquid,239,51516,71770
val,liquid,239,70453,71772
val,liquid,239,20058,71776
val,liquid,239,13932,71779
val,liquid,239,49172,71794
val,liquid,239,41702,71797
val,liquid,239,37128,71800
val,liquid,239,107153,71801
val,liquid,239,104010,71810
val,liquid,239,43362,71813
val,liquid,239,19359,71814
val,liquid,239,98049,71833
val,liquid,239,93226,71847
val,liquid,239,18090,71855
val,liquid,239,33410,71867
val,liquid,239,19539,71875
val,liquid,239,79432,71908
val,liquid,239,47263,71929
val,liquid,239,92096,71931
val,liquid,239,40336,71939
val,liquid,239,71136,71941
val,liquid,239,61180,71950
val,liquid,239,12675,71956
val,liquid,239,61149,71959
val,liquid,239,33194,71968
val,liquid,239,62212,71986
val,liquid,239,28825,71996
val,liquid,240,29575,72009
val,liquid,240,33887,72010
val,liquid,240,65177,72012
val,liquid,240,77224,72013
val,liquid,240,59644,72015
val,liquid,240,92654,72024
val,liquid,240,89816,72035
val,liquid,240,41470,72047
val,liquid,240,54133,72062
val,liquid,240,55847,72069
val,liquid,240,36423,72081
val,liquid,240,41056,72089
val,liquid,240,48450,72105
val,liquid,240,38663,72106
val,liquid,240,57145,72126
val,liquid,240,3788,72142
val,liquid,240,85678,72148
val,liquid,240,16700,72161
val,liquid,240,69600,72162
val,liquid,240,104422,72184
val,liquid,240,86029,72189
val,liquid,240,16219,72192
val,liquid,240,66692,72205
val,liquid,240,74123,72211
val,liquid,240,4104,72215
val,liquid,240,69169,72216
val,liquid,240,40124,72241
val,liquid,240,101326,72249
val,liquid,240,12951,72261
val,liquid,240,50363,72271
val,liquid,240,11317,72297
val,liquid,248,9207,74403
val,liquid,248,21290,74436
val,liquid,248,98233,74442
val,liquid,248,42798,74448
val,liquid,248,62798,74455
val,liquid,248,15839,74469
val,liquid,248,40482,74471
val,liquid,248,43361,74475
val,liquid,248,15450,74482
val,liquid,248,71214,74491
val,liquid,248,10407,74493
val,liquid,248,105032,74494
val,liquid,248,105634,74495
val,liquid,248,67778,74516
val,liquid,248,14129,74530
val,liquid,248,55647,74536
val,liquid,248,37131,74545
val,liquid,248,99038,74577
val,liquid,248,88119,74592
val,liquid,248,41137,74608
val,liquid,248,36953,74610
val,liquid,248,82600,74611
val,liquid,248,55343,74618
val,liquid,248,85589,74619
val,liquid,248,17318,74636
val,liquid,248,39064,74641
val,liquid,248,18927,74694
val,liquid,248,101988,74699
val,liquid,257,55958,77101
val,liquid,257,6433,77103
val,liquid,257,74228,77106
val,liquid,257,17620,77135
val,liquid,257,105415,77147
val,liquid,257,84727,77148
val,liquid,257,67849,77161
val,liquid,257,41448,77172
val,liquid,257,32965,77201
val,liquid,257,57845,77217
val,liquid,257,42702,77228
val,liquid,257,8475,77238
val,liquid,257,77716,77239
val,liquid,257,9743,77260
val,liquid,257,34980,77270
val,liquid,257,2367,77271
val,liquid,257,69816,77272
val,liquid,257,15402,77289
val,liquid,257,56526,77301
val,liquid,257,47037,77311
val,liquid,257,23186,77313
val,liquid,257,81985,77329
val,liquid,257,95076,77335
val,liquid,257,100526,77343
val,liquid,257,14326,77344
val,liquid,257,8047,77346
val,liquid,257,57408,77351
val,liquid,257,101481,77355
val,liquid,257,101189,77356
val,liquid,257,91372,77360
val,liquid,257,96665,77370
val,liquid,257,87561,77373
val,liquid,257,57353,77383
val,liquid,260,60436,78012
val,liquid,260,12909,78015
val,liquid,260,53273,78019
val,liquid,260,51297,78029
val,liquid,260,9662,78041
val,liquid,260,104136,78047
val,liquid,260,63772,78048
val,liquid,260,40067,78051
val,liquid,260,36070,78058
val,liquid,260,10518,78070
val,liquid,260,39091,78074
val,liquid,260,34312,78089
val,liquid,260,39652,78097
val,liquid,260,69530,78104
val,liquid,260,94336,78137
val,liquid,260,98335,78141
val,liquid,260,20760,78143
val,liquid,260,39334,78148
val,liquid,260,67043,78158
val,liquid,260,35486,78160
val,liquid,260,57653,78169
val,liquid,260,15899,78170
val,liquid,260,48380,78176
val,liquid,260,5167,78200
val,liquid,260,32995,78214
val,liquid,260,90281,78221
val,liquid,260,31132,78234
val,liquid,260,51181,78235
val,liquid,260,45008,78244
val,liquid,260,13693,78246
val,liquid,260,20073,78249
val,liquid,260,78561,78281
val,liquid,260,860,78297
val,liquid,267,61594,80103
val,liquid,267,61831,80107
val,liquid,267,106639,80132
val,liquid,267,102487,80137
val,liquid,267,59102,80138
val,liquid,267,100022,80155
val,liquid,267,69117,80171
val,liquid,267,1469,80175
val,liquid,267,36841,80180
val,liquid,267,32895,80185
val,liquid,267,83656,80195
val,liquid,267,36228,80196
val,liquid,267,82609,80205
val,liquid,267,107793,80207
val,liquid,267,80150,80214
val,liquid,267,101733,80217
val,liquid,267,72488,80219
val,liquid,267,101877,80227
val,liquid,267,49882,80250
val,liquid,267,10830,80279
val,liquid,267,17380,80284
val,liquid,267,85283,80291
val,liquid,267,29133,80297
val,liquid,267,81028,80299
val,liquid,267,29032,80311
val,liquid,267,87598,80315
val,liquid,267,92897,80323
val,liquid,267,98325,80349
val,liquid,267,49896,80357
val,liquid,267,79201,80366
val,liquid,267,50468,80368
val,liquid,267,19969,80370
val,liquid,267,101445,80382
val,liquid,267,81686,80392
val,liquid,267,33912,80397
val,liquid,267,65532,80399
val,liquid,274,56740,82206
val,liquid,274,80379,82207
val,liquid,274,8737,82208
val,liquid,274,84715,82226
val,liquid,274,30730,82237
val,liquid,274,35518,82238
val,liquid,274,62210,82244
val,liquid,274,107672,82252
val,liquid,274,49662,82263
val,liquid,274,45204,82266
val,liquid,274,62720,82290
val,liquid,274,32114,82299
val,liquid,274,7767,82302
val,liquid,274,38352,82314
val,liquid,274,85163,82324
val,liquid,274,49076,82340
val,liquid,274,52117,82344
val,liquid,274,92240,82349
val,liquid,274,24721,82352
val,liquid,274,94794,82363
val,liquid,274,88589,82370
val,liquid,274,103321,82371
val,liquid,274,63334,82374
val,liquid,274,72553,82395
val,liquid,274,7101,82416
val,liquid,274,90727,82430
val,liquid,274,68145,82441
val,liquid,274,65895,82446
val,liquid,274,1920,82451
val,liquid,274,107633,82456
val,liquid,274,38142,82460
val,liquid,274,41300,82469
val,liquid,274,41009,82480
val,liquid,274,2377,82499
val,liquid,284,24177,85211
val,liquid,284,91681,85216
val,liquid,284,72375,85221
val,liquid,284,36350,85248
val,liquid,284,44590,85251
val,liquid,284,47590,85272
val,liquid,284,44726,85281
val,liquid,284,75071,85293
val,liquid,284,41977,85303
val,liquid,284,1449,85307
val,liquid,284,105542,85330
val,liquid,284,60891,85338
val,liquid,284,99880,85342
val,liquid,284,60505,85346
val,liquid,284,8295,85359
val,liquid,284,39981,85380
val,liquid,284,82006,85382
val,liquid,284,69601,85396
val,liquid,284,82053,85404
val,liquid,284,45347,85420
val,liquid,284,82674,85423
val,liquid,284,73932,85425
val,liquid,284,75790,85440
val,liquid,284,48231,85442
val,liquid,284,71559,85449
val,liquid,284,84355,85476
val,liquid,284,40458,85493
val,liquid,286,69569,85802
val,liquid,286,13444,85804
val,liquid,286,1039,85806
val,liquid,286,29886,85810
val,liquid,286,515,85815
val,liquid,286,3657,85818
val,liquid,286,12863,85826
val,liquid,286,27818,85831
val,liquid,286,31495,85839
val,liquid,286,64809,85843
val,liquid,286,50005,85852
val,liquid,286,15299,85854
val,liquid,286,104323,85875
val,liquid,286,82288,85887
val,liquid,286,71020,85899
val,liquid,286,60238,85911
val,liquid,286,94667,85918
val,liquid,286,5305,85920
val,liquid,286,81354,85978
val,liquid,286,53993,86014
val,liquid,286,102792,86017
val,liquid,286,44763,86020
val,liquid,286,36527,86045
val,liquid,286,44891,86046
val,liquid,286,15898,86049
val,liquid,286,23012,86059
val,liquid,286,90593,86077
val,liquid,286,56839,86079
val,liquid,286,60628,86096
val,liquid,286,73293,86099
val,liquid,288,45417,86403
val,liquid,288,92392,86417
val,liquid,288,17768,86426
val,liquid,288,59988,86440
val,liquid,288,58207,86442
val,liquid,288,106056,86443
val,liquid,288,91420,86455
val,liquid,288,72381,86466
val,liquid,288,85793,86472
val,liquid,288,71791,86475
val,liquid,288,83713,86488
val,liquid,288,93225,86525
val,liquid,288,19456,86534
val,liquid,288,89800,86568
val,liquid,288,102548,86578
val,liquid,288,44962,86583
val,liquid,288,35106,86584
val,liquid,288,48495,86605
val,liquid,288,40830,86624
val,liquid,288,73440,86627
val,liquid,288,39401,86632
val,liquid,288,81552,86633
val,liquid,288,73244,86634
val,liquid,288,62198,86636
val,liquid,288,96558,86648
val,liquid,288,47003,86661
val,liquid,288,102741,86663
val,liquid,288,101704,86664
val,liquid,288,35361,86666
val,liquid,288,61641,86670
val,liquid,288,98755,86673
val,liquid,288,70272,86674
val,liquid,288,71824,86683
val,liquid,292,70541,87601
val,liquid,292,98,87604
val,liquid,292,57819,87619
val,liquid,292,54205,87642
val,liquid,292,77975,87651
val,liquid,292,65318,87665
val,liquid,292,4974,87671
val,liquid,292,42281,87673
val,liquid,292,66326,87674
val,liquid,292,56812,87681
val,liquid,292,56639,87686
val,liquid,292,105349,87690
val,liquid,292,23273,87699
val,liquid,292,37628,87701
val,liquid,292,100244,87712
val,liquid,292,43370,87716
val,liquid,292,27199,87737
val,liquid,292,25300,87740
val,liquid,292,41095,87746
val,liquid,292,64785,87748
val,liquid,292,95720,87769
val,liquid,292,21492,87773
val,liquid,292,90410,87774
val,liquid,292,99812,87778
val,liquid,292,55763,87785
val,liquid,292,58270,87787
val,liquid,292,73932,87799
val,liquid,292,42645,87803
val,liquid,292,7009,87806
val,liquid,292,14455,87859
val,liquid,292,14048,87862
val,liquid,292,94858,87869
val,liquid,292,52194,87876
val,liquid,292,826,87886
val,liquid,292,105691,87888
val,liquid,297,25406,89105
val,liquid,297,100880,89117
val,liquid,297,72642,89122
val,liquid,297,74111,89136
val,liquid,297,39387,89139
val,liquid,297,21946,89140
val,liquid,297,794,89154
val,liquid,297,13703,89155
val,liquid,297,101249,89163
val,liquid,297,94481,89164
val,liquid,297,71989,89167
val,liquid,297,56316,89172
val,liquid,297,101284,89178
val,liquid,297,104323,89191
val,liquid,297,98969,89193
val,liquid,297,28447,89200
val,liquid,297,103295,89209
val,liquid,297,97181,89210
val,liquid,297,77794,89216
val,liquid,297,19707,89217
val,liquid,297,102145,89219
val,liquid,297,99935,89221
val,liquid,297,75946,89222
val,liquid,297,17622,89223
val,liquid,297,6243,89224
val,liquid,297,24832,89237
val,liquid,297,9828,89239
val,liquid,297,6542,89249
val,liquid,297,51539,89251
val,liquid,297,35200,89255
val,liquid,297,33931,89258
val,liquid,297,60172,89260
val,liquid,297,40158,89269
val,liquid,297,75168,89273
val,liquid,297,65129,89282
val,liquid,297,31641,89288
val,liquid,297,23951,89293
val,liquid,297,37588,89300
val,liquid,297,56257,89307
val,liquid,297,29909,89313
val,liquid,297,93268,89317
val,liquid,297,12512,89351
val,liquid,297,52482,89352
val,liquid,297,27545,89367
val,liquid,297,65438,89386
val,liquid,297,16022,89388
val,liquid,297,95065,89390
val,liquid,298,80768,89407
val,liquid,298,26048,89418
val,liquid,298,44433,89422
val,liquid,298,34256,89432
val,liquid,298,89555,89438
val,liquid,298,44135,89440
val,liquid,298,39932,89447
val,liquid,298,78362,89464
val,liquid,298,44396,89468
val,liquid,298,77713,89470
val,liquid,298,57918,89471
val,liquid,298,55452,89489
val,liquid,298,21288,89490
val,liquid,298,88007,89496
val,liquid,298,69266,89518
val,liquid,298,106250,89537
val,liquid,298,17432,89547
val,liquid,298,89534,89550
val,liquid,298,47200,89551
val,liquid,298,78707,89556
val,liquid,298,34516,89560
val,liquid,298,39016,89564
val,liquid,298,105330,89572
val,liquid,298,76767,89578
val,liquid,298,17694,89592
val,liquid,298,14684,89601
val,liquid,298,28978,89627
val,liquid,298,68997,89636
val,liquid,298,43394,89640
val,liquid,298,42623,89643
val,liquid,298,9129,89647
val,liquid,298,5327,89648
val,liquid,298,57631,89650
val,liquid,298,98529,89655
val,liquid,298,62820,89661
val,liquid,298,28287,89682
val,liquid,298,35450,89690
test,fcc,5,44477,1548
test,fcc,5,69143,1572
test,fcc,5,29240,1612
test,fcc,5,42325,1642
test,fcc,5,94801,1643
test,fcc,5,68688,1667
test,fcc,5,77213,1668
test,fcc,5,2971,1673
test,fcc,5,38151,1710
test,fcc,5,12536,1736
test,fcc,5,36993,1762
test,fcc,5,44372,1767
test,fcc,12,7555,3649
test,fcc,12,70376,3692
test,fcc,12,49529,3697
test,fcc,12,94266,3718
test,fcc,12,31701,3740
test,fcc,12,17518,3792
test,fcc,12,96605,3800
test,fcc,12,11791,3812
test,fcc,12,41632,3823
test,fcc,12,43509,3825
test,fcc,12,59480,3840
test,fcc,12,85305,3850
test,fcc,12,2802,3862
test,fcc,12,103899,3887
test,fcc,20,89809,6007
test,fcc,20,36705,6018
test,fcc,20,23339,6038
test,fcc,20,21198,6052
test,fcc,20,26133,6058
test,fcc,20,102626,6070
test,fcc,20,12505,6108
test,fcc,20,45393,6112
test,fcc,20,86841,6136
test,fcc,20,68342,6156
test,fcc,20,64356,6161
test,fcc,20,97064,6190
test,fcc,20,29317,6192
test,fcc,20,70012,6203
test,fcc,20,71587,6219
test,fcc,20,5900,6280
test,fcc,20,78138,6282
test,fcc,26,101218,7818
test,fcc,26,98323,7833
test,fcc,26,74972,7836
test,fcc,26,58742,7888
test,fcc,26,46217,7895
test,fcc,26,98626,7901
test,fcc,26,65407,7935
test,fcc,26,81357,7982
test,fcc,26,72187,8014
test,fcc,26,91373,8016
test,fcc,26,7574,8019
test,fcc,26,78904,8031
test,fcc,26,24830,8087
test,fcc,26,48155,8095
test,fcc,42,8950,12643
test,fcc,42,83177,12668
test,fcc,42,37188,12690
test,fcc,42,27687,12707
test,fcc,42,34767,12812
test,fcc,42,60121,12841
test,fcc,42,42349,12856
test,fcc,42,46736,12864
test,fcc,42,23462,12874
test,fcc,42,48705,12889
test,fcc,44,83358,13259
test,fcc,44,100507,13261
test,fcc,44,106825,13270
test,fcc,44,104870,13281
test,fcc,44,50317,13297
test,fcc,44,106232,13312
test,fcc,44,24831,13337
test,fcc,44,10365,13345
test,fcc,44,8840,13357
test,fcc,44,60945,13392
test,fcc,44,82808,13397
test,fcc,44,81186,13418
test,fcc,44,29377,13430
test,fcc,44,87747,13435
test,fcc,44,34788,13444
test,fcc,44,9943,13457
test,fcc,44,61824,13466
test,fcc,44,87365,13480
test,fcc,44,60203,13484
test,fcc,44,45994,13499
test,fcc,48,31109,14414
test,fcc,48,97051,14424
test,fcc,48,89435,14455
test,fcc,48,1161,14470
test,fcc,48,23412,14483
test,fcc,48,10458,14519
test,fcc,48,97306,14520
test,fcc,48,11796,14524
test,fcc,48,65925,14575
test,fcc,48,61970,14604
test,fcc,48,99143,14619
test,fcc,48,56577,14625
test,fcc,48,58676,14657
test,fcc,48,47715,14662
test,fcc,48,35991,14671
test,fcc,48,104542,14684
test,fcc,71,3928,21301
test,fcc,71,89144,21313
test,fcc,71,26488,21345
test,fcc,71,62708,21354
test,fcc,71,5988,21409
test,fcc,71,77717,21437
test,fcc,71,10949,21448
test,fcc,71,98617,21470
test,fcc,71,80102,21484
test,fcc,71,93749,21490
test,fcc,71,92508,21522
test,fcc,71,62421,21528
test,fcc,71,56205,21532
test,fcc,71,102672,21533
test,fcc,71,48689,21560
test,fcc,71,61256,21563
test,fcc,71,92530,21584
test,fcc,86,74267,25814
test,fcc,86,44889,25824
test,fcc,86,67433,25825
test,fcc,86,97457,25856
test,fcc,86,3842,25860
test,fcc,86,52235,25885
test,fcc,86,16794,25909
test,fcc,86,90656,25940
test,fcc,86,80963,25977
test,fcc,86,38115,25979
test,fcc,86,95967,25981
test,fcc,86,19787,25982
test,fcc,86,101875,26028
test,fcc,86,8812,26030
test,fcc,86,54654,26037
test,fcc,90,101876,27022
test,fcc,90,88099,27036
test,fcc,90,7344,27037
test,fcc,90,9881,27080
test,fcc,90,44511,27120
test,fcc,90,55873,27130
test,fcc,90,54161,27142
test,fcc,90,81441,27149
test,fcc,90,67350,27152
test,fcc,90,15828,27160
test,fcc,90,40535,27177
test,fcc,90,99577,27189
test,fcc,90,63847,27195
test,fcc,90,105199,27214
test,fcc,90,33673,27215
test,fcc,90,6851,27221
test,fcc,90,74800,27226
test,fcc,90,38460,27265
test,fcc,90,77784,27268
test,fcc,90,97442,27290
test,fcc,90,53379,27293
test,fcc,95,59928,28619
test,fcc,95,6486,28655
test,fcc,95,92009,28663
test,fcc,95,87359,28666
test,fcc,95,4907,28671
test,fcc,95,41532,28724
test,fcc,95,36795,28739
test,fcc,95,42412,28757
test,fcc,95,77957,28799
test,fcc,100,63421,30015
test,fcc,100,84447,30040
test,fcc,100,29685,30059
test,fcc,100,20039,30077
test,fcc,100,34133,30106
test,fcc,100,18654,30128
test,fcc,100,82890,30141
test,fcc,100,73909,30155
test,fcc,100,27856,30167
test,fcc,100,64671,30169
test,fcc,100,43709,30194
test,fcc,100,92363,30274
test,fcc,100,1721,30294
test,fcc,106,102240,31809
test,fcc,106,101232,31863
test,fcc,106,4445,31889
test,fcc,106,10024,31892
test,fcc,106,71726,31909
test,fcc,106,7365,31922
test,fcc,106,12677,31933
test,fcc,106,85272,31944
test,fcc,106,88895,31988
test,fcc,106,82633,31994
test,fcc,106,63027,32003
test,fcc,106,81815,32015
test,fcc,106,26789,32074
test,fcc,106,29986,32084
test,fcc,106,24612,32090
test,fcc,106,46428,32093
test,fcc,109,37291,32703
test,fcc,109,85957,32717
test,fcc,109,4384,32731
test,fcc,109,27200,32736
test,fcc,109,21566,32745
test,fcc,109,37845,32753
test,fcc,109,96321,32788
test,fcc,109,37202,32822
test,fcc,109,61366,32833
test,fcc,109,85426,32856
test,fcc,109,43364,32869
test,fcc,109,36540,32873
test,fcc,109,33299,32889
test,fcc,109,107264,32892
test,fcc,109,81146,32912
test,fcc,109,17189,32971
test,fcc,109,93007,32999
test,fcc,114,98803,34215
test,fcc,114,10653,34272
test,fcc,114,25331,34280
test,fcc,114,3140,34299
test,fcc,114,61977,34302
test,fcc,114,55201,34322
test,fcc,114,68965,34328
test,fcc,114,53640,34346
test,fcc,114,77200,34349
test,fcc,114,48077,34413
test,fcc,114,1509,34433
test,fcc,114,40697,34438
test,fcc,114,105109,34446
test,fcc,114,65153,34462
test,fcc,114,27162,34497
test,fcc,116,65862,34805
test,fcc,116,67105,34811
test,fcc,116,5369,34815
test,fcc,116,33678,34826
test,fcc,116,69906,34856
test,fcc,116,99423,34857
test,fcc,116,106339,34939
test,fcc,116,98203,34958
test,fcc,116,71283,34975
test,fcc,116,94400,35029
test,fcc,116,60650,35032
test,fcc,116,32991,35045
test,fcc,116,18537,35047
test,fcc,116,55184,35057
test,fcc,116,27689,35070
test,fcc,116,97395,35080
test,fcc,116,18955,35083
test,fcc,116,93454,35093
test,fcc,116,79277,35095
test,fcc,116,79761,35099
test,fcc,124,63895,37203
test,fcc,124,61872,37235
test,fcc,124,37988,37241
test,fcc,124,14993,37291
test,fcc,124,26157,37294
test,fcc,124,5797,37304
test,fcc,124,84023,37318
test,fcc,124,25505,37322
test,fcc,124,60614,37375
test,fcc,124,10724,37384
test,fcc,124,21563,37401
test,fcc,124,57679,37405
test,fcc,124,5412,37420
test,fcc,125,60489,37581
test,fcc,125,23621,37588
test,fcc,125,37740,37665
test,fcc,125,48036,37684
test,fcc,125,97318,37690
test,fcc,125,36632,37706
test,fcc,125,31694,37709
test,fcc,125,96375,37713
test,fcc,125,9496,37763
test,fcc,125,103627,37777
test,fcc,125,27226,37797
test,fcc,128,38025,38403
test,fcc,128,20612,38431
test,fcc,128,21230,38456
test,fcc,128,16327,38470
test,fcc,128,25335,38512
test,fcc,128,21378,38532
test,fcc,128,91671,38542
test,fcc,128,22311,38552
test,fcc,128,38788,38572
test,fcc,128,15616,38584
test,fcc,128,25180,38589
test,fcc,128,46451,38612
test,fcc,128,8921,38622
test,fcc,128,101198,38655
test,fcc,128,77790,38699
test,fcc,134,70022,40232
test,fcc,134,78304,40272
test,fcc,134,96953,40279
test,fcc,134,105591,40286
test,fcc,134,31583,40293
test,fcc,134,65249,40329
test,fcc,134,68867,40337
test,fcc,134,101471,40363
test,fcc,134,71116,40383
test,fcc,134,9150,40420
test,fcc,134,56760,40424
test,fcc,134,88396,40441
test,fcc,134,9469,40456
test,fcc,134,75837,40463
test,fcc,134,76007,40496
test,fcc,136,30957,40815
test,fcc,136,49007,40855
test,fcc,136,83894,40871
test,fcc,136,53848,40913
test,fcc,136,81845,40923
test,fcc,136,76641,40930
test,fcc,136,7154,40940
test,fcc,136,90168,40965
test,fcc,136,77366,40990
test,fcc,136,93172,41018
test,fcc,136,68950,41020
test,fcc,136,1172,41028
test,fcc,136,43482,41034
test,fcc,136,37072,41048
test,fcc,136,61841,41062
test,fcc,136,60522,41068
test,fcc,136,95495,41089
test,fcc,138,362,41402
test,fcc,138,51204,41416
test,fcc,138,18398,41455
test,fcc,138,61685,41479
test,fcc,138,75330,41498
test,fcc,138,31906,41536
test,fcc,138,80964,41556
test,fcc,138,34530,41595
test,fcc,138,23867,41597
test,fcc,138,97872,41602
test,fcc,138,63785,41611
test,fcc,138,8836,41643
test,fcc,138,103147,41667
test,fcc,138,84550,41672
test,fcc,138,49593,41680
test,fcc,138,80124,41685
test,fcc,154,26594,46207
test,fcc,154,16920,46256
test,fcc,154,90617,46273
test,fcc,154,86972,46281
test,fcc,154,81034,46334
test,fcc,154,75765,46339
test,fcc,154,22816,46340
test,fcc,154,72576,46354
test,fcc,154,9119,46387
test,fcc,154,79986,46411
test,fcc,154,84781,46447
test,fcc,154,81436,46466
test,fcc,154,95673,46477
test,fcc,154,40787,46481
test,fcc,154,76490,46485
test,fcc,154,71154,46490
test,fcc,155,36807,46567
test,fcc,155,37309,46594
test,fcc,155,6244,46609
test,fcc,155,32083,46640
test,fcc,155,87895,46647
test,fcc,155,81919,46656
test,fcc,155,53421,46665
test,fcc,155,80020,46676
test,fcc,155,60158,46682
test,fcc,155,52756,46690
test,fcc,155,27144,46721
test,fcc,155,2893,46724
test,fcc,155,62100,46740
test,fcc,155,29153,46742
test,fcc,155,65245,46766
test,fcc,155,40767,46780
test,fcc,160,43102,48007
test,fcc,160,86071,48045
test,fcc,160,60031,48046
test,fcc,160,89692,48077
test,fcc,160,9140,48091
test,fcc,160,39285,48094
test,fcc,160,14039,48097
test,fcc,160,12425,48115
test,fcc,160,88837,48117
test,fcc,160,46356,48128
test,fcc,160,49063,48131
test,fcc,160,102387,48197
test,fcc,160,44308,48216
test,fcc,160,104109,48253
test,fcc,160,6134,48254
test,fcc,160,62580,48277
test,fcc,160,63787,48286
test,fcc,162,2632,48604
test,fcc,162,54583,48607
test,fcc,162,94329,48611
test,fcc,162,15207,48623
test,fcc,162,48072,48639
test,fcc,162,105683,48641
test,fcc,162,23939,48665
test,fcc,162,70006,48670
test,fcc,162,47742,48702
test,fcc,162,39491,48770
test,fcc,162,18580,48830
test,fcc,162,44716,48832
test,fcc,162,103754,48857
test,fcc,162,42648,48883
test,fcc,162,98255,48893
test,fcc,165,81506,49506
test,fcc,165,58295,49535
test,fcc,165,34936,49540
test,fcc,165,46722,49557
test,fcc,165,85499,49568
test,fcc,165,4147,49583
test,fcc,165,45068,49584
test,fcc,165,83155,49595
test,fcc,165,7522,49597
test,fcc,165,66570,49602
test,fcc,165,34915,49612
test,fcc,165,77963,49617
test,fcc,165,12704,49632
test,fcc,165,62908,49638
test,fcc,165,1485,49647
test,fcc,165,16992,49692
test,fcc,165,56980,49731
test,fcc,165,23759,49732
test,fcc,165,86881,49736
test,fcc,165,8933,49741
test,fcc,165,77022,49746
test,fcc,165,105672,49748
test,fcc,165,93194,49770
test,fcc,165,38894,49774
test,fcc,165,52716,49781
test,fcc,172,4283,51607
test,fcc,172,10939,51618
test,fcc,172,87370,51619
test,fcc,172,55882,51627
test,fcc,172,49079,51641
test,fcc,172,91860,51655
test,fcc,172,77523,51659
test,fcc,172,27875,51716
test,fcc,172,68493,51724
test,fcc,172,35694,51752
test,fcc,172,30104,51756
test,fcc,172,49041,51757
test,fcc,172,65940,51784
test,fcc,172,78403,51805
test,fcc,172,102190,51818
test,fcc,172,19990,51831
test,fcc,172,106666,51834
test,fcc,172,22031,51878
test,fcc,172,83648,51882
test,fcc,177,89690,53118
test,fcc,177,44643,53145
test,fcc,177,80214,53208
test,fcc,177,3270,53210
test,fcc,177,84524,53248
test,fcc,177,1599,53283
test,fcc,177,103020,53289
test,fcc,177,49204,53316
test,fcc,177,90794,53328
test,fcc,177,42198,53389
test,fcc,179,33147,53760
test,fcc,179,30263,53761
test,fcc,179,20049,53762
test,fcc,179,57877,53774
test,fcc,179,53919,53825
test,fcc,179,82227,53830
test,fcc,179,49343,53832
test,fcc,179,38953,53836
test,fcc,179,15645,53846
test,fcc,179,8034,53856
test,fcc,179,87210,53869
test,fcc,179,87537,53892
test,fcc,179,23673,53893
test,fcc,179,14240,53895
test,fcc,179,36488,53902
test,fcc,179,56782,53918
test,fcc,179,9910,53921
test,fcc,179,75630,53926
test,fcc,179,23077,53930
test,fcc,179,46450,53946
test,fcc,179,76987,53952
test,fcc,179,106912,53959
test,fcc,179,95373,53961
test,fcc,179,14226,53968
test,fcc,179,104713,53969
test,fcc,179,91843,53970
test,fcc,179,89048,53990
test,fcc,203,86055,60905
test,fcc,203,7420,60909
test,fcc,203,49228,60934
test,fcc,203,7586,60951
test,fcc,203,25484,60965
test,fcc,203,54759,61039
test,fcc,203,105534,61045
test,fcc,203,100419,61062
test,fcc,203,62626,61080
test,fcc,203,80527,61101
test,fcc,203,98938,61115
test,fcc,203,18713,61148
test,fcc,203,101039,61158
test,fcc,203,6438,61191
test,fcc,203,1204,61198
test,fcc,203,35260,61199
test,fcc,204,12272,61202
test,fcc,204,30575,61237
test,fcc,204,91032,61268
test,fcc,204,29785,61276
test,fcc,204,101086,61283
test,fcc,204,65236,61291
test,fcc,204,51746,61302
test,fcc,204,64292,61339
test,fcc,204,57908,61340
test,fcc,204,76307,61371
test,fcc,204,67767,61393
test,fcc,204,5827,61411
test,fcc,204,61902,61421
test,fcc,204,83969,61429
test,fcc,204,65163,61488
test,fcc,210,19352,63019
test,fcc,210,101399,63032
test,fcc,210,8643,63082
test,fcc,210,54454,63086
test,fcc,210,63805,63098
test,fcc,210,60717,63102
test,fcc,210,106088,63103
test,fcc,210,101263,63125
test,fcc,210,94108,63138
test,fcc,210,61438,63152
test,fcc,210,80246,63164
test,fcc,210,71519,63196
test,fcc,210,43354,63202
test,fcc,210,103546,63208
test,fcc,210,87631,63217
test,fcc,210,91588,63236
test,fcc,210,64042,63260
test,fcc,210,44504,63264
test,fcc,210,84030,63278
test,fcc,210,29635,63298
test,fcc,223,106999,66907
test,fcc,223,95362,66997
test,fcc,223,3495,67033
test,fcc,223,63140,67034
test,fcc,223,7535,67076
test,fcc,223,40683,67088
test,fcc,223,100246,67091
test,fcc,223,24049,67113
test,fcc,223,77992,67179
test,fcc,223,96552,67188
test,fcc,223,104809,67196
test,fcc,230,18270,69013
test,fcc,230,1220,69029
test,fcc,230,54904,69053
test,fcc,230,71668,69063
test,fcc,230,9189,69073
test,fcc,230,100002,69076
test,fcc,230,73805,69079
test,fcc,230,7532,69083
test,fcc,230,46449,69105
test,fcc,230,11030,69144
test,fcc,230,56957,69152
test,fcc,230,97755,69179
test,fcc,230,18295,69194
test,fcc,230,87670,69199
test,fcc,230,53203,69207
test,fcc,230,43265,69212
test,fcc,230,61976,69223
test,fcc,230,28183,69243
test,fcc,230,69775,69266
test,fcc,230,5275,69281
test,fcc,230,79773,69290
test,fcc,230,987,69295
test,fcc,231,38842,69303
test,fcc,231,28116,69312
test,fcc,231,79710,69367
test,fcc,231,59600,69392
test,fcc,231,95576,69394
test,fcc,231,29422,69395
test,fcc,231,31213,69396
test,fcc,231,37093,69406
test,fcc,231,41751,69439
test,fcc,231,87131,69445
test,fcc,231,7319,69450
test,fcc,231,19725,69454
test,fcc,231,59008,69512
test,fcc,231,74701,69522
test,fcc,231,24404,69563
test,fcc,231,48328,69569
test,fcc,231,23860,69574
test,fcc,231,71893,69587
test,fcc,235,38719,70503
test,fcc,235,22822,70527
test,fcc,235,11834,70536
test,fcc,235,40168,70580
test,fcc,235,45860,70625
test,fcc,235,87317,70639
test,fcc,235,50598,70643
test,fcc,235,28589,70650
test,fcc,235,89051,70652
test,fcc,235,8583,70712
test,fcc,235,99689,70718
test,fcc,235,26306,70720
test,fcc,235,20833,70742
test,fcc,235,53767,70782
test,fcc,235,37615,70785
test,fcc,235,70803,70787
test,fcc,235,76515,70789
test,fcc,237,100091,71100
test,fcc,237,79004,71112
test,fcc,237,26316,71138
test,fcc,237,38280,71156
test,fcc,237,26848,71189
test,fcc,237,33094,71191
test,fcc,237,91392,71217
test,fcc,237,105518,71224
test,fcc,237,66092,71256
test,fcc,237,35913,71289
test,fcc,237,21014,71296
test,fcc,237,97821,71302
test,fcc,237,10367,71305
test,fcc,237,31434,71322
test,fcc,237,17805,71336
test,fcc,237,107404,71345
test,fcc,237,18215,71374
test,fcc,237,1530,71376
test,fcc,237,54999,71398
test,fcc,238,44349,71404
test,fcc,238,34075,71411
test,fcc,238,33687,71416
test,fcc,238,96275,71425
test,fcc,238,89051,71430
test,fcc,238,46683,71460
test,fcc,238,89107,71465
test,fcc,238,53945,71482
test,fcc,238,7324,71501
test,fcc,238,90498,71510
test,fcc,238,74729,71523
test,fcc,238,54427,71530
test,fcc,238,18464,71535
test,fcc,238,86728,71566
test,fcc,238,103313,71568
test,fcc,238,49667,71570
test,fcc,238,26208,71624
test,fcc,238,78869,71637
test,fcc,238,46026,71645
test,fcc,238,58021,71660
test,fcc,238,87291,71661
test,fcc,238,70686,71669
test,fcc,238,70333,71674
test,fcc,246,58231,73810
test,fcc,246,39530,73818
test,fcc,246,21487,73836
test,fcc,246,24447,73837
test,fcc,246,83271,73850
test,fcc,246,106472,73874
test,fcc,246,59926,73892
test,fcc,246,86243,73900
test,fcc,246,50487,73914
test,fcc,246,44771,73916
test,fcc,246,48962,73932
test,fcc,246,99670,73933
test,fcc,246,80231,73947
test,fcc,246,49133,73967
test,fcc,246,52808,73996
test,fcc,246,60135,74022
test,fcc,246,78586,74029
test,fcc,246,37633,74046
test,fcc,246,97265,74059
test,fcc,257,103361,77118
test,fcc,257,47942,77124
test,fcc,257,65813,77159
test,fcc,257,61866,77203
test,fcc,257,39667,77209
test,fcc,257,48106,77246
test,fcc,257,99948,77256
test,fcc,257,79150,77270
test,fcc,257,58044,77292
test,fcc,257,32572,77305
test,fcc,257,77459,77342
test,fcc,257,81454,77344
test,fcc,257,7564,77349
test,fcc,257,89223,77380
test,fcc,257,104349,77385
test,fcc,259,91023,77709
test,fcc,259,47471,77743
test,fcc,259,87670,77764
test,fcc,259,77385,77781
test,fcc,259,44213,77804
test,fcc,259,14297,77809
test,fcc,259,25165,77812
test,fcc,259,42098,77855
test,fcc,259,76458,77879
test,fcc,259,95857,77882
test,fcc,259,61353,77931
test,fcc,259,19092,77932
test,fcc,259,51311,77998
test,fcc,262,24521,78607
test,fcc,262,1894,78622
test,fcc,262,33050,78628
test,fcc,262,8238,78643
test,fcc,262,54031,78666
test,fcc,262,62070,78704
test,fcc,262,10595,78720
test,fcc,262,91515,78728
test,fcc,262,33961,78746
test,fcc,262,72995,78748
test,fcc,262,5720,78751
test,fcc,262,48894,78752
test,fcc,262,55849,78777
test,fcc,262,41705,78783
test,fcc,262,21387,78839
test,fcc,262,26406,78841
test,fcc,262,36604,78843
test,fcc,262,62565,78854
test,fcc,262,31494,78870
test,fcc,262,86261,78878
test,fcc,263,30559,78926
test,fcc,263,64742,78951
test,fcc,263,66639,78956
test,fcc,263,18507,78988
test,fcc,263,17127,78993
test,fcc,263,84238,79019
test,fcc,263,77654,79028
test,fcc,263,7916,79048
test,fcc,263,97163,79083
test,fcc,263,86546,79085
test,fcc,263,72325,79116
test,fcc,263,103384,79131
test,fcc,263,49527,79144
test,fcc,263,43823,79150
test,fcc,263,57964,79168
test,fcc,263,20868,79194
test,fcc,265,60013,79506
test,fcc,265,31328,79514
test,fcc,265,61347,79522
test,fcc,265,77123,79540
test,fcc,265,63404,79541
test,fcc,265,82017,79568
test,fcc,265,92393,79586
test,fcc,265,98786,79607
test,fcc,265,88915,79618
test,fcc,265,44549,79647
test,fcc,265,85534,79653
test,fcc,265,22191,79675
test,fcc,265,12120,79694
test,fcc,265,37648,79697
test,fcc,265,40970,79724
test,fcc,265,85768,79726
test,fcc,265,56977,79738
test,fcc,265,75788,79761
test,fcc,265,11409,79763
test,fcc,265,9298,79769
test,fcc,265,106244,79776
test,fcc,265,69609,79786
test,fcc,267,25750,80159
test,fcc,267,79513,80168
test,fcc,267,43415,80187
test,fcc,267,55353,80224
test,fcc,267,37954,80230
test,fcc,267,88916,80246
test,fcc,267,5069,80268
test,fcc,267,73840,80276
test,fcc,267,80960,80282
test,fcc,267,19038,80285
test,fcc,267,12004,80288
test,fcc,267,94152,80343
test,fcc,267,76941,80382
test,fcc,267,64106,80384
test,fcc,267,63338,80394
test,fcc,269,42196,80729
test,fcc,269,91231,80737
test,fcc,269,91190,80756
test,fcc,269,52073,80776
test,fcc,269,88095,80785
test,fcc,269,79122,80788
test,fcc,269,57643,80811
test,fcc,269,50087,80842
test,fcc,269,100268,80854
test,fcc,269,53215,80855
test,fcc,269,4862,80972
test,fcc,269,7763,80979
test,fcc,269,3266,80993
test,fcc,282,11667,84603
test,fcc,282,61321,84622
test,fcc,282,84928,84661
test,fcc,282,41551,84679
test,fcc,282,14222,84693
test,fcc,282,106278,84696
test,fcc,282,42556,84767
test,fcc,282,57382,84788
test,fcc,282,102346,84827
test,fcc,282,43565,84837
test,fcc,282,85566,84861
test,fcc,283,87227,84906
test,fcc,283,32437,84928
test,fcc,283,53726,84964
test,fcc,283,46530,84975
test,fcc,283,73911,85015
test,fcc,283,53199,85077
test,fcc,283,91923,85080
test,fcc,283,53585,85082
test,fcc,283,56465,85103
test,fcc,283,68819,85113
test,fcc,283,7321,85122
test,fcc,283,90733,85135
test,fcc,283,14798,85143
test,fcc,283,2960,85147
test,fcc,283,18666,85185
test,fcc,283,63797,85188
test,fcc,301,56472,90317
test,fcc,301,37774,90319
test,fcc,301,88751,90324
test,fcc,301,80612,90325
test,fcc,301,57534,90379
test,fcc,301,106079,90393
test,fcc,301,88304,90404
test,fcc,301,59024,90426
test,fcc,301,84458,90429
test,fcc,301,208,90465
test,fcc,301,19707,90487
test,fcc,301,60061,90499
test,fcc,301,65898,90501
test,fcc,301,792,90505
test,fcc,301,23559,90566
test,fcc,301,73228,90585
test,fcc,302,35589,90607
test,fcc,302,4059,90611
test,fcc,302,89103,90612
test,fcc,302,10639,90616
test,fcc,302,19272,90627
test,fcc,302,83951,90638
test,fcc,302,64627,90643
test,fcc,302,94210,90664
test,fcc,302,2398,90673
test,fcc,302,18072,90691
test,fcc,302,25165,90716
test,fcc,302,98737,90728
test,fcc,302,85232,90751
test,fcc,302,55419,90816
test,fcc,302,21602,90818
test,fcc,302,31996,90837
test,fcc,302,6381,90841
test,fcc,302,76389,90847
test,fcc,302,54253,90849
test,fcc,302,91482,90874
test,fcc,302,39135,90898
test,fcc,304,63307,91206
test,fcc,304,60958,91232
test,fcc,304,32816,91247
test,fcc,304,89518,91261
test,fcc,304,95047,91266
test,fcc,304,35657,91275
test,fcc,304,85784,91278
test,fcc,304,36700,91300
test,fcc,304,62615,91305
test,fcc,304,75735,91309
test,fcc,304,32772,91314
test,fcc,304,81374,91345
test,fcc,304,55970,91360
test,fcc,304,4436,91382
test,fcc,304,84633,91407
test,fcc,304,85321,91418
test,fcc,304,103396,91422
test,fcc,304,420,91446
test,fcc,304,68554,91452
test,fcc,304,67890,91458
test,fcc,304,73441,91476
test,fcc,321,33319,96301
test,fcc,321,74369,96330
test,fcc,321,60006,96337
test,fcc,321,9903,96344
test,fcc,321,8332,96354
test,fcc,321,98550,96363
test,fcc,321,41499,96370
test,fcc,321,107546,96395
test,fcc,321,43785,96418
test,fcc,321,103242,96462
test,fcc,321,107868,96486
test,fcc,321,46228,96496
test,fcc,321,105313,96502
test,fcc,321,66522,96513
test,fcc,321,94369,96533
test,fcc,321,87081,96541
test,fcc,321,19314,96556
test,fcc,321,32213,96557
test,fcc,329,95463,98704
test,fcc,329,3352,98724
test,fcc,329,86319,98750
test,fcc,329,88020,98769
test,fcc,329,26426,98813
test,fcc,329,65185,98839
test,fcc,329,8425,98845
test,fcc,329,73998,98847
test,fcc,329,77999,98859
test,fcc,329,46106,98886
test,fcc,329,100507,98914
test,fcc,329,26076,98930
test,fcc,329,18671,98968
test,fcc,329,92433,98993
test,fcc,341,75436,102302
test,fcc,341,107139,102306
test,fcc,341,14351,102319
test,fcc,341,66134,102323
test,fcc,341,51319,102334
test,fcc,341,28343,102350
test,fcc,341,77377,102355
test,fcc,341,8068,102372
test,fcc,341,31688,102401
test,fcc,341,31524,102442
test,fcc,341,82285,102504
test,fcc,341,43257,102562
test,fcc,341,77522,102568
test,fcc,341,94754,102582
test,fcc,341,11103,102595
test,fcc,345,26163,103503
test,fcc,345,99381,103513
test,fcc,345,93357,103514
test,fcc,345,17703,103529
test,fcc,345,36242,103540
test,fcc,345,91971,103549
test,fcc,345,30155,103555
test,fcc,345,81178,103606
test,fcc,345,39139,103671
test,fcc,345,75298,103677
test,fcc,345,98148,103679
test,fcc,345,60661,103687
test,fcc,345,35582,103689
test,fcc,345,104624,103693
test,fcc,345,83416,103743
test,fcc,345,90958,103752
test,fcc,345,69303,103768
test,fcc,345,65862,103792
test,fcc,345,9178,103794
test,fcc,346,47898,103818
test,fcc,346,33114,103819
test,fcc,346,39127,103829
test,fcc,346,46144,103847
test,fcc,346,80218,103851
test,fcc,346,101053,103853
test,fcc,346,60250,103865
test,fcc,346,16439,103882
test,fcc,346,92262,103889
test,fcc,346,59253,103897
test,fcc,346,13885,103916
test,fcc,346,95832,103924
test,fcc,346,98763,103935
test,fcc,346,85781,103936
test,fcc,346,69169,103963
test,fcc,346,85612,103999
test,fcc,346,102827,104001
test,fcc,346,87340,104037
test,fcc,346,2978,104042
test,fcc,346,71241,104056
test,fcc,346,27256,104057
test,fcc,350,58155,105031
test,fcc,350,102019,105061
test,fcc,350,92824,105066
test,fcc,350,45650,105087
test,fcc,350,100626,105104
test,fcc,350,8242,105160
test,fcc,350,101219,105175
test,fcc,350,93498,105178
test,fcc,350,68317,105189
test,fcc,350,106254,105197
test,fcc,350,23755,105276
test,fcc,350,36019,105278
test,fcc,350,84443,105290
test,fcc,355,3395,106503
test,fcc,355,99273,106504
test,fcc,355,12100,106518
test,fcc,355,33984,106552
test,fcc,355,102622,106563
test,fcc,355,38429,106566
test,fcc,355,38717,106575
test,fcc,355,33441,106577
test,fcc,355,15335,106619
test,fcc,355,43317,106631
test,fcc,355,66824,106632
test,fcc,355,83878,106658
test,fcc,355,106437,106673
test,fcc,355,39592,106707
test,fcc,355,90622,106775
test,fcc,370,34594,111020
test,fcc,370,88134,111048
test,fcc,370,25596,111057
test,fcc,370,20517,111069
test,fcc,370,15496,111071
test,fcc,370,67269,111088
test,fcc,370,47054,111095
test,fcc,370,79191,111130
test,fcc,370,2382,111151
test,fcc,370,95712,111154
test,fcc,370,93033,111156
test,fcc,370,93686,111162
test,fcc,370,76741,111165
test,fcc,370,33397,111193
test,fcc,370,2949,111218
test,fcc,370,15216,111222
test,fcc,370,102092,111257
test,fcc,370,15027,111297
test,fcc,384,88624,115263
test,fcc,384,48468,115268
test,fcc,384,65486,115279
test,fcc,384,60276,115288
test,fcc,384,10132,115291
test,fcc,384,6066,115295
test,fcc,384,100787,115305
test,fcc,384,54593,115306
test,fcc,384,70346,115316
test,fcc,384,1537,115331
test,fcc,384,104865,115336
test,fcc,384,35210,115343
test,fcc,384,23635,115352
test,fcc,384,38494,115400
test,fcc,384,70037,115405
test,fcc,384,104215,115419
test,fcc,384,64305,115447
test,fcc,384,55070,115462
test,fcc,384,104952,115495
test,fcc,384,92098,115498
test,fcc,384,16501,115499
test,fcc,399,24008,119734
test,fcc,399,23452,119743
test,fcc,399,64324,119749
test,fcc,399,32840,119795
test,fcc,399,97727,119808
test,fcc,399,73938,119822
test,fcc,399,57307,119824
test,fcc,399,32277,119841
test,fcc,399,74946,119855
test,fcc,399,64795,119865
test,fcc,399,3541,119886
test,fcc,399,26279,119902
test,fcc,399,29385,119908
test,fcc,399,83544,119921
test,fcc,399,74856,119943
test,fcc,399,57715,119946
test,fcc,399,36947,119952
test,fcc,399,61330,119953
test,fcc,399,8078,119957
test,fcc,399,49347,119962
test,fcc,399,77003,119969
test,fcc,402,27965,120613
test,fcc,402,42716,120621
test,fcc,402,37241,120626
test,fcc,402,70821,120657
test,fcc,402,36501,120674
test,fcc,402,2888,120675
test,fcc,402,20119,120728
test,fcc,402,106854,120757
test,fcc,402,16519,120764
test,fcc,402,81622,120766
test,fcc,402,59571,120771
test,fcc,402,92542,120783
test,fcc,402,87943,120803
test,fcc,402,91687,120821
test,fcc,402,103495,120843
test,fcc,402,1509,120860
test,fcc,402,19744,120871
test,fcc,402,77947,120873
test,fcc,402,86559,120875
test,fcc,411,64027,123313
test,fcc,411,6496,123334
test,fcc,411,28468,123340
test,fcc,411,32698,123345
test,fcc,411,80349,123387
test,fcc,411,42966,123399
test,fcc,411,8950,123448
test,fcc,411,50094,123500
test,fcc,411,2475,123518
test,fcc,411,70982,123523
test,fcc,411,49447,123533
test,fcc,415,1324,124520
test,fcc,415,39167,124524
test,fcc,415,82185,124531
test,fcc,415,90540,124559
test,fcc,415,15971,124583
test,fcc,415,4769,124594
test,fcc,415,79699,124601
test,fcc,415,102827,124616
test,fcc,415,33188,124625
test,fcc,415,63129,124644
test,fcc,415,58554,124659
test,fcc,415,35292,124669
test,fcc,415,84417,124703
test,fcc,415,75408,124719
test,fcc,415,45235,124722
test,fcc,415,65483,124729
test,fcc,415,5239,124759
test,fcc,415,60813,124760
test,fcc,415,65568,124767
test,fcc,415,105944,124769
test,fcc,419,4663,125708
test,fcc,419,26950,125719
test,fcc,419,38065,125728
test,fcc,419,25300,125739
test,fcc,419,54322,125754
test,fcc,419,51880,125765
test,fcc,419,8608,125788
test,fcc,419,84824,125841
test,fcc,419,52028,125847
test,fcc,419,10052,125848
test,fcc,419,87499,125863
test,fcc,419,23949,125909
test,fcc,419,3017,125911
test,fcc,419,29503,125924
test,fcc,419,7896,125930
test,fcc,419,47338,125938
test,fcc,419,93713,125942
test,fcc,419,100146,125966
test,fcc,433,86172,129933
test,fcc,433,50579,129941
test,fcc,433,27264,129948
test,fcc,433,68787,129982
test,fcc,433,75455,130008
test,fcc,433,65884,130049
test,fcc,433,38196,130053
test,fcc,433,13627,130066
test,fcc,433,77991,130087
test,fcc,433,100103,130090
test,fcc,433,2158,130096
test,fcc,433,40779,130112
test,fcc,433,6197,130115
test,fcc,433,69554,130131
test,fcc,433,41595,130138
test,fcc,433,45907,130145
test,fcc,433,44085,130177
test,fcc,433,75301,130189
test,fcc,445,86915,133507
test,fcc,445,15868,133515
test,fcc,445,78598,133517
test,fcc,445,19011,133530
test,fcc,445,88624,133544
test,fcc,445,25571,133590
test,fcc,445,32384,133613
test,fcc,445,72818,133630
test,fcc,445,7714,133660
test,fcc,445,8125,133663
test,fcc,445,7371,133698
test,fcc,445,51188,133750
test,fcc,445,93563,133791
test,fcc,454,45489,136208
test,fcc,454,7121,136216
test,fcc,454,91147,136252
test,fcc,454,64424,136264
test,fcc,454,74935,136268
test,fcc,454,9211,136283
test,fcc,454,6639,136286
test,fcc,454,43937,136307
test,fcc,454,36509,136341
test,fcc,454,104913,136348
test,fcc,454,70769,136350
test,fcc,454,62720,136388
test,fcc,454,45201,136403
test,fcc,454,84283,136410
test,fcc,454,60767,136432
test,fcc,454,20801,136469
test,fcc,458,84813,137441
test,fcc,458,8170,137451
test,fcc,458,86231,137469
test,fcc,458,4956,137564
test,fcc,458,96978,137568
test,fcc,458,86330,137571
test,fcc,458,99837,137573
test,fcc,458,81505,137583
test,fcc,458,63275,137598
test,fcc,458,70864,137610
test,fcc,458,86084,137650
test,fcc,458,16555,137658
test,fcc,463,25506,138908
test,fcc,463,60151,138962
test,fcc,463,2890,138970
test,fcc,463,73300,138973
test,fcc,463,48795,138991
test,fcc,463,6271,138999
test,fcc,463,23875,139009
test,fcc,463,21910,139014
test,fcc,463,107233,139024
test,fcc,463,23697,139031
test,fcc,463,105581,139061
test,fcc,463,45458,139064
test,fcc,463,15518,139093
test,fcc,463,74245,139099
test,fcc,463,5570,139103
test,fcc,463,98364,139116
test,fcc,463,96249,139143
test,fcc,463,15427,139155
test,fcc,463,42709,139158
test,fcc,463,18656,139164
test,fcc,463,103643,139172
test,fcc,463,49455,139181
test,fcc,463,19033,139191
test,fcc,472,36518,141601
test,fcc,472,54417,141603
test,fcc,472,24182,141617
test,fcc,472,17528,141629
test,fcc,472,53896,141649
test,fcc,472,23628,141658
test,fcc,472,77808,141662
test,fcc,472,54379,141669
test,fcc,472,12986,141736
test,fcc,472,54889,141744
test,fcc,472,69406,141793
test,fcc,472,51354,141808
test,fcc,472,78377,141828
test,fcc,472,60993,141833
test,fcc,472,68806,141840
test,fcc,483,78323,144903
test,fcc,483,71618,144931
test,fcc,483,47732,144978
test,fcc,483,93997,145084
test,fcc,483,103023,145087
test,fcc,483,80013,145094
test,fcc,483,14307,145109
test,fcc,483,103036,145119
test,fcc,483,42818,145126
test,fcc,483,68960,145130
test,fcc,483,48849,145150
test,fcc,483,105612,145157
test,fcc,483,8077,145158
test,fcc,483,99205,145164
test,fcc,483,63668,145166
test,fcc,483,42536,145176
test,fcc,483,54176,145191
test,fcc,488,29549,146402
test,fcc,488,64355,146405
test,fcc,488,101057,146407
test,fcc,488,16900,146440
test,fcc,488,68656,146442
test,fcc,488,80445,146453
test,fcc,488,70537,146457
test,fcc,488,103181,146461
test,fcc,488,57067,146470
test,fcc,488,13021,146484
test,fcc,488,18652,146497
test,fcc,488,37870,146538
test,fcc,488,62442,146545
test,fcc,488,104320,146583
test,fcc,488,107764,146586
test,fcc,488,64602,146595
test,fcc,488,95400,146602
test,fcc,488,53016,146634
test,fcc,488,77369,146664
test,fcc,510,61983,153007
test,fcc,510,30264,153065
test,fcc,510,105417,153086
test,fcc,510,106635,153102
test,fcc,510,55631,153121
test,fcc,510,79281,153128
test,fcc,510,11747,153135
test,fcc,510,46987,153151
test,fcc,510,88750,153218
test,fcc,510,3732,153222
test,fcc,510,77805,153227
test,fcc,510,91053,153243
test,fcc,510,52246,153259
test,fcc,510,19864,153266
test,fcc,510,34268,153268
test,fcc,510,26559,153271
test,fcc,510,103172,153276
test,fcc,528,28873,158420
test,fcc,528,2986,158423
test,fcc,528,20525,158433
test,fcc,528,103677,158436
test,fcc,528,83300,158454
test,fcc,528,28613,158476
test,fcc,528,83214,158495
test,fcc,528,85261,158533
test,fcc,528,103069,158566
test,fcc,528,3309,158583
test,fcc,528,20033,158589
test,fcc,528,79582,158598
test,fcc,528,42396,158626
test,fcc,528,24122,158644
test,fcc,528,30438,158654
test,fcc,528,41462,158656
test,fcc,528,90289,158668
test,fcc,532,87338,159605
test,fcc,532,80415,159616
test,fcc,532,69916,159617
test,fcc,532,99696,159619
test,fcc,532,85419,159640
test,fcc,532,11086,159657
test,fcc,532,33176,159659
test,fcc,532,7810,159716
test,fcc,532,78773,159747
test,fcc,532,91242,159772
test,fcc,532,4033,159789
test,fcc,532,67643,159792
test,fcc,532,28614,159800
test,fcc,532,92949,159814
test,fcc,532,41086,159815
test,fcc,532,66266,159820
test,fcc,532,26494,159843
test,fcc,532,30744,159850
test,fcc,532,29178,159857
test,fcc,532,64335,159864
test,fcc,532,102441,159871
test,fcc,532,78601,159883
test,fcc,532,101679,159891
test,fcc,535,21405,160554
test,fcc,535,26656,160558
test,fcc,535,67562,160579
test,fcc,535,87234,160600
test,fcc,535,64100,160602
test,fcc,535,89633,160629
test,fcc,535,77807,160643
test,fcc,535,72259,160654
test,fcc,535,75562,160668
test,fcc,535,102756,160723
test,fcc,535,80031,160751
test,fcc,535,104293,160755
test,fcc,535,4133,160763
test,fcc,535,5640,160782
test,fcc,535,5018,160785
test,fcc,536,60139,160816
test,fcc,536,27850,160850
test,fcc,536,60778,160869
test,fcc,536,90530,160871
test,fcc,536,79051,160876
test,fcc,536,37644,160885
test,fcc,536,85115,160900
test,fcc,536,66643,160906
test,fcc,536,10303,160930
test,fcc,536,17681,160945
test,fcc,536,96318,160949
test,fcc,536,76588,160982
test,fcc,536,44823,160994
test,fcc,536,28542,160998
test,fcc,536,32893,161005
test,fcc,536,61705,161006
test,fcc,536,23637,161019
test,fcc,536,76481,161039
test,fcc,536,66196,161050
test,fcc,536,10087,161062
test,fcc,536,55949,161077
test,fcc,536,57133,161083
test,fcc,540,19704,162003
test,fcc,540,99561,162021
test,fcc,540,12914,162026
test,fcc,540,65447,162071
test,fcc,540,98178,162090
test,fcc,540,107108,162117
test,fcc,540,43671,162140
test,fcc,540,24347,162145
test,fcc,540,15043,162159
test,fcc,540,64811,162165
test,fcc,540,27060,162218
test,fcc,540,90964,162220
test,fcc,540,79320,162232
test,fcc,540,45712,162259
test,fcc,540,23385,162271
test,fcc,540,17081,162287
test,fcc,540,84613,162289
test,fcc,546,52404,163819
test,fcc,546,91963,163871
test,fcc,546,31928,163884
test,fcc,546,28153,163903
test,fcc,546,89309,163904
test,fcc,546,68004,163934
test,fcc,546,63011,163971
test,fcc,546,59360,163975
test,fcc,546,104821,163999
test,fcc,546,45918,164001
test,fcc,546,3677,164028
test,fcc,546,16733,164050
test,fcc,546,71173,164053
test,fcc,546,66000,164062
test,fcc,546,73477,164065
test,fcc,546,100296,164083
test,fcc,546,17150,164093
test,fcc,552,37010,165622
test,fcc,552,7097,165627
test,fcc,552,32621,165633
test,fcc,552,88929,165635
test,fcc,552,91588,165652
test,fcc,552,100837,165674
test,fcc,552,71626,165699
test,fcc,552,18054,165704
test,fcc,552,48199,165740
test,fcc,552,61654,165751
test,fcc,552,27449,165761
test,fcc,552,66107,165771
test,fcc,552,13196,165820
test,fcc,552,58915,165894
test,fcc,552,76341,165898
test,fcc,561,55973,168348
test,fcc,561,76974,168352
test,fcc,561,19299,168385
test,fcc,561,83946,168418
test,fcc,561,11699,168425
test,fcc,561,83091,168428
test,fcc,561,5765,168431
test,fcc,561,47104,168433
test,fcc,561,73720,168457
test,fcc,561,65199,168464
test,fcc,561,47793,168466
test,fcc,561,25282,168484
test,fcc,561,4239,168526
test,fcc,561,47591,168542
test,fcc,561,61781,168564
test,fcc,561,7889,168569
test,fcc,564,68855,169241
test,fcc,564,80205,169262
test,fcc,564,36611,169318
test,fcc,564,105877,169330
test,fcc,564,86015,169333
test,fcc,564,8729,169339
test,fcc,564,48227,169340
test,fcc,564,90357,169345
test,fcc,564,75293,169388
test,fcc,564,68101,169399
test,fcc,573,86024,171962
test,fcc,573,14856,171967
test,fcc,573,93437,171970
test,fcc,573,42940,171981
test,fcc,573,15651,171992
test,fcc,573,33365,172027
test,fcc,573,106874,172038
test,fcc,573,50951,172044
test,fcc,573,106777,172061
test,fcc,573,73712,172094
test,fcc,573,25456,172106
test,fcc,573,63479,172129
test,fcc,573,95540,172141
test,fcc,573,102178,172143
test,fcc,573,69219,172162
test,fcc,573,85259,172168
test,fcc,573,80882,172170
test,fcc,573,80004,172188
test,fcc,578,75617,173417
test,fcc,578,72511,173421
test,fcc,578,60514,173447
test,fcc,578,2793,173471
test,fcc,578,18479,173480
test,fcc,578,48577,173540
test,fcc,578,48417,173543
test,fcc,578,23744,173588
test,fcc,578,47408,173596
test,fcc,578,84467,173608
test,fcc,578,37207,173620
test,fcc,578,33117,173625
test,fcc,578,81002,173638
test,fcc,578,72616,173640
test,fcc,580,23643,174014
test,fcc,580,83085,174041
test,fcc,580,71421,174046
test,fcc,580,15352,174083
test,fcc,580,31806,174131
test,fcc,580,11436,174135
test,fcc,580,87518,174141
test,fcc,580,57069,174175
test,fcc,580,72894,174193
test,fcc,580,126,174221
test,fcc,580,18798,174268
test,fcc,580,39861,174278
test,fcc,580,2542,174281
test,fcc,581,96525,174318
test,fcc,581,65044,174338
test,fcc,581,5579,174370
test,fcc,581,30796,174371
test,fcc,581,5583,174375
test,fcc,581,33978,174388
test,fcc,581,81015,174405
test,fcc,581,21912,174414
test,fcc,581,5259,174448
test,fcc,581,105246,174473
test,fcc,581,3355,174474
test,fcc,581,33215,174478
test,fcc,581,16593,174483
test,fcc,581,27190,174496
test,fcc,581,36442,174501
test,fcc,581,18488,174511
test,fcc,581,37927,174523
test,fcc,592,1911,177602
test,fcc,592,46635,177608
test,fcc,592,74330,177626
test,fcc,592,99541,177641
test,fcc,592,42367,177646
test,fcc,592,2675,177701
test,fcc,592,37053,177704
test,fcc,592,53612,177710
test,fcc,592,80550,177719
test,fcc,592,30773,177724
test,fcc,592,2227,177726
test,fcc,592,59760,177747
test,fcc,592,87504,177757
test,fcc,592,38258,177766
test,fcc,592,26578,177800
test,fcc,592,42947,177823
test,fcc,592,31058,177824
test,fcc,592,39328,177862
test,fcc,598,33573,179418
test,fcc,598,79324,179422
test,fcc,598,36488,179435
test,fcc,598,6215,179461
test,fcc,598,10320,179478
test,fcc,598,92771,179529
test,fcc,598,76379,179536
test,fcc,598,19725,179564
test,fcc,598,105728,179568
test,fcc,598,103221,179605
test,fcc,598,47001,179607
test,fcc,598,25589,179628
test,fcc,598,18083,179629
test,fcc,598,20150,179641
test,fcc,598,26068,179674
test,fcc,598,33502,179688
test,fcc,598,101441,179696
test,fcc,598,29718,179698
test,hcp,1,1290,307
test,hcp,1,61602,308
test,hcp,1,73692,309
test,hcp,1,69947,354
test,hcp,1,88568,367
test,hcp,1,83222,384
test,hcp,1,105839,434
test,hcp,1,60369,441
test,hcp,1,85754,450
test,hcp,1,46078,496
test,hcp,1,27792,507
test,hcp,1,8812,514
test,hcp,1,81935,515
test,hcp,1,58636,517
test,hcp,1,39318,520
test,hcp,1,12013,529
test,hcp,1,64688,548
test,hcp,1,81906,549
test,hcp,1,43080,560
test,hcp,1,4147,590
test,hcp,2,11620,609
test,hcp,2,58547,622
test,hcp,2,96723,628
test,hcp,2,21707,686
test,hcp,2,66764,709
test,hcp,2,72011,722
test,hcp,2,26072,724
test,hcp,2,97507,754
test,hcp,2,28204,782
test,hcp,2,15399,792
test,hcp,2,13872,838
test,hcp,2,21847,891
test,hcp,2,70793,899
test,hcp,8,21938,2419
test,hcp,8,79253,2424
test,hcp,8,104191,2435
test,hcp,8,36152,2440
test,hcp,8,106046,2453
test,hcp,8,2385,2458
test,hcp,8,22757,2499
test,hcp,8,46155,2570
test,hcp,8,31725,2652
test,hcp,8,72504,2654
test,hcp,8,24707,2697
test,hcp,10,14462,3002
test,hcp,10,52349,3008
test,hcp,10,73269,3040
test,hcp,10,19569,3092
test,hcp,10,12665,3113
test,hcp,10,54713,3125
test,hcp,10,54515,3132
test,hcp,10,107362,3138
test,hcp,10,100985,3168
test,hcp,10,5700,3174
test,hcp,10,49800,3215
test,hcp,10,30735,3220
test,hcp,10,22773,3244
test,hcp,10,92169,3274
test,hcp,28,55668,8405
test,hcp,28,74386,8432
test,hcp,28,47685,8438
test,hcp,28,89038,8475
test,hcp,28,34374,8477
test,hcp,28,104266,8491
test,hcp,28,40210,8492
test,hcp,28,74907,8505
test,hcp,28,66065,8526
test,hcp,28,64429,8530
test,hcp,28,101995,8563
test,hcp,28,94244,8564
test,hcp,28,4270,8569
test,hcp,28,32745,8603
test,hcp,28,35476,8623
test,hcp,28,46814,8629
test,hcp,28,46977,8632
test,hcp,28,15397,8651
test,hcp,28,2576,8678
test,hcp,28,25477,8682
test,hcp,41,70255,12301
test,hcp,41,94709,12316
test,hcp,41,53999,12333
test,hcp,41,43804,12338
test,hcp,41,103766,12352
test,hcp,41,73156,12379
test,hcp,41,49795,12381
test,hcp,41,14817,12403
test,hcp,41,36070,12415
test,hcp,41,80855,12440
test,hcp,41,43238,12466
test,hcp,41,51486,12493
test,hcp,41,95653,12514
test,hcp,41,77598,12525
test,hcp,41,14009,12548
test,hcp,41,96586,12564
test,hcp,41,39999,12565
test,hcp,41,106860,12566
test,hcp,41,13821,12572
test,hcp,49,44733,14700
test,hcp,49,2715,14730
test,hcp,49,9693,14731
test,hcp,49,61463,14756
test,hcp,49,106118,14766
test,hcp,49,64830,14803
test,hcp,49,14663,14807
test,hcp,49,66828,14864
test,hcp,49,56262,14882
test,hcp,49,79416,14898
test,hcp,49,77695,14899
test,hcp,49,85027,14901
test,hcp,49,17968,14918
test,hcp,49,46153,14938
test,hcp,49,62856,14960
test,hcp,49,59157,14968
test,hcp,51,85011,15323
test,hcp,51,72711,15337
test,hcp,51,77544,15385
test,hcp,51,61558,15416
test,hcp,51,41746,15421
test,hcp,51,107091,15425
test,hcp,51,86785,15442
test,hcp,51,15249,15458
test,hcp,51,4902,15477
test,hcp,51,39283,15507
test,hcp,51,32588,15510
test,hcp,51,57059,15526
test,hcp,51,70109,15538
test,hcp,51,21191,15544
test,hcp,51,11229,15546
test,hcp,51,37600,15548
test,hcp,51,22224,15560
test,hcp,51,13255,15580
test,hcp,51,49976,15591
test,hcp,52,57986,15614
test,hcp,52,47648,15623
test,hcp,52,63324,15634
test,hcp,52,57071,15635
test,hcp,52,66351,15651
test,hcp,52,29186,15656
test,hcp,52,101726,15662
test,hcp,52,95276,15703
test,hcp,52,2862,15727
test,hcp,52,89530,15738
test,hcp,52,59543,15739
test,hcp,52,107180,15789
test,hcp,52,6729,15820
test,hcp,52,9618,15851
test,hcp,52,5720,15866
test,hcp,52,22175,15898
test,hcp,53,6296,15907
test,hcp,53,73506,15939
test,hcp,53,50814,15958
test,hcp,53,25336,15978
test,hcp,53,40680,15981
test,hcp,53,89679,16018
test,hcp,53,55421,16023
test,hcp,53,103539,16038
test,hcp,53,69519,16070
test,hcp,53,21328,16118
test,hcp,53,6097,16186
test,hcp,56,22279,16800
test,hcp,56,82637,16802
test,hcp,56,84535,16827
test,hcp,56,62667,16847
test,hcp,56,89577,16880
test,hcp,56,24771,16913
test,hcp,56,8719,16916
test,hcp,56,80131,16923
test,hcp,56,74623,16964
test,hcp,56,48721,16975
test,hcp,56,40205,16982
test,hcp,56,52861,16990
test,hcp,56,101101,17026
test,hcp,56,27263,17031
test,hcp,56,104097,17047
test,hcp,56,71615,17070
test,hcp,56,26164,17076
test,hcp,56,81777,17088
test,hcp,72,96389,21627
test,hcp,72,71780,21688
test,hcp,72,101625,21695
test,hcp,72,39733,21703
test,hcp,72,80509,21786
test,hcp,72,24986,21846
test,hcp,72,29672,21853
test,hcp,72,92793,21867
test,hcp,73,30464,21920
test,hcp,73,12475,21921
test,hcp,73,82136,21924
test,hcp,73,72076,21932
test,hcp,73,95927,21963
test,hcp,73,33381,21973
test,hcp,73,17420,21976
test,hcp,73,69279,21982
test,hcp,73,52086,21987
test,hcp,73,23870,21998
test,hcp,73,102615,22011
test,hcp,73,47244,22035
test,hcp,73,15727,22100
test,hcp,73,82436,22110
test,hcp,73,9215,22125
test,hcp,73,41414,22130
test,hcp,73,10020,22131
test,hcp,73,94475,22158
test,hcp,73,55109,22182
test,hcp,88,93123,26404
test,hcp,88,65354,26406
test,hcp,88,94411,26407
test,hcp,88,56313,26410
test,hcp,88,23068,26427
test,hcp,88,54532,26434
test,hcp,88,83335,26435
test,hcp,88,69791,26436
test,hcp,88,31663,26453
test,hcp,88,99911,26472
test,hcp,88,51160,26486
test,hcp,88,31356,26500
test,hcp,88,94976,26537
test,hcp,88,88382,26558
test,hcp,88,51615,26584
test,hcp,88,45338,26587
test,hcp,88,9968,26622
test,hcp,88,18185,26680
test,hcp,90,32930,27026
test,hcp,90,99800,27086
test,hcp,90,67458,27090
test,hcp,90,47637,27109
test,hcp,90,21720,27122
test,hcp,90,99067,27162
test,hcp,90,13078,27189
test,hcp,90,44229,27207
test,hcp,90,6674,27229
test,hcp,90,37840,27232
test,hcp,90,55428,27240
test,hcp,90,98709,27241
test,hcp,90,18603,27247
test,hcp,90,49566,27264
test,hcp,90,94914,27268
test,hcp,90,58380,27284
test,hcp,90,17971,27299
test,hcp,99,19455,29761
test,hcp,99,19126,29801
test,hcp,99,14517,29807
test,hcp,99,21458,29816
test,hcp,99,49088,29836
test,hcp,99,80005,29840
test,hcp,99,75725,29845
test,hcp,99,58167,29864
test,hcp,99,31112,29875
test,hcp,99,91880,29898
test,hcp,99,81255,29909
test,hcp,99,43554,29910
test,hcp,99,24046,29943
test,hcp,99,71664,29946
test,hcp,99,45698,29954
test,hcp,99,13653,29970
test,hcp,99,56687,29973
test,hcp,99,97397,29989
test,hcp,99,88347,29996
test,hcp,102,42695,30672
test,hcp,102,78911,30674
test,hcp,102,53913,30682
test,hcp,102,99969,30712
test,hcp,102,29024,30729
test,hcp,102,87753,30730
test,hcp,102,9741,30744
test,hcp,102,61686,30768
test,hcp,102,18442,30776
test,hcp,102,107402,30788
test,hcp,102,3722,30822
test,hcp,102,39892,30831
test,hcp,102,17478,30838
test,hcp,102,72573,30845
test,hcp,102,47248,30857
test,hcp,102,51622,30868
test,hcp,102,91156,30871
test,hcp,102,32753,30874
test,hcp,102,90145,30893
test,hcp,104,40797,31236
test,hcp,104,92403,31237
test,hcp,104,90502,31263
test,hcp,104,95860,31264
test,hcp,104,61301,31266
test,hcp,104,88913,31283
test,hcp,104,13108,31302
test,hcp,104,46245,31335
test,hcp,104,25076,31341
test,hcp,104,17381,31373
test,hcp,104,47389,31374
test,hcp,104,8888,31377
test,hcp,104,48663,31382
test,hcp,104,107019,31405
test,hcp,104,46004,31445
test,hcp,104,82611,31454
test,hcp,104,90136,31469
test,hcp,104,100054,31480
test,hcp,104,61761,31486
test,hcp,104,91751,31487
test,hcp,105,12817,31503
test,hcp,105,99072,31510
test,hcp,105,40880,31517
test,hcp,105,34150,31550
test,hcp,105,39464,31556
test,hcp,105,103428,31560
test,hcp,105,70908,31561
test,hcp,105,43484,31578
test,hcp,105,54482,31580
test,hcp,105,78762,31583
test,hcp,105,73489,31591
test,hcp,105,92994,31595
test,hcp,105,39248,31611
test,hcp,105,24575,31666
test,hcp,105,4149,31740
test,hcp,105,60413,31741
test,hcp,105,104982,31743
test,hcp,105,2732,31778
test,hcp,105,3467,31794
test,hcp,105,25319,31795
test,hcp,107,106732,32102
test,hcp,107,70550,32103
test,hcp,107,76823,32216
test,hcp,107,101921,32224
test,hcp,107,79483,32287
test,hcp,107,56480,32309
test,hcp,107,59128,32317
test,hcp,107,53497,32331
test,hcp,107,87379,32332
test,hcp,107,100553,32392
test,hcp,108,15305,32403
test,hcp,108,106084,32422
test,hcp,108,64038,32437
test,hcp,108,44400,32443
test,hcp,108,21698,32447
test,hcp,108,86513,32453
test,hcp,108,43609,32469
test,hcp,108,99668,32495
test,hcp,108,50382,32521
test,hcp,108,4799,32531
test,hcp,108,41687,32551
test,hcp,108,87510,32592
test,hcp,108,69707,32597
test,hcp,108,33698,32611
test,hcp,108,84632,32634
test,hcp,108,57404,32696
test,hcp,113,84349,33907
test,hcp,113,77783,33924
test,hcp,113,45287,33952
test,hcp,113,43362,33981
test,hcp,113,77860,33985
test,hcp,113,23945,34042
test,hcp,113,49697,34052
test,hcp,113,98874,34101
test,hcp,113,25040,34140
test,hcp,113,106344,34141
test,hcp,113,3212,34168
test,hcp,113,10304,34180
test,hcp,113,79566,34191
test,hcp,113,33975,34197
test,hcp,114,72724,34211
test,hcp,114,92144,34237
test,hcp,114,105249,34241
test,hcp,114,56961,34271
test,hcp,114,66014,34279
test,hcp,114,34770,34280
test,hcp,114,92975,34281
test,hcp,114,105433,34298
test,hcp,114,19971,34382
test,hcp,114,106585,34391
test,hcp,114,71343,34410
test,hcp,114,97483,34411
test,hcp,114,10020,34413
test,hcp,114,57773,34422
test,hcp,114,11113,34435
test,hcp,114,49336,34476
test,hcp,114,101361,34480
test,hcp,138,71761,41400
test,hcp,138,50620,41416
test,hcp,138,45974,41442
test,hcp,138,94536,41454
test,hcp,138,33475,41457
test,hcp,138,107806,41471
test,hcp,138,34295,41473
test,hcp,138,53197,41488
test,hcp,138,16006,41506
test,hcp,138,4074,41579
test,hcp,138,38784,41585
test,hcp,138,16384,41621
test,hcp,138,53754,41632
test,hcp,138,103083,41638
test,hcp,138,52205,41648
test,hcp,138,64795,41670
test,hcp,138,64476,41677
test,hcp,138,68980,41682
test,hcp,165,2488,49503
test,hcp,165,22121,49513
test,hcp,165,68543,49525
test,hcp,165,73310,49537
test,hcp,165,77162,49553
test,hcp,165,90733,49562
test,hcp,165,4897,49564
test,hcp,165,80437,49571
test,hcp,165,10106,49575
test,hcp,165,42825,49605
test,hcp,165,58656,49611
test,hcp,165,102733,49617
test,hcp,165,12104,49704
test,hcp,165,32302,49735
test,hcp,165,85141,49760
test,hcp,165,9372,49771
test,hcp,165,74321,49786
test,hcp,168,81480,50453
test,hcp,168,40035,50459
test,hcp,168,20896,50477
test,hcp,168,65957,50491
test,hcp,168,24336,50510
test,hcp,168,94667,50568
test,hcp,168,74152,50601
test,hcp,168,31013,50608
test,hcp,168,104292,50609
test,hcp,168,86315,50639
test,hcp,168,12498,50646
test,hcp,172,62442,51601
test,hcp,172,83172,51603
test,hcp,172,72397,51628
test,hcp,172,92463,51639
test,hcp,172,24222,51643
test,hcp,172,10711,51666
test,hcp,172,4266,51689
test,hcp,172,346,51720
test,hcp,172,93416,51767
test,hcp,172,21885,51771
test,hcp,172,43023,51790
test,hcp,172,73405,51794
test,hcp,172,86544,51803
test,hcp,172,92593,51809
test,hcp,172,37952,51855
test,hcp,172,45642,51860
test,hcp,172,19799,51894
test,hcp,173,39622,51925
test,hcp,173,20248,51933
test,hcp,173,105412,51937
test,hcp,173,107750,51952
test,hcp,173,93828,51955
test,hcp,173,22814,51957
test,hcp,173,13742,51975
test,hcp,173,105386,51989
test,hcp,173,52733,52011
test,hcp,173,32145,52029
test,hcp,173,101404,52081
test,hcp,173,36549,52082
test,hcp,173,54913,52096
test,hcp,173,54000,52100
test,hcp,173,91923,52129
test,hcp,173,59496,52139
test,hcp,173,31135,52140
test,hcp,173,104661,52174
test,hcp,173,57968,52195
test,hcp,174,68873,52205
test,hcp,174,97512,52209
test,hcp,174,74811,52225
test,hcp,174,45205,52239
test,hcp,174,97556,52279
test,hcp,174,60088,52287
test,hcp,174,96014,52307
test,hcp,174,34502,52361
test,hcp,174,3984,52391
test,hcp,174,84257,52403
test,hcp,174,103802,52428
test,hcp,174,76856,52443
test,hcp,174,14021,52448
test,hcp,174,39909,52458
test,hcp,174,61312,52471
test,hcp,174,47481,52477
test,hcp,174,41206,52485
test,hcp,182,9953,54607
test,hcp,182,55338,54616
test,hcp,182,30733,54648
test,hcp,182,43757,54666
test,hcp,182,73364,54668
test,hcp,182,57931,54695
test,hcp,182,102441,54758
test,hcp,182,81446,54789
test,hcp,182,16591,54796
test,hcp,182,62407,54807
test,hcp,182,84974,54808
test,hcp,182,42784,54809
test,hcp,182,98258,54811
test,hcp,182,40066,54818
test,hcp,182,41905,54837
test,hcp,182,55863,54848
test,hcp,182,3629,54851
test,hcp,182,39088,54855
test,hcp,182,24750,54879
test,hcp,183,6855,54902
test,hcp,183,39615,54906
test,hcp,183,102851,54915
test,hcp,183,4449,54925
test,hcp,183,69775,54932
test,hcp,183,23447,54944
test,hcp,183,92839,55006
test,hcp,183,57333,55039
test,hcp,183,5843,55045
test,hcp,183,20130,55089
test,hcp,183,41849,55090
test,hcp,183,21102,55104
test,hcp,183,51662,55114
test,hcp,183,35440,55149
test,hcp,183,55689,55162
test,hcp,183,78913,55170
test,hcp,183,45518,55185
test,hcp,183,45199,55193
test,hcp,186,66178,55806
test,hcp,186,96475,55813
test,hcp,186,53350,55815
test,hcp,186,43534,55827
test,hcp,186,102196,55839
test,hcp,186,96088,55841
test,hcp,186,90043,55852
test,hcp,186,86589,55867
test,hcp,186,78897,55882
test,hcp,186,647,55904
test,hcp,186,78909,55942
test,hcp,186,85125,55946
test,hcp,186,29067,55961
test,hcp,186,105710,55991
test,hcp,186,64120,55995
test,hcp,186,73023,56005
test,hcp,186,59882,56024
test,hcp,186,13955,56035
test,hcp,186,21790,56059
test,hcp,186,56418,56088
test,hcp,198,107249,59416
test,hcp,198,55971,59429
test,hcp,198,75165,59455
test,hcp,198,91653,59460
test,hcp,198,102205,59468
test,hcp,198,30105,59470
test,hcp,198,105204,59515
test,hcp,198,53229,59548
test,hcp,198,87160,59563
test,hcp,198,45227,59564
test,hcp,198,96919,59566
test,hcp,198,39817,59582
test,hcp,198,3357,59604
test,hcp,198,81915,59613
test,hcp,198,26362,59622
test,hcp,198,69142,59633
test,hcp,198,33035,59658
test,hcp,198,80915,59659
test,hcp,198,80737,59668
test,hcp,198,90041,59691
test,hcp,200,44926,60009
test,hcp,200,58326,60018
test,hcp,200,67767,60021
test,hcp,200,20212,60023
test,hcp,200,82608,60048
test,hcp,200,97212,60057
test,hcp,200,35874,60083
test,hcp,200,70276,60087
test,hcp,200,7523,60121
test,hcp,200,55155,60124
test,hcp,200,23699,60129
test,hcp,200,9772,60130
test,hcp,200,56076,60136
test,hcp,200,14535,60146
test,hcp,200,58173,60216
test,hcp,200,81790,60223
test,hcp,200,51572,60236
test,hcp,200,50457,60261
test,hcp,200,47332,60267
test,hcp,200,50160,60269
test,hcp,209,3379,62701
test,hcp,209,72529,62706
test,hcp,209,43017,62710
test,hcp,209,42270,62736
test,hcp,209,9013,62740
test,hcp,209,50630,62744
test,hcp,209,30512,62745
test,hcp,209,23931,62748
test,hcp,209,18817,62838
test,hcp,209,24444,62856
test,hcp,209,99055,62890
test,hcp,209,9333,62900
test,hcp,209,43319,62909
test,hcp,209,105958,62957
test,hcp,210,76650,63000
test,hcp,210,86998,63027
test,hcp,210,85474,63047
test,hcp,210,37273,63078
test,hcp,210,64235,63085
test,hcp,210,27949,63088
test,hcp,210,53412,63109
test,hcp,210,81418,63116
test,hcp,210,27152,63118
test,hcp,210,13693,63122
test,hcp,210,18274,63134
test,hcp,210,75794,63142
test,hcp,210,90791,63145
test,hcp,210,46061,63151
test,hcp,210,82297,63165
test,hcp,210,4645,63199
test,hcp,210,102833,63213
test,hcp,210,50395,63217
test,hcp,210,98238,63231
test,hcp,210,4992,63238
test,hcp,210,43608,63262
test,hcp,210,73581,63266
test,hcp,210,54649,63294
test,hcp,218,85348,65416
test,hcp,218,52283,65421
test,hcp,218,104785,65448
test,hcp,218,27962,65505
test,hcp,218,26287,65513
test,hcp,218,64156,65514
test,hcp,218,87055,65577
test,hcp,218,62026,65585
test,hcp,218,25591,65589
test,hcp,218,97941,65608
test,hcp,218,23774,65611
test,hcp,218,47392,65630
test,hcp,218,33966,65640
test,hcp,218,101590,65644
test,hcp,218,96241,65646
test,hcp,218,62642,65675
test,hcp,218,44921,65678
test,hcp,218,27459,65698
test,hcp,222,25473,66608
test,hcp,222,44168,66616
test,hcp,222,101126,66621
test,hcp,222,36467,66634
test,hcp,222,354,66636
test,hcp,222,24000,66659
test,hcp,222,49739,66661
test,hcp,222,76483,66678
test,hcp,222,54791,66732
test,hcp,222,75450,66754
test,hcp,222,106393,66763
test,hcp,222,55859,66790
test,hcp,222,17038,66793
test,hcp,222,23189,66839
test,hcp,222,39435,66851
test,hcp,222,88333,66854
test,hcp,222,4170,66861
test,hcp,222,105570,66866
test,hcp,222,94314,66872
test,hcp,222,73592,66898
test,hcp,223,64915,66922
test,hcp,223,107816,66923
test,hcp,223,69057,66926
test,hcp,223,88467,66927
test,hcp,223,18830,66941
test,hcp,223,37645,66950
test,hcp,223,15674,66956
test,hcp,223,80524,66961
test,hcp,223,5790,66965
test,hcp,223,13461,66978
test,hcp,223,105549,67006
test,hcp,223,69216,67015
test,hcp,223,89435,67016
test,hcp,223,6947,67038
test,hcp,223,80209,67067
test,hcp,223,22518,67120
test,hcp,223,23619,67151
test,hcp,223,3166,67169
test,hcp,223,88869,67172
test,hcp,223,53794,67173
test,hcp,223,43041,67182
test,hcp,235,77017,70500
test,hcp,235,101968,70536
test,hcp,235,239,70545
test,hcp,235,23814,70550
test,hcp,235,43267,70585
test,hcp,235,12795,70591
test,hcp,235,69664,70610
test,hcp,235,49360,70615
test,hcp,235,94924,70696
test,hcp,235,33082,70697
test,hcp,235,33394,70719
test,hcp,235,70559,70743
test,hcp,235,45290,70763
test,hcp,235,43829,70787
test,hcp,235,77811,70788
test,hcp,238,2156,71429
test,hcp,238,105359,71437
test,hcp,238,79485,71501
test,hcp,238,80396,71527
test,hcp,238,88644,71532
test,hcp,238,52864,71534
test,hcp,238,78646,71536
test,hcp,238,60724,71562
test,hcp,238,30252,71613
test,hcp,238,19164,71632
test,hcp,238,42906,71637
test,hcp,238,30603,71648
test,hcp,238,87364,71657
test,hcp,238,30425,71662
test,hcp,257,93877,77142
test,hcp,257,52860,77197
test,hcp,257,53667,77200
test,hcp,257,84969,77203
test,hcp,257,76727,77230
test,hcp,257,56771,77234
test,hcp,257,13701,77250
test,hcp,257,40607,77266
test,hcp,257,68794,77288
test,hcp,257,25277,77329
test,hcp,257,56515,77336
test,hcp,257,63265,77341
test,hcp,257,32201,77354
test,hcp,257,40028,77383
test,hcp,257,18378,77389
test,hcp,257,5418,77395
test,hcp,261,20180,78300
test,hcp,261,59989,78302
test,hcp,261,44414,78332
test,hcp,261,33694,78358
test,hcp,261,61747,78359
test,hcp,261,56323,78361
test,hcp,261,95270,78373
test,hcp,261,7634,78392
test,hcp,261,1698,78440
test,hcp,261,42920,78444
test,hcp,261,94834,78469
test,hcp,261,59068,78501
test,hcp,261,366,78504
test,hcp,261,67338,78508
test,hcp,261,27744,78520
test,hcp,261,90709,78543
test,hcp,261,70582,78551
test,hcp,261,87774,78558
test,hcp,261,21447,78598
test,hcp,264,40366,79221
test,hcp,264,55896,79229
test,hcp,264,41205,79250
test,hcp,264,105235,79252
test,hcp,264,51779,79259
test,hcp,264,91265,79280
test,hcp,264,29922,79285
test,hcp,264,83576,79321
test,hcp,264,47230,79340
test,hcp,264,29564,79348
test,hcp,264,23628,79349
test,hcp,264,21643,79366
test,hcp,264,54254,79402
test,hcp,264,13483,79413
test,hcp,264,1603,79414
test,hcp,264,321,79424
test,hcp,264,99149,79450
test,hcp,264,41460,79452
test,hcp,264,98759,79477
test,hcp,264,84555,79489
test,hcp,266,39993,79806
test,hcp,266,44369,79809
test,hcp,266,86130,79818
test,hcp,266,61928,79830
test,hcp,266,2492,79844
test,hcp,266,24057,79885
test,hcp,266,33642,79892
test,hcp,266,105941,79893
test,hcp,266,103726,79912
test,hcp,266,44512,79919
test,hcp,266,41732,79927
test,hcp,266,47807,79945
test,hcp,266,47351,79966
test,hcp,266,100604,79970
test,hcp,266,49431,80040
test,hcp,266,39420,80050
test,hcp,266,69536,80070
test,hcp,266,75201,80095
test,hcp,274,48064,82208
test,hcp,274,24473,82230
test,hcp,274,8743,82244
test,hcp,274,39323,82251
test,hcp,274,26218,82266
test,hcp,274,11134,82295
test,hcp,274,63508,82299
test,hcp,274,54872,82336
test,hcp,274,59793,82340
test,hcp,274,105583,82345
test,hcp,274,71344,82350
test,hcp,274,45574,82356
test,hcp,274,58676,82404
test,hcp,274,68325,82416
test,hcp,274,45152,82421
test,hcp,274,102360,82427
test,hcp,274,13116,82432
test,hcp,274,70997,82452
test,hcp,274,41687,82455
test,hcp,274,5038,82486
test,hcp,274,22159,82494
test,hcp,276,9197,82800
test,hcp,276,13182,82805
test,hcp,276,18202,82825
test,hcp,276,101442,82829
test,hcp,276,40482,82831
test,hcp,276,97153,82850
test,hcp,276,86255,82856
test,hcp,276,23975,82863
test,hcp,276,42818,82868
test,hcp,276,16215,82904
test,hcp,276,80970,82925
test,hcp,276,62204,82933
test,hcp,276,100463,82938
test,hcp,276,96921,82959
test,hcp,276,55935,82962
test,hcp,276,64442,83023
test,hcp,276,83601,83025
test,hcp,276,19313,83030
test,hcp,276,5436,83048
test,hcp,276,42497,83080
test,hcp,276,23479,83098
test,hcp,287,96843,86109
test,hcp,287,10692,86131
test,hcp,287,104869,86133
test,hcp,287,91716,86186
test,hcp,287,79903,86211
test,hcp,287,48042,86235
test,hcp,287,85795,86243
test,hcp,287,77732,86304
test,hcp,287,34609,86316
test,hcp,287,31265,86354
test,hcp,287,51847,86358
test,hcp,287,58076,86375
test,hcp,287,9301,86393
test,hcp,293,97975,87905
test,hcp,293,45389,87926
test,hcp,293,48484,87953
test,hcp,293,92470,87995
test,hcp,293,38884,88001
test,hcp,293,35837,88043
test,hcp,293,10864,88044
test,hcp,293,65158,88055
test,hcp,293,69857,88100
test,hcp,293,103689,88110
test,hcp,293,28429,88112
test,hcp,293,6231,88115
test,hcp,293,92631,88124
test,hcp,293,80302,88164
test,hcp,309,101276,92707
test,hcp,309,47193,92715
test,hcp,309,9314,92729
test,hcp,309,91738,92786
test,hcp,309,76116,92792
test,hcp,309,11462,92844
test,hcp,309,8754,92854
test,hcp,309,63895,92858
test,hcp,309,34535,92871
test,hcp,309,31459,92887
test,hcp,309,29216,92897
test,hcp,309,7227,92923
test,hcp,309,29078,92970
test,hcp,309,56726,92972
test,hcp,309,22742,92978
test,hcp,316,40665,94809
test,hcp,316,80447,94849
test,hcp,316,105011,94882
test,hcp,316,72165,94919
test,hcp,316,95777,94977
test,hcp,316,30366,94986
test,hcp,316,67045,95003
test,hcp,316,29095,95013
test,hcp,316,52138,95042
test,hcp,316,47125,95047
test,hcp,316,53173,95055
test,hcp,316,51254,95064
test,hcp,316,37084,95095
test,hcp,336,68864,100805
test,hcp,336,6036,100843
test,hcp,336,27944,100847
test,hcp,336,12844,100876
test,hcp,336,24607,100881
test,hcp,336,99500,100897
test,hcp,336,52425,100899
test,hcp,336,31166,100990
test,hcp,336,38103,101004
test,hcp,336,87681,101009
test,hcp,336,87475,101011
test,hcp,336,96898,101046
test,hcp,336,94245,101047
test,hcp,336,65131,101050
test,hcp,336,8717,101099
test,hcp,338,21381,101412
test,hcp,338,14265,101414
test,hcp,338,100560,101415
test,hcp,338,62277,101420
test,hcp,338,11346,101428
test,hcp,338,75104,101434
test,hcp,338,86639,101447
test,hcp,338,51844,101450
test,hcp,338,25938,101454
test,hcp,338,14016,101470
test,hcp,338,43330,101483
test,hcp,338,55511,101491
test,hcp,338,72710,101497
test,hcp,338,31619,101522
test,hcp,338,107991,101554
test,hcp,338,20824,101582
test,hcp,338,77785,101592
test,hcp,338,100052,101611
test,hcp,338,2245,101632
test,hcp,338,95448,101646
test,hcp,338,77894,101672
test,hcp,338,98469,101683
test,hcp,338,70311,101691
test,hcp,344,1671,103209
test,hcp,344,54398,103213
test,hcp,344,106624,103214
test,hcp,344,16465,103236
test,hcp,344,73143,103283
test,hcp,344,37763,103287
test,hcp,344,94698,103289
test,hcp,344,26886,103291
test,hcp,344,89050,103320
test,hcp,344,87088,103326
test,hcp,344,3741,103370
test,hcp,344,19156,103371
test,hcp,344,53121,103385
test,hcp,344,28753,103400
test,hcp,344,66738,103405
test,hcp,344,39432,103414
test,hcp,344,83828,103421
test,hcp,344,8101,103431
test,hcp,344,103705,103463
test,hcp,344,67163,103468
test,hcp,350,20576,105008
test,hcp,350,13910,105017
test,hcp,350,24453,105019
test,hcp,350,34355,105040
test,hcp,350,60480,105058
test,hcp,350,72606,105066
test,hcp,350,63742,105068
test,hcp,350,19739,105074
test,hcp,350,3894,105084
test,hcp,350,82014,105091
test,hcp,350,57916,105095
test,hcp,350,66562,105104
test,hcp,350,629,105107
test,hcp,350,7884,105116
test,hcp,350,44843,105173
test,hcp,350,47016,105176
test,hcp,350,82207,105180
test,hcp,350,52490,105182
test,hcp,350,72937,105188
test,hcp,350,37397,105212
test,hcp,350,510,105237
test,hcp,350,45475,105270
test,hcp,369,101893,110700
test,hcp,369,26188,110704
test,hcp,369,105501,110711
test,hcp,369,31629,110720
test,hcp,369,29152,110722
test,hcp,369,104768,110751
test,hcp,369,20681,110756
test,hcp,369,631,110757
test,hcp,369,22914,110763
test,hcp,369,68730,110768
test,hcp,369,96783,110772
test,hcp,369,31111,110776
test,hcp,369,40493,110781
test,hcp,369,15244,110798
test,hcp,369,33556,110827
test,hcp,369,60980,110849
test,hcp,369,88132,110871
test,hcp,369,37401,110882
test,hcp,369,16920,110899
test,hcp,369,27751,110928
test,hcp,369,64010,110935
test,hcp,369,70071,110940
test,hcp,369,49986,110964
test,hcp,369,69575,110969
test,hcp,369,25356,110990
test,hcp,369,103637,110999
test,hcp,371,59697,111302
test,hcp,371,48665,111340
test,hcp,371,13176,111353
test,hcp,371,83221,111364
test,hcp,371,73914,111383
test,hcp,371,101005,111409
test,hcp,371,15472,111449
test,hcp,371,71691,111475
test,hcp,371,63303,111492
test,hcp,371,16571,111494
test,hcp,371,43067,111502
test,hcp,371,8625,111504
test,hcp,371,71780,111566
test,hcp,371,33274,111588
test,hcp,375,83663,112508
test,hcp,375,13503,112552
test,hcp,375,104986,112555
test,hcp,375,21620,112583
test,hcp,375,67127,112584
test,hcp,375,39670,112587
test,hcp,375,98010,112590
test,hcp,375,87538,112620
test,hcp,375,61174,112651
test,hcp,375,102666,112667
test,hcp,375,69581,112680
test,hcp,375,59209,112705
test,hcp,375,16170,112711
test,hcp,375,92322,112714
test,hcp,375,81835,112719
test,hcp,375,70657,112749
test,hcp,375,40418,112763
test,hcp,375,60094,112774
test,hcp,383,102984,114908
test,hcp,383,55605,114927
test,hcp,383,25708,114934
test,hcp,383,32277,114993
test,hcp,383,62914,115005
test,hcp,383,76913,115009
test,hcp,383,58933,115019
test,hcp,383,78726,115041
test,hcp,383,26422,115054
test,hcp,383,92419,115061
test,hcp,383,21484,115065
test,hcp,383,55916,115113
test,hcp,383,99926,115134
test,hcp,383,47948,115152
test,hcp,383,85417,115160
test,hcp,383,91783,115189
test,hcp,390,51160,117023
test,hcp,390,75802,117033
test,hcp,390,5415,117065
test,hcp,390,37291,117107
test,hcp,390,66274,117119
test,hcp,390,26194,117123
test,hcp,390,89376,117131
test,hcp,390,106161,117149
test,hcp,390,85126,117165
test,hcp,390,34609,117177
test,hcp,390,14349,117193
test,hcp,390,62454,117195
test,hcp,390,77699,117230
test,hcp,390,23596,117234
test,hcp,390,15479,117240
test,hcp,390,53858,117263
test,hcp,390,8214,117267
test,hcp,390,64406,117270
test,hcp,390,88282,117280
test,hcp,390,25383,117294
test,hcp,391,59902,117311
test,hcp,391,47424,117323
test,hcp,391,55460,117327
test,hcp,391,73431,117332
test,hcp,391,21089,117366
test,hcp,391,104151,117371
test,hcp,391,9062,117379
test,hcp,391,102479,117388
test,hcp,391,84983,117398
test,hcp,391,71344,117410
test,hcp,391,34928,117417
test,hcp,391,104966,117430
test,hcp,391,1885,117442
test,hcp,391,37193,117490
test,hcp,391,95166,117497
test,hcp,391,90877,117500
test,hcp,391,53224,117524
test,hcp,391,92875,117534
test,hcp,391,24228,117596
test,hcp,397,73489,119109
test,hcp,397,39705,119168
test,hcp,397,48280,119184
test,hcp,397,106600,119203
test,hcp,397,24117,119235
test,hcp,397,40686,119241
test,hcp,397,24730,119243
test,hcp,397,103476,119305
test,hcp,397,59439,119316
test,hcp,397,105276,119325
test,hcp,397,8952,119338
test,hcp,397,39671,119347
test,hcp,397,575,119353
test,hcp,397,104944,119361
test,hcp,397,4621,119364
test,hcp,397,89335,119375
test,hcp,397,93104,119378
test,hcp,397,102479,119387
test,hcp,397,74231,119393
test,hcp,399,95182,119724
test,hcp,399,97026,119757
test,hcp,399,57793,119759
test,hcp,399,65949,119773
test,hcp,399,12265,119808
test,hcp,399,101363,119823
test,hcp,399,72121,119849
test,hcp,399,23091,119868
test,hcp,399,39297,119870
test,hcp,399,91618,119888
test,hcp,399,12898,119912
test,hcp,399,30614,119920
test,hcp,399,17719,119922
test,hcp,399,48838,119954
test,hcp,399,403,119985
test,hcp,399,55762,119991
test,hcp,399,41066,119996
test,hcp,409,79038,122705
test,hcp,409,28058,122718
test,hcp,409,56466,122720
test,hcp,409,31477,122723
test,hcp,409,92174,122769
test,hcp,409,48000,122800
test,hcp,409,91016,122821
test,hcp,409,14450,122822
test,hcp,409,77818,122844
test,hcp,409,32823,122845
test,hcp,409,34197,122846
test,hcp,409,25730,122859
test,hcp,409,46918,122868
test,hcp,409,99752,122889
test,hcp,409,39024,122898
test,hcp,409,34288,122906
test,hcp,409,64683,122915
test,hcp,409,74728,122929
test,hcp,409,65362,122950
test,hcp,409,57782,122957
test,hcp,409,64989,122962
test,hcp,409,86129,122965
test,hcp,409,40814,122974
test,hcp,409,97331,122993
test,hcp,412,79034,123610
test,hcp,412,71313,123612
test,hcp,412,51820,123643
test,hcp,412,106660,123666
test,hcp,412,92469,123670
test,hcp,412,66817,123702
test,hcp,412,24344,123751
test,hcp,412,18229,123767
test,hcp,412,106239,123772
test,hcp,412,3981,123807
test,hcp,412,18950,123809
test,hcp,412,97310,123816
test,hcp,412,60594,123832
test,hcp,412,4381,123869
test,hcp,412,18633,123873
test,hcp,413,76168,123931
test,hcp,413,27091,123934
test,hcp,413,10422,123971
test,hcp,413,74554,124012
test,hcp,413,89762,124019
test,hcp,413,39691,124029
test,hcp,413,15314,124042
test,hcp,413,13437,124107
test,hcp,413,28994,124125
test,hcp,413,27416,124137
test,hcp,413,3088,124169
test,hcp,413,17181,124178
test,hcp,416,22674,124839
test,hcp,416,96311,124851
test,hcp,416,24777,124869
test,hcp,416,90451,124889
test,hcp,416,92369,124895
test,hcp,416,95343,124899
test,hcp,416,84020,124910
test,hcp,416,73021,124932
test,hcp,416,7755,124992
test,hcp,416,27730,125015
test,hcp,416,58231,125032
test,hcp,416,85117,125039
test,hcp,416,38885,125056
test,hcp,416,99785,125082
test,hcp,419,79953,125706
test,hcp,419,9030,125710
test,hcp,419,55400,125711
test,hcp,419,68806,125714
test,hcp,419,10587,125768
test,hcp,419,14863,125780
test,hcp,419,56805,125813
test,hcp,419,82895,125829
test,hcp,419,104728,125843
test,hcp,419,62579,125854
test,hcp,419,88293,125861
test,hcp,419,21431,125869
test,hcp,419,91468,125885
test,hcp,419,22801,125896
test,hcp,419,55112,125910
test,hcp,419,63876,125921
test,hcp,419,4804,125958
test,hcp,419,14132,125991
test,hcp,420,76663,126067
test,hcp,420,63088,126074
test,hcp,420,24868,126075
test,hcp,420,89457,126085
test,hcp,420,66303,126118
test,hcp,420,28567,126138
test,hcp,420,67656,126150
test,hcp,420,99092,126162
test,hcp,420,79055,126176
test,hcp,420,104542,126199
test,hcp,420,8376,126241
test,hcp,425,13506,127502
test,hcp,425,72299,127512
test,hcp,425,27645,127520
test,hcp,425,40520,127521
test,hcp,425,42988,127612
test,hcp,425,46178,127619
test,hcp,425,15528,127626
test,hcp,425,74320,127678
test,hcp,425,37392,127690
test,hcp,425,74618,127706
test,hcp,425,44625,127709
test,hcp,425,59673,127722
test,hcp,425,75557,127785
test,hcp,426,65541,127828
test,hcp,426,75125,127853
test,hcp,426,87201,127871
test,hcp,426,53757,127928
test,hcp,426,10156,127935
test,hcp,426,104604,127995
test,hcp,426,67129,128013
test,hcp,426,83514,128025
test,hcp,426,91484,128029
test,hcp,426,103621,128039
test,hcp,426,19476,128048
test,hcp,426,105307,128056
test,hcp,426,101035,128095
test,hcp,429,102919,128704
test,hcp,429,16272,128708
test,hcp,429,84299,128722
test,hcp,429,23132,128727
test,hcp,429,40172,128733
test,hcp,429,60392,128761
test,hcp,429,19768,128766
test,hcp,429,93432,128793
test,hcp,429,33842,128800
test,hcp,429,66525,128829
test,hcp,429,42124,128844
test,hcp,429,102492,128883
test,hcp,429,54124,128939
test,hcp,429,26964,128941
test,hcp,429,8875,128952
test,hcp,429,74920,128985
test,hcp,432,10925,129603
test,hcp,432,46171,129609
test,hcp,432,46006,129634
test,hcp,432,77032,129638
test,hcp,432,41086,129773
test,hcp,432,84713,129778
test,hcp,432,29743,129786
test,hcp,432,67960,129805
test,hcp,432,85183,129813
test,hcp,432,95165,129836
test,hcp,432,95322,129855
test,hcp,432,4183,129878
test,hcp,434,82569,130207
test,hcp,434,2045,130216
test,hcp,434,45377,130222
test,hcp,434,46733,130273
test,hcp,434,31291,130294
test,hcp,434,99582,130309
test,hcp,434,17759,130312
test,hcp,434,66317,130334
test,hcp,434,24172,130360
test,hcp,434,12165,130361
test,hcp,434,23762,130384
test,hcp,434,26232,130404
test,hcp,434,61602,130418
test,hcp,434,14498,130421
test,hcp,434,9870,130445
test,hcp,434,21896,130472
test,hcp,449,65005,134701
test,hcp,449,95558,134704
test,hcp,449,83904,134719
test,hcp,449,11240,134721
test,hcp,449,106710,134762
test,hcp,449,42346,134763
test,hcp,449,73225,134775
test,hcp,449,26860,134802
test,hcp,449,33246,134822
test,hcp,449,97478,134843
test,hcp,449,105006,134853
test,hcp,449,31627,134893
test,hcp,449,64220,134895
test,hcp,449,75594,134900
test,hcp,449,86184,134932
test,hcp,449,107781,134943
test,hcp,449,95866,134951
test,hcp,449,47443,134970
test,hcp,449,53637,134980
test,hcp,449,91867,134982
test,hcp,449,102255,134991
test,hcp,449,34065,134993
test,hcp,450,63086,135014
test,hcp,450,66853,135028
test,hcp,450,65629,135031
test,hcp,450,102251,135053
test,hcp,450,62046,135097
test,hcp,450,58515,135121
test,hcp,450,24020,135135
test,hcp,450,10144,135146
test,hcp,450,46123,135207
test,hcp,450,76397,135230
test,hcp,450,100126,135287
test,hcp,460,5400,138015
test,hcp,460,74254,138030
test,hcp,460,71492,138056
test,hcp,460,99526,138072
test,hcp,460,92882,138089
test,hcp,460,32297,138092
test,hcp,460,85188,138097
test,hcp,460,40184,138180
test,hcp,460,60153,138182
test,hcp,460,92618,138186
test,hcp,460,96882,138187
test,hcp,460,82138,138188
test,hcp,460,86014,138189
test,hcp,460,69452,138212
test,hcp,460,55262,138264
test,hcp,460,102236,138285
test,hcp,460,3660,138298
test,hcp,460,24851,138299
test,hcp,464,42683,139223
test,hcp,464,53063,139224
test,hcp,464,102439,139266
test,hcp,464,21153,139284
test,hcp,464,88741,139286
test,hcp,464,106098,139316
test,hcp,464,17171,139329
test,hcp,464,35870,139358
test,hcp,464,71636,139361
test,hcp,464,57913,139368
test,hcp,464,3123,139374
test,hcp,464,94895,139411
test,hcp,464,8922,139427
test,hcp,464,31943,139455
test,hcp,498,39757,149408
test,hcp,498,61983,149415
test,hcp,498,102183,149424
test,hcp,498,35856,149439
test,hcp,498,39005,149457
test,hcp,498,22688,149495
test,hcp,498,51276,149499
test,hcp,498,41014,149506
test,hcp,498,84922,149526
test,hcp,498,71553,149536
test,hcp,498,86139,149555
test,hcp,498,98520,149559
test,hcp,498,16715,149601
test,hcp,498,17747,149613
test,hcp,498,8817,149616
test,hcp,498,8614,149621
test,hcp,498,91171,149649
test,hcp,498,51797,149651
test,hcp,498,67241,149656
test,hcp,498,8774,149691
test,hcp,509,13598,152743
test,hcp,509,93804,152744
test,hcp,509,30330,152764
test,hcp,509,39137,152767
test,hcp,509,34399,152771
test,hcp,509,56398,152784
test,hcp,509,47631,152799
test,hcp,509,90436,152818
test,hcp,509,38377,152848
test,hcp,509,33125,152852
test,hcp,509,41863,152857
test,hcp,509,41306,152863
test,hcp,509,71703,152865
test,hcp,509,31880,152883
test,hcp,509,73696,152918
test,hcp,509,49890,152925
test,hcp,511,93124,153357
test,hcp,511,49677,153378
test,hcp,511,90155,153387
test,hcp,511,20388,153398
test,hcp,511,56471,153420
test,hcp,511,6656,153453
test,hcp,511,58295,153456
test,hcp,511,56993,153483
test,hcp,511,44095,153503
test,hcp,511,81139,153512
test,hcp,511,58389,153514
test,hcp,511,35836,153536
test,hcp,511,71305,153580
test,hcp,511,12318,153598
test,hcp,511,16153,153599
test,hcp,513,52531,153939
test,hcp,513,39568,153964
test,hcp,513,49595,153974
test,hcp,513,93167,153991
test,hcp,513,36890,153993
test,hcp,513,60886,154022
test,hcp,513,30841,154069
test,hcp,513,70688,154095
test,hcp,525,38048,157505
test,hcp,525,105282,157510
test,hcp,525,10837,157533
test,hcp,525,41727,157571
test,hcp,525,52713,157582
test,hcp,525,80063,157599
test,hcp,525,38353,157674
test,hcp,525,52809,157676
test,hcp,525,19976,157678
test,hcp,525,40381,157686
test,hcp,525,105251,157706
test,hcp,525,86684,157719
test,hcp,525,8128,157765
test,hcp,525,54835,157769
test,hcp,525,35691,157771
test,hcp,525,40563,157775
test,hcp,525,43719,157786
test,hcp,525,16193,157795
test,hcp,525,80081,157797
test,hcp,529,2273,158716
test,hcp,529,40338,158728
test,hcp,529,105297,158737
test,hcp,529,71640,158755
test,hcp,529,35945,158797
test,hcp,529,83228,158803
test,hcp,529,103221,158818
test,hcp,529,87786,158819
test,hcp,529,45835,158866
test,hcp,529,66721,158872
test,hcp,529,46525,158907
test,hcp,529,10147,158934
test,hcp,529,102296,158986
test,hcp,537,42858,161107
test,hcp,537,86546,161116
test,hcp,537,102167,161120
test,hcp,537,45088,161124
test,hcp,537,40784,161139
test,hcp,537,98300,161148
test,hcp,537,16191,161166
test,hcp,537,40938,161170
test,hcp,537,91253,161175
test,hcp,537,26717,161186
test,hcp,537,98546,161207
test,hcp,537,97474,161268
test,hcp,537,30170,161278
test,hcp,537,50683,161281
test,hcp,537,15257,161284
test,hcp,537,20891,161295
test,hcp,537,83117,161339
test,hcp,537,66715,161357
test,hcp,537,69677,161362
test,hcp,537,77032,161366
test,hcp,537,42673,161384
test,hcp,546,41484,163806
test,hcp,546,95885,163872
test,hcp,546,77171,163907
test,hcp,546,76542,163913
test,hcp,546,4331,163930
test,hcp,546,64713,163945
test,hcp,546,66436,163950
test,hcp,546,11946,163953
test,hcp,546,22368,163955
test,hcp,546,38697,163968
test,hcp,546,69881,163977
test,hcp,546,60946,163981
test,hcp,546,104703,163985
test,hcp,546,94674,164012
test,hcp,546,21853,164036
test,hcp,546,27285,164076
test,hcp,547,76111,164143
test,hcp,547,38875,164148
test,hcp,547,95972,164177
test,hcp,547,39202,164190
test,hcp,547,72716,164196
test,hcp,547,4577,164207
test,hcp,547,5382,164216
test,hcp,547,54652,164252
test,hcp,547,23585,164300
test,hcp,547,37922,164303
test,hcp,547,11802,164329
test,hcp,547,39668,164335
test,hcp,547,106179,164345
test,hcp,547,65199,164349
test,hcp,547,40726,164352
test,hcp,547,20403,164353
test,hcp,547,34666,164381
test,hcp,548,53845,164461
test,hcp,548,70406,164491
test,hcp,548,40596,164508
test,hcp,548,87395,164514
test,hcp,548,102059,164528
test,hcp,548,81984,164548
test,hcp,548,5518,164559
test,hcp,548,27623,164631
test,hcp,548,62670,164633
test,hcp,548,25399,164667
test,hcp,548,11878,164675
test,hcp,548,53210,164685
test,hcp,566,37001,169815
test,hcp,566,49488,169817
test,hcp,566,85387,169822
test,hcp,566,84516,169828
test,hcp,566,47484,169868
test,hcp,566,8306,169881
test,hcp,566,45886,169888
test,hcp,566,3,169921
test,hcp,566,59962,169964
test,hcp,566,6907,169970
test,hcp,566,34600,170026
test,hcp,566,2797,170066
test,hcp,566,13951,170088
test,hcp,566,82210,170099
test,hcp,568,47655,170494
test,hcp,568,81857,170507
test,hcp,568,101645,170560
test,hcp,568,76052,170598
test,hcp,568,79432,170616
test,hcp,568,25367,170669
test,liquid,7,105391,2101
test,liquid,7,3560,2115
test,liquid,7,105050,2117
test,liquid,7,22961,2130
test,liquid,7,25411,2144
test,liquid,7,17788,2146
test,liquid,7,49900,2157
test,liquid,7,100808,2168
test,liquid,7,51094,2170
test,liquid,7,50235,2183
test,liquid,7,77316,2187
test,liquid,7,14819,2199
test,liquid,7,31779,2202
test,liquid,7,82247,2205
test,liquid,7,39597,2210
test,liquid,7,60545,2238
test,liquid,7,36167,2240
test,liquid,7,4721,2262
test,liquid,7,82991,2267
test,liquid,7,95904,2276
test,liquid,7,23837,2283
test,liquid,7,48674,2310
test,liquid,7,2023,2315
test,liquid,7,90150,2317
test,liquid,7,2596,2324
test,liquid,7,14629,2325
test,liquid,7,37188,2328
test,liquid,7,96758,2330
test,liquid,7,78398,2337
test,liquid,7,38935,2353
test,liquid,7,7539,2368
test,liquid,9,47283,2700
test,liquid,9,222,2702
test,liquid,9,91101,2708
test,liquid,9,90157,2715
test,liquid,9,51873,2721
test,liquid,9,60902,2726
test,liquid,9,57169,2743
test,liquid,9,25620,2744
test,liquid,9,2820,2750
test,liquid,9,42345,2756
test,liquid,9,80136,2791
test,liquid,9,66598,2847
test,liquid,9,52361,2861
test,liquid,9,45639,2877
test,liquid,9,107132,2895
test,liquid,9,54559,2901
test,liquid,9,70309,2916
test,liquid,9,51602,2917
test,liquid,9,14416,2932
test,liquid,9,80323,2936
test,liquid,9,13652,2953
test,liquid,9,82975,2964
test,liquid,9,39868,2981
test,liquid,14,103198,4210
test,liquid,14,53076,4217
test,liquid,14,47186,4219
test,liquid,14,43628,4221
test,liquid,14,45520,4222
test,liquid,14,90677,4242
test,liquid,14,52631,4243
test,liquid,14,85813,4258
test,liquid,14,64084,4262
test,liquid,14,89699,4269
test,liquid,14,106433,4273
test,liquid,14,43489,4278
test,liquid,14,5731,4284
test,liquid,14,25327,4287
test,liquid,14,64341,4298
test,liquid,14,83615,4299
test,liquid,14,36639,4306
test,liquid,14,77523,4329
test,liquid,14,107215,4331
test,liquid,14,33286,4333
test,liquid,14,21818,4347
test,liquid,14,45679,4357
test,liquid,14,72000,4369
test,liquid,14,105971,4375
test,liquid,14,105604,4377
test,liquid,14,69672,4389
test,liquid,14,52517,4396
test,liquid,14,21578,4400
test,liquid,14,17846,4404
test,liquid,14,24149,4414
test,liquid,14,13937,4427
test,liquid,14,58251,4429
test,liquid,14,92811,4430
test,liquid,14,12957,4431
test,liquid,14,70448,4437
test,liquid,14,58937,4442
test,liquid,14,8777,4456
test,liquid,14,23237,4467
test,liquid,14,92065,4495
test,liquid,15,85206,4501
test,liquid,15,65643,4514
test,liquid,15,11710,4515
test,liquid,15,36216,4517
test,liquid,15,64928,4519
test,liquid,15,76142,4521
test,liquid,15,71103,4529
test,liquid,15,67579,4533
test,liquid,15,60087,4547
test,liquid,15,81607,4564
test,liquid,15,42148,4578
test,liquid,15,39864,4579
test,liquid,15,94976,4584
test,liquid,15,2811,4590
test,liquid,15,14087,4596
test,liquid,15,46966,4598
test,liquid,15,27715,4617
test,liquid,15,21992,4620
test,liquid,15,83779,4624
test,liquid,15,69903,4638
test,liquid,15,97682,4653
test,liquid,15,78201,4656
test,liquid,15,39700,4662
test,liquid,15,49760,4676
test,liquid,15,73882,4680
test,liquid,15,81250,4700
test,liquid,15,81979,4712
test,liquid,15,94157,4718
test,liquid,15,84290,4722
test,liquid,15,5412,4725
test,liquid,15,81455,4731
test,liquid,15,102055,4734
test,liquid,15,28377,4745
test,liquid,15,51684,4748
test,liquid,15,78384,4750
test,liquid,15,20717,4763
test,liquid,15,11731,4783
test,liquid,15,35017,4793
test,liquid,22,6218,6608
test,liquid,22,43371,6614
test,liquid,22,25597,6626
test,liquid,22,48230,6639
test,liquid,22,63217,6652
test,liquid,22,12162,6658
test,liquid,22,53501,6673
test,liquid,22,23819,6674
test,liquid,22,36490,6677
test,liquid,22,98112,6681
test,liquid,22,5737,6683
test,liquid,22,84113,6684
test,liquid,22,104582,6696
test,liquid,22,107898,6698
test,liquid,22,95225,6702
test,liquid,22,11886,6719
test,liquid,22,107367,6725
test,liquid,22,29471,6731
test,liquid,22,75523,6747
test,liquid,22,54994,6761
test,liquid,22,102015,6776
test,liquid,22,39607,6788
test,liquid,22,4177,6795
test,liquid,22,3096,6796
test,liquid,22,67756,6799
test,liquid,22,60220,6813
test,liquid,22,59997,6818
test,liquid,22,69616,6819
test,liquid,22,3020,6822
test,liquid,22,59584,6825
test,liquid,22,81530,6830
test,liquid,22,43985,6839
test,liquid,22,65363,6846
test,liquid,22,6349,6851
test,liquid,22,17210,6854
test,liquid,22,84463,6859
test,liquid,22,104216,6862
test,liquid,22,71161,6866
test,liquid,22,38728,6892
test,liquid,22,84722,6893
test,liquid,41,42952,12308
test,liquid,41,101423,12313
test,liquid,41,52663,12316
test,liquid,41,107532,12324
test,liquid,41,87540,12325
test,liquid,41,103779,12342
test,liquid,41,85042,12354
test,liquid,41,1295,12364
test,liquid,41,65551,12370
test,liquid,41,107135,12374
test,liquid,41,37254,12401
test,liquid,41,97720,12428
test,liquid,41,95219,12439
test,liquid,41,87450,12450
test,liquid,41,33161,12453
test,liquid,41,64849,12454
test,liquid,41,45002,12456
test,liquid,41,102328,12458
test,liquid,41,82995,12462
test,liquid,41,74874,12474
test,liquid,41,74289,12475
test,liquid,41,80201,12484
test,liquid,41,89073,12493
test,liquid,41,7430,12494
test,liquid,41,66427,12498
test,liquid,41,42325,12502
test,liquid,41,90011,12506
test,liquid,41,82563,12513
test,liquid,41,95041,12522
test,liquid,41,72077,12540
test,liquid,41,39942,12549
test,liquid,41,75386,12550
test,liquid,41,8583,12570
test,liquid,41,80469,12583
test,liquid,41,95539,12587
test,liquid,55,90985,16502
test,liquid,55,25955,16513
test,liquid,55,88573,16514
test,liquid,55,28553,16522
test,liquid,55,38939,16541
test,liquid,55,59913,16564
test,liquid,55,27255,16571
test,liquid,55,102685,16600
test,liquid,55,41881,16606
test,liquid,55,74548,16614
test,liquid,55,74476,16616
test,liquid,55,19856,16633
test,liquid,55,34660,16644
test,liquid,55,33312,16645
test,liquid,55,13570,16651
test,liquid,55,78368,16659
test,liquid,55,69476,16684
test,liquid,55,10696,16687
test,liquid,55,52588,16696
test,liquid,55,2465,16697
test,liquid,55,87564,16699
test,liquid,55,14488,16706
test,liquid,55,11045,16730
test,liquid,55,84091,16771
test,liquid,55,23004,16772
test,liquid,55,33928,16786
test,liquid,55,76395,16791
test,liquid,55,73973,16798
test,liquid,56,19193,16806
test,liquid,56,34103,16822
test,liquid,56,18950,16823
test,liquid,56,61081,16828
test,liquid,56,53428,16845
test,liquid,56,63856,16855
test,liquid,56,88819,16858
test,liquid,56,7993,16859
test,liquid,56,56939,16864
test,liquid,56,14171,16867
test,liquid,56,101439,16875
test,liquid,56,36856,16876
test,liquid,56,75445,16881
test,liquid,56,28318,16882
test,liquid,56,49626,16883
test,liquid,56,2539,16899
test,liquid,56,65902,16904
test,liquid,56,5075,16925
test,liquid,56,81431,16926
test,liquid,56,30589,16931
test,liquid,56,30626,16975
test,liquid,56,26363,16976
test,liquid,56,28652,16977
test,liquid,56,36791,16984
test,liquid,56,2192,16989
test,liquid,56,38627,16995
test,liquid,56,5611,17003
test,liquid,56,39919,17021
test,liquid,56,84695,17027
test,liquid,56,78616,17036
test,liquid,56,14468,17047
test,liquid,56,44788,17072
test,liquid,56,101593,17081
test,liquid,56,3306,17087
test,liquid,56,90111,17090
test,liquid,56,46551,17097
test,liquid,57,62801,17100
test,liquid,57,15932,17101
test,liquid,57,69350,17104
test,liquid,57,83062,17105
test,liquid,57,95717,17111
test,liquid,57,46224,17122
test,liquid,57,4893,17130
test,liquid,57,64285,17132
test,liquid,57,5831,17135
test,liquid,57,98155,17140
test,liquid,57,95483,17143
test,liquid,57,106803,17154
test,liquid,57,2522,17158
test,liquid,57,97600,17176
test,liquid,57,5458,17181
test,liquid,57,99068,17193
test,liquid,57,30316,17198
test,liquid,57,61202,17199
test,liquid,57,50125,17226
test,liquid,57,79081,17242
test,liquid,57,47485,17247
test,liquid,57,56080,17248
test,liquid,57,106643,17253
test,liquid,57,32199,17255
test,liquid,57,15305,17266
test,liquid,57,59443,17277
test,liquid,57,48236,17282
test,liquid,57,33838,17297
test,liquid,57,97809,17304
test,liquid,57,60685,17307
test,liquid,57,68478,17332
test,liquid,57,71275,17343
test,liquid,57,106939,17354
test,liquid,57,102307,17357
test,liquid,57,59346,17359
test,liquid,57,6679,17364
test,liquid,75,5155,22545
test,liquid,75,48425,22575
test,liquid,75,101620,22577
test,liquid,75,72667,22580
test,liquid,75,17603,22584
test,liquid,75,61903,22602
test,liquid,75,8042,22609
test,liquid,75,47541,22611
test,liquid,75,51902,22615
test,liquid,75,86303,22625
test,liquid,75,68168,22660
test,liquid,75,60186,22698
test,liquid,75,96581,22705
test,liquid,75,78694,22713
test,liquid,75,68679,22717
test,liquid,75,93494,22720
test,liquid,75,61230,22721
test,liquid,75,8916,22725
test,liquid,75,97369,22742
test,liquid,75,15818,22754
test,liquid,75,94915,22762
test,liquid,75,6294,22764
test,liquid,75,46623,22765
test,liquid,75,33118,22766
test,liquid,75,84692,22781
test,liquid,75,47709,22782
test,liquid,75,17173,22798
test,liquid,76,17065,22803
test,liquid,76,80073,22808
test,liquid,76,26361,22822
test,liquid,76,20957,22823
test,liquid,76,45321,22824
test,liquid,76,71090,22830
test,liquid,76,63824,22832
test,liquid,76,98591,22841
test,liquid,76,27575,22864
test,liquid,76,78507,22865
test,liquid,76,93085,22883
test,liquid,76,53472,22920
test,liquid,76,64927,22931
test,liquid,76,100262,22940
test,liquid,76,46117,22949
test,liquid,76,91567,22963
test,liquid,76,14200,22968
test,liquid,76,48938,22988
test,liquid,76,89854,22996
test,liquid,76,49357,22997
test,liquid,76,78017,23060
test,liquid,76,107046,23064
test,liquid,76,38481,23067
test,liquid,76,13741,23071
test,liquid,76,70220,23072
test,liquid,76,88772,23075
test,liquid,76,68820,23078
test,liquid,76,46999,23079
test,liquid,78,13709,23417
test,liquid,78,4256,23430
test,liquid,78,54629,23446
test,liquid,78,7657,23463
test,liquid,78,61179,23467
test,liquid,78,4755,23481
test,liquid,78,87134,23487
test,liquid,78,53948,23488
test,liquid,78,7131,23494
test,liquid,78,44859,23499
test,liquid,78,12947,23508
test,liquid,78,87998,23530
test,liquid,78,2051,23532
test,liquid,78,1906,23553
test,liquid,78,94457,23563
test,liquid,78,41774,23581
test,liquid,78,20794,23587
test,liquid,78,89744,23598
test,liquid,78,48048,23602
test,liquid,78,12410,23606
test,liquid,78,41565,23612
test,liquid,78,49647,23613
test,liquid,78,69521,23615
test,liquid,78,64483,23650
test,liquid,78,88615,23653
test,liquid,78,53757,23657
test,liquid,78,3632,23685
test,liquid,93,3514,27905
test,liquid,93,63537,27910
test,liquid,93,30225,27911
test,liquid,93,77430,27914
test,liquid,93,39063,27917
test,liquid,93,55488,27927
test,liquid,93,13008,27943
test,liquid,93,103874,27945
test,liquid,93,49475,27952
test,liquid,93,40095,27969
test,liquid,93,102164,27995
test,liquid,93,70430,28016
test,liquid,93,106878,28023
test,liquid,93,59665,28028
test,liquid,93,6175,28044
test,liquid,93,88162,28049
test,liquid,93,36467,28062
test,liquid,93,27001,28085
test,liquid,93,31434,28089
test,liquid,93,53666,28091
test,liquid,93,87277,28104
test,liquid,93,28222,28107
test,liquid,93,61934,28124
test,liquid,93,57256,28126
test,liquid,93,99946,28132
test,liquid,93,97537,28148
test,liquid,93,27413,28150
test,liquid,93,83391,28164
test,liquid,93,25078,28166
test,liquid,93,72989,28167
test,liquid,93,90941,28182
test,liquid,93,67654,28187
test,liquid,106,61942,31835
test,liquid,106,50906,31842
test,liquid,106,100627,31843
test,liquid,106,75772,31844
test,liquid,106,99631,31848
test,liquid,106,50666,31855
test,liquid,106,5345,31863
test,liquid,106,5757,31868
test,liquid,106,62293,31876
test,liquid,106,57307,31911
test,liquid,106,52255,31928
test,liquid,106,31053,31929
test,liquid,106,71131,31930
test,liquid,106,98668,31933
test,liquid,106,95811,31935
test,liquid,106,14520,31936
test,liquid,106,29323,31954
test,liquid,106,31807,31977
test,liquid,106,68498,31990
test,liquid,106,42292,32032
test,liquid,106,71991,32041
test,liquid,106,88852,32047
test,liquid,106,75713,32056
test,liquid,106,73467,32065
test,liquid,106,106562,32074
test,liquid,106,88987,32090
test,liquid,106,65339,32098
test,liquid,113,7484,33902
test,liquid,113,102781,33906
test,liquid,113,103628,33914
test,liquid,113,17849,33917
test,liquid,113,75987,33918
test,liquid,113,53058,33923
test,liquid,113,85337,33932
test,liquid,113,66851,33943
test,liquid,113,62496,33952
test,liquid,113,24238,33960
test,liquid,113,50971,33973
test,liquid,113,4523,33980
test,liquid,113,38162,33983
test,liquid,113,84216,33989
test,liquid,113,63996,34002
test,liquid,113,86063,34003
test,liquid,113,76179,34021
test,liquid,113,53701,34022
test,liquid,113,68155,34037
test,liquid,113,49942,34039
test,liquid,113,88127,34040
test,liquid,113,32316,34053
test,liquid,113,7965,34058
test,liquid,113,107704,34060
test,liquid,113,62246,34064
test,liquid,113,85341,34069
test,liquid,113,69418,34097
test,liquid,113,92319,34122
test,liquid,113,54888,34135
test,liquid,113,18229,34157
test,liquid,113,2425,34161
test,liquid,113,29460,34166
test,liquid,113,11542,34172
test,liquid,113,105237,34180
test,liquid,113,67735,34185
test,liquid,113,65558,34189
test,liquid,113,70404,34199
test,liquid,117,23840,35105
test,liquid,117,99911,35113
test,liquid,117,94097,35117
test,liquid,117,57958,35123
test,liquid,117,106399,35124
test,liquid,117,57272,35126
test,liquid,117,55592,35143
test,liquid,117,32580,35145
test,liquid,117,20874,35160
test,liquid,117,76909,35166
test,liquid,117,45316,35171
test,liquid,117,71772,35183
test,liquid,117,45917,35195
test,liquid,117,43937,35199
test,liquid,117,97639,35212
test,liquid,117,58572,35218
test,liquid,117,54355,35224
test,liquid,117,89846,35241
test,liquid,117,97175,35251
test,liquid,117,58148,35253
test,liquid,117,21654,35262
test,liquid,117,44354,35269
test,liquid,117,65048,35270
test,liquid,117,91372,35272
test,liquid,117,50230,35280
test,liquid,117,9468,35285
test,liquid,117,43192,35287
test,liquid,117,106198,35313
test,liquid,117,56374,35314
test,liquid,117,8539,35317
test,liquid,117,93457,35323
test,liquid,117,41688,35332
test,liquid,117,78700,35346
test,liquid,117,49835,35352
test,liquid,117,91621,35364
test,liquid,117,15859,35377
test,liquid,117,49876,35379
test,liquid,117,100893,35384
test,liquid,117,104605,35388
test,liquid,117,80620,35394
test,liquid,118,51852,35400
test,liquid,118,46524,35421
test,liquid,118,80764,35423
test,liquid,118,88284,35427
test,liquid,118,14375,35438
test,liquid,118,14416,35441
test,liquid,118,68184,35446
test,liquid,118,16971,35452
test,liquid,118,94250,35458
test,liquid,118,20241,35473
test,liquid,118,20729,35476
test,liquid,118,16583,35491
test,liquid,118,53377,35501
test,liquid,118,57797,35503
test,liquid,118,54748,35511
test,liquid,118,50818,35516
test,liquid,118,20300,35528
test,liquid,118,2727,35534
test,liquid,118,92332,35542
test,liquid,118,6472,35544
test,liquid,118,43627,35556
test,liquid,118,8635,35559
test,liquid,118,43145,35562
test,liquid,118,630,35572
test,liquid,118,6172,35575
test,liquid,118,78706,35578
test,liquid,118,69958,35589
test,liquid,118,36917,35590
test,liquid,118,25122,35591
test,liquid,118,51125,35596
test,liquid,118,77029,35598
test,liquid,118,49653,35606
test,liquid,118,62163,35607
test,liquid,118,35844,35612
test,liquid,118,82650,35613
test,liquid,118,97662,35621
test,liquid,118,96295,35624
test,liquid,118,77854,35634
test,liquid,118,47285,35646
test,liquid,118,101094,35647
test,liquid,118,37208,35656
test,liquid,118,88107,35666
test,liquid,118,75844,35671
test,liquid,118,59623,35677
test,liquid,118,73322,35679
test,liquid,118,99158,35682
test,liquid,118,58973,35689
test,liquid,118,2403,35697
test,liquid,121,77805,36306
test,liquid,121,38446,36311
test,liquid,121,19380,36320
test,liquid,121,92497,36338
test,liquid,121,21713,36346
test,liquid,121,17758,36358
test,liquid,121,89366,36361
test,liquid,121,94663,36375
test,liquid,121,90146,36377
test,liquid,121,71075,36382
test,liquid,121,78439,36390
test,liquid,121,29583,36413
test,liquid,121,66955,36416
test,liquid,121,100727,36418
test,liquid,121,7240,36433
test,liquid,121,61461,36436
test,liquid,121,32243,36441
test,liquid,121,62294,36442
test,liquid,121,106307,36445
test,liquid,121,8937,36454
test,liquid,121,27588,36464
test,liquid,121,16154,36476
test,liquid,121,84129,36484
test,liquid,121,27237,36499
test,liquid,121,26317,36516
test,liquid,121,47232,36527
test,liquid,121,44896,36539
test,liquid,121,59264,36541
test,liquid,121,61144,36553
test,liquid,121,35192,36555
test,liquid,121,20824,36562
test,liquid,121,55904,36571
test,liquid,121,52303,36582
test,liquid,123,90133,36918
test,liquid,123,33428,36920
test,liquid,123,105816,36921
test,liquid,123,38758,36922
test,liquid,123,87279,36929
test,liquid,123,47237,36930
test,liquid,123,13371,36936
test,liquid,123,33088,36948
test,liquid,123,100924,36965
test,liquid,123,30239,36976
test,liquid,123,75258,36982
test,liquid,123,64850,36986
test,liquid,123,94577,37003
test,liquid,123,13076,37024
test,liquid,123,80463,37042
test,liquid,123,54191,37068
test,liquid,123,20438,37074
test,liquid,123,35700,37082
test,liquid,123,6256,37096
test,liquid,123,39127,37113
test,liquid,123,2081,37117
test,liquid,123,12590,37126
test,liquid,123,32178,37127
test,liquid,123,20249,37131
test,liquid,123,96681,37151
test,liquid,123,83180,37153
test,liquid,123,32431,37155
test,liquid,123,24730,37170
test,liquid,123,48033,37171
test,liquid,123,95975,37190
test,liquid,123,78794,37196
test,liquid,136,90426,40800
test,liquid,136,65409,40817
test,liquid,136,9706,40843
test,liquid,136,71566,40865
test,liquid,136,15586,40871
test,liquid,136,62251,40880
test,liquid,136,20919,40881
test,liquid,136,38537,40883
test,liquid,136,104111,40897
test,liquid,136,98036,40907
test,liquid,136,74613,40910
test,liquid,136,68028,40936
test,liquid,136,18946,40938
test,liquid,136,96505,40944
test,liquid,136,34656,40945
test,liquid,136,35937,40970
test,liquid,136,82108,40972
test,liquid,136,40828,40979
test,liquid,136,73440,40980
test,liquid,136,2943,40983
test,liquid,136,64115,40999
test,liquid,136,28836,41003
test,liquid,136,2359,41047
test,liquid,136,60337,41054
test,liquid,136,50997,41091
test,liquid,136,81048,41096
test,liquid,139,19125,41711
test,liquid,139,36533,41723
test,liquid,139,22445,41732
test,liquid,139,58207,41738
test,liquid,139,58013,41741
test,liquid,139,24335,41752
test,liquid,139,38178,41757
test,liquid,139,19973,41758
test,liquid,139,21197,41759
test,liquid,139,91909,41764
test,liquid,139,45873,41768
test,liquid,139,40117,41771
test,liquid,139,83429,41774
test,liquid,139,14666,41784
test,liquid,139,88276,41791
test,liquid,139,43304,41804
test,liquid,139,36422,41809
test,liquid,139,3031,41812
test,liquid,139,23814,41816
test,liquid,139,95763,41828
test,liquid,139,22861,41847
test,liquid,139,78457,41871
test,liquid,139,100106,41875
test,liquid,139,50076,41878
test,liquid,139,17069,41880
test,liquid,139,34725,41887
test,liquid,139,40112,41891
test,liquid,139,83247,41904
test,liquid,139,73058,41916
test,liquid,139,23722,41922
test,liquid,139,88047,41926
test,liquid,139,62993,41927
test,liquid,139,41776,41932
test,liquid,139,42288,41935
test,liquid,139,37623,41938
test,liquid,139,38928,41943
test,liquid,139,49685,41964
test,liquid,139,78980,41965
test,liquid,139,53730,41978
test,liquid,139,67623,41993
test,liquid,139,61412,41996
test,liquid,141,59681,42309
test,liquid,141,50349,42315
test,liquid,141,35092,42317
test,liquid,141,24012,42324
test,liquid,141,30337,42331
test,liquid,141,34772,42348
test,liquid,141,59741,42350
test,liquid,141,89874,42360
test,liquid,141,53167,42365
test,liquid,141,95119,42368
test,liquid,141,3769,42369
test,liquid,141,65142,42380
test,liquid,141,12456,42384
test,liquid,141,78741,42385
test,liquid,141,100193,42393
test,liquid,141,219,42437
test,liquid,141,22939,42439
test,liquid,141,19592,42442
test,liquid,141,104904,42445
test,liquid,141,47437,42456
test,liquid,141,105498,42470
test,liquid,141,37495,42473
test,liquid,141,44308,42481
test,liquid,141,92710,42482
test,liquid,141,14914,42490
test,liquid,141,60872,42498
test,liquid,141,36076,42505
test,liquid,141,43,42511
test,liquid,141,40687,42522
test,liquid,141,67040,42526
test,liquid,141,18452,42529
test,liquid,141,51508,42550
test,liquid,141,6912,42554
test,liquid,141,16933,42561
test,liquid,141,75851,42579
test,liquid,141,87441,42583
test,liquid,141,47253,42587
test,liquid,141,66845,42599
test,liquid,155,76216,46502
test,liquid,155,71604,46506
test,liquid,155,32220,46510
test,liquid,155,54603,46530
test,liquid,155,39510,46534
test,liquid,155,107653,46549
test,liquid,155,15942,46553
test,liquid,155,32825,46555
test,liquid,155,101420,46574
test,liquid,155,69069,46575
test,liquid,155,48108,46582
test,liquid,155,72540,46589
test,liquid,155,50443,46595
test,liquid,155,39379,46596
test,liquid,155,28456,46621
test,liquid,155,14682,46625
test,liquid,155,23502,46650
test,liquid,155,70081,46654
test,liquid,155,97085,46661
test,liquid,155,80907,46666
test,liquid,155,78809,46675
test,liquid,155,54822,46677
test,liquid,155,22580,46731
test,liquid,155,2666,46733
test,liquid,155,60094,46735
test,liquid,155,93807,46739
test,liquid,155,78244,46749
test,liquid,155,43059,46759
test,liquid,155,91884,46761
test,liquid,155,80749,46762
test,liquid,155,49991,46769
test,liquid,155,18393,46791
test,liquid,156,16363,46801
test,liquid,156,4202,46806
test,liquid,156,76163,46825
test,liquid,156,37101,46829
test,liquid,156,40172,46838
test,liquid,156,25698,46852
test,liquid,156,15025,46857
test,liquid,156,42396,46865
test,liquid,156,93110,46868
test,liquid,156,53607,46871
test,liquid,156,78285,46878
test,liquid,156,45135,46879
test,liquid,156,51615,46910
test,liquid,156,16863,46919
test,liquid,156,52909,46923
test,liquid,156,10562,46939
test,liquid,156,17497,46968
test,liquid,156,38192,46974
test,liquid,156,84298,46982
test,liquid,156,67744,46990
test,liquid,156,98190,47013
test,liquid,156,23987,47038
test,liquid,156,21218,47039
test,liquid,156,74724,47064
test,liquid,156,104724,47089
test,liquid,161,86365,48306
test,liquid,161,93383,48311
test,liquid,161,27098,48314
test,liquid,161,25784,48315
test,liquid,161,16562,48324
test,liquid,161,20069,48327
test,liquid,161,44911,48360
test,liquid,161,68947,48363
test,liquid,161,86137,48370
test,liquid,161,33864,48378
test,liquid,161,52564,48381
test,liquid,161,28797,48385
test,liquid,161,47890,48389
test,liquid,161,75009,48393
test,liquid,161,66542,48395
test,liquid,161,95120,48403
test,liquid,161,35400,48405
test,liquid,161,56589,48408
test,liquid,161,64469,48427
test,liquid,161,12738,48434
test,liquid,161,74397,48445
test,liquid,161,107016,48461
test,liquid,161,38761,48465
test,liquid,161,40253,48469
test,liquid,161,75716,48471
test,liquid,161,61689,48489
test,liquid,161,75295,48514
test,liquid,161,20293,48518
test,liquid,161,53406,48529
test,liquid,161,7251,48531
test,liquid,161,17561,48539
test,liquid,161,28657,48549
test,liquid,161,81957,48554
test,liquid,161,57437,48564
test,liquid,161,8541,48573
test,liquid,161,77338,48587
test,liquid,161,22936,48596
test,liquid,165,66005,49507
test,liquid,165,20547,49509
test,liquid,165,97922,49518
test,liquid,165,38015,49525
test,liquid,165,52086,49526
test,liquid,165,59834,49527
test,liquid,165,96788,49534
test,liquid,165,74001,49537
test,liquid,165,84116,49546
test,liquid,165,60233,49552
test,liquid,165,10184,49569
test,liquid,165,46929,49573
test,liquid,165,75857,49575
test,liquid,165,77324,49588
test,liquid,165,9116,49599
test,liquid,165,24397,49606
test,liquid,165,104703,49609
test,liquid,165,93076,49612
test,liquid,165,2636,49615
test,liquid,165,51807,49623
test,liquid,165,61886,49626
test,liquid,165,46364,49630
test,liquid,165,2146,49641
test,liquid,165,25629,49648
test,liquid,165,42570,49657
test,liquid,165,62936,49669
test,liquid,165,101574,49682
test,liquid,165,97769,49687
test,liquid,165,89025,49690
test,liquid,165,94685,49707
test,liquid,165,102822,49725
test,liquid,165,58409,49726
test,liquid,165,94763,49739
test,liquid,165,98271,49750
test,liquid,165,103047,49756
test,liquid,165,99263,49783
test,liquid,165,48558,49787
test,liquid,165,66137,49794
test,liquid,175,38379,52515
test,liquid,175,8780,52520
test,liquid,175,67049,52528
test,liquid,175,99887,52532
test,liquid,175,95501,52536
test,liquid,175,19611,52549
test,liquid,175,44147,52556
test,liquid,175,95650,52563
test,liquid,175,19243,52565
test,liquid,175,1573,52567
test,liquid,175,25416,52573
test,liquid,175,100386,52586
test,liquid,175,44448,52587
test,liquid,175,57856,52589
test,liquid,175,56965,52607
test,liquid,175,77675,52614
test,liquid,175,74673,52622
test,liquid,175,42896,52627
test,liquid,175,84579,52646
test,liquid,175,25567,52648
test,liquid,175,8442,52654
test,liquid,175,6216,52696
test,liquid,175,29096,52706
test,liquid,175,24191,52741
test,liquid,175,34475,52756
test,liquid,175,72180,52769
test,liquid,175,72261,52771
test,liquid,175,19833,52782
test,liquid,175,25492,52791
test,liquid,175,50040,52793
test,liquid,175,76125,52797
test,liquid,176,84964,52808
test,liquid,176,45060,52841
test,liquid,176,89652,52845
test,liquid,176,17396,52858
test,liquid,176,43438,52860
test,liquid,176,2071,52863
test,liquid,176,57936,52880
test,liquid,176,21760,52907
test,liquid,176,36004,52918
test,liquid,176,37188,52932
test,liquid,176,56077,52945
test,liquid,176,66166,52949
test,liquid,176,86915,52954
test,liquid,176,57126,52962
test,liquid,176,76817,52965
test,liquid,176,23895,52978
test,liquid,176,39631,52985
test,liquid,176,58595,52989
test,liquid,176,106799,52990
test,liquid,176,22607,53019
test,liquid,176,81811,53030
test,liquid,176,3081,53035
test,liquid,176,106313,53048
test,liquid,176,81371,53061
test,liquid,176,22200,53062
test,liquid,176,91865,53084
test,liquid,176,20287,53096
test,liquid,181,105726,54300
test,liquid,181,74488,54301
test,liquid,181,61149,54321
test,liquid,181,89892,54327
test,liquid,181,46318,54332
test,liquid,181,43807,54335
test,liquid,181,102296,54338
test,liquid,181,30196,54362
test,liquid,181,60705,54365
test,liquid,181,11524,54379
test,liquid,181,91388,54390
test,liquid,181,95662,54412
test,liquid,181,104442,54413
test,liquid,181,101256,54429
test,liquid,181,36932,54430
test,liquid,181,23918,54440
test,liquid,181,15608,54443
test,liquid,181,23759,54447
test,liquid,181,1427,54450
test,liquid,181,66699,54452
test,liquid,181,43052,54459
test,liquid,181,83931,54463
test,liquid,181,13731,54470
test,liquid,181,35852,54495
test,liquid,181,95082,54497
test,liquid,181,72364,54532
test,liquid,181,40843,54534
test,liquid,181,55436,54541
test,liquid,181,79882,54544
test,liquid,181,372,54564
test,liquid,181,88655,54566
test,liquid,181,37328,54572
test,liquid,181,40387,54583
test,liquid,181,64197,54588
test,liquid,181,76751,54592
test,liquid,181,17657,54598
test,liquid,181,77383,54599
test,liquid,184,31748,55200
test,liquid,184,59324,55212
test,liquid,184,77207,55213
test,liquid,184,66278,55243
test,liquid,184,90153,55253
test,liquid,184,106544,55259
test,liquid,184,25712,55265
test,liquid,184,97687,55288
test,liquid,184,63560,55301
test,liquid,184,74118,55311
test,liquid,184,35361,55312
test,liquid,184,19855,55313
test,liquid,184,38300,55315
test,liquid,184,101424,55316
test,liquid,184,43201,55319
test,liquid,184,58523,55322
test,liquid,184,86563,55326
test,liquid,184,33780,55329
test,liquid,184,17503,55350
test,liquid,184,68358,55353
test,liquid,184,70617,55370
test,liquid,184,12596,55389
test,liquid,184,94263,55397
test,liquid,184,36051,55405
test,liquid,184,47324,55421
test,liquid,184,65580,55428
test,liquid,184,23927,55431
test,liquid,184,77441,55437
test,liquid,184,19476,55438
test,liquid,184,94855,55439
test,liquid,184,16366,55444
test,liquid,184,55635,55451
test,liquid,184,784,55486
test,liquid,187,50485,56109
test,liquid,187,29129,56114
test,liquid,187,20885,56136
test,liquid,187,13741,56141
test,liquid,187,103545,56147
test,liquid,187,82425,56167
test,liquid,187,66981,56173
test,liquid,187,39278,56177
test,liquid,187,63008,56178
test,liquid,187,10687,56183
test,liquid,187,1725,56185
test,liquid,187,71829,56189
test,liquid,187,83985,56190
test,liquid,187,77015,56191
test,liquid,187,8513,56196
test,liquid,187,26441,56197
test,liquid,187,20120,56209
test,liquid,187,84568,56226
test,liquid,187,1619,56241
test,liquid,187,91142,56254
test,liquid,187,66984,56256
test,liquid,187,104947,56265
test,liquid,187,67490,56281
test,liquid,187,4679,56287
test,liquid,187,35986,56291
test,liquid,187,74151,56293
test,liquid,187,23720,56310
test,liquid,187,40899,56335
test,liquid,187,10244,56338
test,liquid,187,84602,56345
test,liquid,187,4781,56348
test,liquid,187,99695,56354
test,liquid,187,99879,56363
test,liquid,187,3334,56372
test,liquid,187,18918,56386
test,liquid,201,72015,60310
test,liquid,201,19196,60315
test,liquid,201,15461,60325
test,liquid,201,84637,60326
test,liquid,201,106917,60332
test,liquid,201,24559,60338
test,liquid,201,59733,60344
test,liquid,201,74956,60349
test,liquid,201,92249,60369
test,liquid,201,84876,60372
test,liquid,201,95020,60379
test,liquid,201,51840,60404
test,liquid,201,77696,60409
test,liquid,201,89350,60415
test,liquid,201,20467,60419
test,liquid,201,16446,60430
test,liquid,201,94831,60456
test,liquid,201,97910,60464
test,liquid,201,52981,60493
test,liquid,201,23317,60507
test,liquid,201,97199,60513
test,liquid,201,38740,60522
test,liquid,201,1096,60536
test,liquid,201,4695,60568
test,liquid,201,9620,60580
test,liquid,201,4600,60588
test,liquid,203,45843,60901
test,liquid,203,93999,60923
test,liquid,203,96857,60943
test,liquid,203,17979,60948
test,liquid,203,18261,60949
test,liquid,203,78797,60962
test,liquid,203,9473,60963
test,liquid,203,30664,60980
test,liquid,203,56315,60997
test,liquid,203,74957,61000
test,liquid,203,106436,61017
test,liquid,203,45814,61018
test,liquid,203,16329,61029
test,liquid,203,56244,61036
test,liquid,203,33693,61039
test,liquid,203,86055,61043
test,liquid,203,85336,61054
test,liquid,203,101432,61062
test,liquid,203,43667,61065
test,liquid,203,17489,61085
test,liquid,203,102113,61103
test,liquid,203,74034,61119
test,liquid,203,71813,61134
test,liquid,203,50259,61149
test,liquid,203,24491,61153
test,liquid,203,3672,61159
test,liquid,203,98472,61161
test,liquid,203,78122,61164
test,liquid,203,83383,61171
test,liquid,203,41083,61174
test,liquid,203,26209,61183
test,liquid,203,11562,61196
test,liquid,213,76242,63913
test,liquid,213,6632,63927
test,liquid,213,56010,63930
test,liquid,213,82418,63932
test,liquid,213,85525,63940
test,liquid,213,71399,63944
test,liquid,213,74435,63954
test,liquid,213,6391,63955
test,liquid,213,55749,63969
test,liquid,213,60802,63971
test,liquid,213,63918,63975
test,liquid,213,37098,63980
test,liquid,213,60337,63982
test,liquid,213,34435,63987
test,liquid,213,34177,63994
test,liquid,213,2912,64000
test,liquid,213,32456,64001
test,liquid,213,4177,64005
test,liquid,213,91554,64009
test,liquid,213,72921,64011
test,liquid,213,76675,64015
test,liquid,213,38784,64017
test,liquid,213,44605,64026
test,liquid,213,41164,64031
test,liquid,213,83352,64032
test,liquid,213,92151,64047
test,liquid,213,27152,64053
test,liquid,213,84465,64068
test,liquid,213,87544,64082
test,liquid,213,23463,64086
test,liquid,213,100759,64088
test,liquid,213,69096,64089
test,liquid,213,33995,64091
test,liquid,213,42249,64094
test,liquid,213,79736,64095
test,liquid,213,34278,64102
test,liquid,213,21653,64121
test,liquid,213,54692,64134
test,liquid,213,67632,64135
test,liquid,213,37898,64149
test,liquid,213,100125,64161
test,liquid,213,28208,64181
test,liquid,213,5776,64185
test,liquid,217,17123,65103
test,liquid,217,85113,65104
test,liquid,217,55729,65122
test,liquid,217,87306,65124
test,liquid,217,107885,65126
test,liquid,217,7495,65129
test,liquid,217,61966,65131
test,liquid,217,38875,65144
test,liquid,217,45250,65148
test,liquid,217,54738,65157
test,liquid,217,101554,65164
test,liquid,217,3528,65166
test,liquid,217,26527,65180
test,liquid,217,79733,65183
test,liquid,217,65403,65192
test,liquid,217,59657,65193
test,liquid,217,70843,65212
test,liquid,217,83135,65243
test,liquid,217,23804,65244
test,liquid,217,48639,65248
test,liquid,217,41425,65253
test,liquid,217,24395,65258
test,liquid,217,32056,65264
test,liquid,217,4862,65276
test,liquid,217,74100,65290
test,liquid,217,92774,65293
test,liquid,217,92207,65294
test,liquid,217,62886,65300
test,liquid,217,60213,65306
test,liquid,217,18431,65313
test,liquid,217,75494,65317
test,liquid,217,88599,65335
test,liquid,217,741,65344
test,liquid,217,2642,65366
test,liquid,217,43891,65370
test,liquid,217,9569,65383
test,liquid,217,40818,65390
test,liquid,217,35326,65391
test,liquid,242,77784,72604
test,liquid,242,90399,72611
test,liquid,242,61137,72624
test,liquid,242,70924,72629
test,liquid,242,96328,72630
test,liquid,242,105157,72636
test,liquid,242,83927,72649
test,liquid,242,61639,72669
test,liquid,242,75316,72672
test,liquid,242,55722,72673
test,liquid,242,102782,72690
test,liquid,242,52110,72725
test,liquid,242,72947,72726
test,liquid,242,31981,72734
test,liquid,242,45274,72736
test,liquid,242,5723,72788
test,liquid,242,65570,72797
test,liquid,242,31283,72800
test,liquid,242,53643,72813
test,liquid,242,89099,72828
test,liquid,242,54060,72830
test,liquid,242,46433,72837
test,liquid,242,38902,72841
test,liquid,242,68986,72852
test,liquid,242,6125,72877
test,liquid,242,50679,72891
test,liquid,242,102141,72895
test,liquid,249,74437,74712
test,liquid,249,69688,74719
test,liquid,249,40252,74726
test,liquid,249,85539,74727
test,liquid,249,64520,74733
test,liquid,249,37716,74738
test,liquid,249,2103,74747
test,liquid,249,33803,74756
test,liquid,249,66850,74759
test,liquid,249,55199,74763
test,liquid,249,82384,74768
test,liquid,249,105527,74786
test,liquid,249,19326,74788
test,liquid,249,72764,74793
test,liquid,249,40055,74810
test,liquid,249,31392,74813
test,liquid,249,69510,74825
test,liquid,249,83188,74830
test,liquid,249,99476,74846
test,liquid,249,91321,74859
test,liquid,249,43083,74864
test,liquid,249,49332,74866
test,liquid,249,96426,74880
test,liquid,249,98813,74883
test,liquid,249,90199,74887
test,liquid,249,19119,74892
test,liquid,249,73344,74896
test,liquid,249,46115,74898
test,liquid,249,14669,74900
test,liquid,249,1119,74913
test,liquid,249,25856,74915
test,liquid,249,78068,74917
test,liquid,249,95697,74927
test,liquid,249,59270,74936
test,liquid,249,23798,74947
test,liquid,249,59973,74956
test,liquid,249,91530,74959
test,liquid,249,62894,74961
test,liquid,249,53337,74967
test,liquid,249,102941,74992
test,liquid,252,39536,75601
test,liquid,252,84610,75609
test,liquid,252,81440,75625
test,liquid,252,8455,75647
test,liquid,252,71132,75649
test,liquid,252,78948,75654
test,liquid,252,45286,75660
test,liquid,252,23284,75664
test,liquid,252,23108,75669
test,liquid,252,34282,75675
test,liquid,252,2502,75677
test,liquid,252,77141,75685
test,liquid,252,3440,75689
test,liquid,252,33467,75695
test,liquid,252,45941,75698
test,liquid,252,26221,75700
test,liquid,252,53235,75704
test,liquid,252,24886,75705
test,liquid,252,5188,75709
test,liquid,252,71790,75711
test,liquid,252,90499,75713
test,liquid,252,985,75718
test,liquid,252,68200,75719
test,liquid,252,578,75725
test,liquid,252,88697,75735
test,liquid,252,17517,75748
test,liquid,252,23365,75757
test,liquid,252,38652,75773
test,liquid,252,43809,75783
test,liquid,252,55579,75815
test,liquid,252,67794,75834
test,liquid,252,66915,75837
test,liquid,252,67430,75840
test,liquid,252,34172,75848
test,liquid,252,9599,75854
test,liquid,252,65448,75856
test,liquid,252,83646,75863
test,liquid,252,103501,75867
test,liquid,252,25153,75886
test,liquid,252,89814,75894
test,liquid,255,10995,76503
test,liquid,255,74209,76505
test,liquid,255,24239,76513
test,liquid,255,23405,76516
test,liquid,255,49033,76523
test,liquid,255,89825,76537
test,liquid,255,17043,76549
test,liquid,255,46378,76564
test,liquid,255,106223,76567
test,liquid,255,18108,76584
test,liquid,255,84615,76593
test,liquid,255,89467,76598
test,liquid,255,54178,76600
test,liquid,255,32755,76604
test,liquid,255,36076,76618
test,liquid,255,99864,76626
test,liquid,255,18943,76629
test,liquid,255,62539,76630
test,liquid,255,79036,76668
test,liquid,255,10333,76671
test,liquid,255,106759,76673
test,liquid,255,63929,76677
test,liquid,255,75466,76685
test,liquid,255,44457,76700
test,liquid,255,55564,76708
test,liquid,255,100329,76728
test,liquid,255,107159,76736
test,liquid,255,95508,76755
test,liquid,255,78763,76757
test,liquid,255,22225,76765
test,liquid,255,58697,76778
test,liquid,255,34101,76796
test,liquid,255,50423,76798
test,liquid,263,86428,78913
test,liquid,263,65782,78918
test,liquid,263,81450,78925
test,liquid,263,7116,78937
test,liquid,263,26453,78946
test,liquid,263,69786,78947
test,liquid,263,37852,78949
test,liquid,263,95614,78950
test,liquid,263,30739,78988
test,liquid,263,14755,79015
test,liquid,263,60084,79037
test,liquid,263,58135,79038
test,liquid,263,96045,79041
test,liquid,263,92596,79065
test,liquid,263,92179,79073
test,liquid,263,14818,79078
test,liquid,263,51301,79100
test,liquid,263,96769,79104
test,liquid,263,46687,79107
test,liquid,263,82113,79133
test,liquid,263,93890,79164
test,liquid,263,106380,79175
test,liquid,263,42947,79178
test,liquid,264,94771,79214
test,liquid,264,10421,79218
test,liquid,264,33212,79231
test,liquid,264,11448,79232
test,liquid,264,50006,79237
test,liquid,264,43803,79247
test,liquid,264,9526,79258
test,liquid,264,93168,79259
test,liquid,264,82193,79261
test,liquid,264,3040,79262
test,liquid,264,46210,79277
test,liquid,264,93143,79291
test,liquid,264,75513,79295
test,liquid,264,66124,79303
test,liquid,264,106596,79308
test,liquid,264,66380,79320
test,liquid,264,12296,79325
test,liquid,264,88411,79333
test,liquid,264,65059,79358
test,liquid,264,31560,79366
test,liquid,264,56015,79368
test,liquid,264,8618,79377
test,liquid,264,102585,79382
test,liquid,264,2207,79388
test,liquid,264,29040,79391
test,liquid,264,82990,79394
test,liquid,264,14258,79399
test,liquid,264,12817,79448
test,liquid,264,51345,79457
test,liquid,264,80362,79472
test,liquid,264,34337,79479
test,liquid,264,28535,79489
test,liquid,271,76066,81345
test,liquid,271,79530,81362
test,liquid,271,42107,81385
test,liquid,271,54051,81389
test,liquid,271,64371,81396
test,liquid,271,30960,81409
test,liquid,271,59194,81413
test,liquid,271,68721,81426
test,liquid,271,15633,81432
test,liquid,271,38287,81465
test,liquid,271,39543,81467
test,liquid,271,50640,81474
test,liquid,271,64243,81475
test,liquid,271,50751,81483
test,liquid,271,71431,81495
test,liquid,271,77423,81496
test,liquid,271,4177,81500
test,liquid,271,79864,81504
test,liquid,271,38357,81517
test,liquid,271,16410,81520
test,liquid,271,107861,81521
test,liquid,271,76592,81523
test,liquid,271,46218,81524
test,liquid,271,96226,81527
test,liquid,271,38589,81569
test,liquid,271,59130,81575
test,liquid,271,102492,81578
test,liquid,271,56210,81588
test,liquid,271,70700,81595
test,liquid,285,103192,85505
test,liquid,285,52863,85511
test,liquid,285,9869,85515
test,liquid,285,76613,85517
test,liquid,285,58994,85536
test,liquid,285,34129,85545
test,liquid,285,63945,85547
test,liquid,285,22472,85554
test,liquid,285,27577,85558
test,liquid,285,39248,85564
test,liquid,285,62598,85588
test,liquid,285,86119,85599
test,liquid,285,35468,85603
test,liquid,285,69631,85610
test,liquid,285,79962,85613
test,liquid,285,37400,85614
test,liquid,285,62344,85615
test,liquid,285,45105,85617
test,liquid,285,50536,85627
test,liquid,285,79520,85654
test,liquid,285,36695,85659
test,liquid,285,46422,85686
test,liquid,285,2638,85689
test,liquid,285,27445,85698
test,liquid,285,82692,85714
test,liquid,285,88871,85716
test,liquid,285,76027,85724
test,liquid,285,92718,85737
test,liquid,285,89057,85743
test,liquid,285,18188,85746
test,liquid,285,42570,85748
test,liquid,285,88505,85750
test,liquid,285,37583,85757
test,liquid,285,99135,85766
test,liquid,285,63155,85774
test,liquid,285,47531,85782
test,liquid,285,17698,85794
test,liquid,285,59292,85796
test,liquid,291,65654,87308
test,liquid,291,56760,87309
test,liquid,291,15986,87313
test,liquid,291,105184,87317
test,liquid,291,104657,87318
test,liquid,291,53766,87324
test,liquid,291,68803,87358
test,liquid,291,3191,87359
test,liquid,291,6028,87375
test,liquid,291,103424,87377
test,liquid,291,85511,87380
test,liquid,291,62998,87397
test,liquid,291,32697,87398
test,liquid,291,49014,87426
test,liquid,291,16194,87428
test,liquid,291,7328,87437
test,liquid,291,1752,87439
test,liquid,291,41144,87447
test,liquid,291,43219,87464
test,liquid,291,85436,87471
test,liquid,291,45719,87474
test,liquid,291,7730,87482
test,liquid,291,24642,87487
test,liquid,291,69634,87495
test,liquid,291,57979,87496
test,liquid,291,35166,87508
test,liquid,291,40419,87514
test,liquid,291,98408,87522
test,liquid,291,81142,87526
test,liquid,291,49262,87527
test,liquid,291,67942,87537
test,liquid,291,46103,87595
test,liquid,291,69421,87596
test,liquid,294,48647,88206
test,liquid,294,106519,88218
test,liquid,294,90616,88241
test,liquid,294,32242,88243
test,liquid,294,61712,88244
test,liquid,294,78767,88248
test,liquid,294,28340,88249
test,liquid,294,66023,88257
test,liquid,294,107837,88265
test,liquid,294,26379,88273
test,liquid,294,55899,88285
test,liquid,294,41866,88287
test,liquid,294,43645,88298
test,liquid,294,23188,88299
test,liquid,294,54827,88309
test,liquid,294,103879,88329
test,liquid,294,51039,88342
test,liquid,294,82456,88357
test,liquid,294,21753,88360
test,liquid,294,91194,88367
test,liquid,294,65802,88375
test,liquid,294,97057,88380
test,liquid,294,48944,88387
test,liquid,294,32644,88423
test,liquid,294,93629,88427
test,liquid,294,89097,88448
test,liquid,294,97963,88456
test,liquid,294,16197,88459
test,liquid,294,1128,88465
test,liquid,294,37992,88483
